Enter time(ns); Leave Time(ns); Queueing delay(ns); Content Length
1767525948033 1767525948038 5 64
1767525948065 1767525948069 4 56
1767525948065 1767525948069 4 93
1767525948089 1767525948093 4 56
1767525948089 1767525948093 4 60
1767525948153 1767525948157 4 177
1767525948182 1767525948183 1 64
1767525948209 1767525948213 4 56
1767525948209 1767525948213 4 93
1767525948222 1767525948225 3 56
1767525948249 1767525948250 1 56
1767525948249 1767525948250 1 1504
1767525948249 1767525948250 1 1504
1767525948249 1767525948250 1 1504
1767525948249 1767525948250 1 1504
1767525948249 1767525948250 1 1504
1767525948249 1767525948250 1 1504
1767525948249 1767525948250 1 1504
1767525948249 1767525948250 1 1504
1767525948249 1767525948250 1 1504
1767525948249 1767525948250 1 1504
1767525948269 1767525948273 4 1504
1767525948270 1767525948273 3 1504
1767525948270 1767525948273 3 1504
1767525948272 1767525948273 1 1504
1767525948272 1767525948273 1 1504
1767525948274 1767525948279 5 1504
1767525948274 1767525948279 5 1504
1767525948276 1767525948279 3 1504
1767525948276 1767525948279 3 1504
1767525948277 1767525948279 2 1504
1767525948277 1767525948279 2 1504
1767525948279 1767525948281 2 1504
1767525948279 1767525948281 2 1504
1767525948281 1767525948285 4 1504
1767525948297 1767525948302 5 1504
1767525948297 1767525948302 5 1504
1767525948298 1767525948302 4 1504
1767525948298 1767525948302 4 1504
1767525948299 1767525948302 3 1504
1767525948299 1767525948302 3 1504
1767525948300 1767525948302 2 1504
1767525948300 1767525948302 2 1504
1767525948302 1767525948305 3 1504
1767525948302 1767525948305 3 1504
1767525948303 1767525948305 2 1504
1767525948303 1767525948305 2 1504
1767525948304 1767525948305 1 1504
1767525948304 1767525948305 1 1504
1767525948305 1767525948309 4 1504
1767525948305 1767525948309 4 1504
1767525948306 1767525948309 3 1504
1767525948306 1767525948309 3 1504
1767525948307 1767525948309 2 1504
1767525948307 1767525948309 2 1504
1767525948308 1767525948309 1 1504
1767525948308 1767525948309 1 1504
1767525948309 1767525948313 4 1504
1767525948309 1767525948313 4 1504
1767525948310 1767525948313 3 1504
1767525948310 1767525948313 3 1504
1767525948325 1767525948329 4 1504
1767525948325 1767525948329 4 1504
1767525948325 1767525948329 4 1504
1767525948325 1767525948329 4 1504
1767525948326 1767525948329 3 1504
1767525948326 1767525948329 3 1504
1767525948327 1767525948329 2 1504
1767525948327 1767525948329 2 1504
1767525948328 1767525948329 1 1504
1767525948328 1767525948329 1 1504
1767525948328 1767525948329 1 1504
1767525948328 1767525948329 1 1504
1767525948329 1767525948333 4 1504
1767525948329 1767525948333 4 1504
1767525948330 1767525948333 3 1504
1767525948330 1767525948333 3 1504
1767525948331 1767525948333 2 1504
1767525948331 1767525948333 2 1504
1767525948331 1767525948333 2 1504
1767525948331 1767525948333 2 1504
1767525948332 1767525948333 1 1504
1767525948332 1767525948333 1 1504
1767525948332 1767525948333 1 1504
1767525948332 1767525948333 1 1504
1767525948333 1767525948337 4 1504
1767525948333 1767525948337 4 1504
1767525948334 1767525948337 3 1504
1767525948334 1767525948337 3 1504
1767525948335 1767525948337 2 1504
1767525948335 1767525948337 2 1504
1767525948336 1767525948337 1 1504
1767525948336 1767525948337 1 1504
1767525948337 1767525948341 4 1504
1767525948337 1767525948341 4 1504
1767525948338 1767525948341 3 1504
1767525948338 1767525948341 3 1504
1767525948339 1767525948341 2 1504
1767525948339 1767525948342 3 1504
1767525948339 1767525948342 3 1504
1767525948340 1767525948342 2 1504
1767525948340 1767525948342 2 1504
1767525948340 1767525948342 2 1504
1767525948341 1767525948345 4 1504
1767525948341 1767525948345 4 1504
1767525948342 1767525948346 4 1504
1767525948342 1767525948346 4 1504
1767525948349 1767525948350 1 1504
1767525948349 1767525948350 1 1504
1767525948349 1767525948350 1 1504
1767525948349 1767525948350 1 1504
1767525948350 1767525948354 4 1504
1767525948351 1767525948355 4 1504
1767525948351 1767525948355 4 1504
1767525948352 1767525948355 3 1504
1767525948352 1767525948355 3 1504
1767525948353 1767525948355 2 1504
1767525948353 1767525948355 2 1504
1767525948353 1767525948355 2 1504
1767525948353 1767525948355 2 1504
1767525948354 1767525948355 1 1504
1767525948354 1767525948355 1 1504
1767525948355 1767525948357 2 1504
1767525948355 1767525948357 2 1504
1767525948356 1767525948357 1 1504
1767525948356 1767525948357 1 1504
1767525948357 1767525948361 4 1504
1767525948357 1767525948361 4 1504
1767525948358 1767525948361 3 1504
1767525948358 1767525948361 3 1504
1767525948359 1767525948361 2 1504
1767525948359 1767525948361 2 1504
1767525948360 1767525948361 1 1504
1767525948360 1767525948361 1 1504
1767525948360 1767525948361 1 1504
1767525948360 1767525948361 1 1504
1767525948361 1767525948365 4 1504
1767525948361 1767525948365 4 1504
1767525948362 1767525948365 3 1504
1767525948362 1767525948365 3 1504
1767525948365 1767525948369 4 1504
1767525948365 1767525948369 4 1504
1767525948365 1767525948369 4 1504
1767525948365 1767525948369 4 1504
1767525948366 1767525948369 3 1504
1767525948366 1767525948369 3 1504
1767525948367 1767525948369 2 1504
1767525948367 1767525948369 2 1504
1767525948368 1767525948369 1 1504
1767525948368 1767525948369 1 1504
1767525948369 1767525948373 4 1504
1767525948369 1767525948373 4 1504
1767525948370 1767525948373 3 1504
1767525948370 1767525948373 3 1504
1767525948373 1767525948377 4 1504
1767525948373 1767525948377 4 1504
1767525948373 1767525948377 4 1504
1767525948377 1767525948381 4 1504
1767525948377 1767525948381 4 1504
1767525948377 1767525948381 4 1504
1767525948378 1767525948381 3 1504
1767525948378 1767525948381 3 1504
1767525948379 1767525948381 2 1504
1767525948379 1767525948381 2 1504
1767525948380 1767525948381 1 1504
1767525948380 1767525948381 1 1504
1767525948381 1767525948385 4 1504
1767525948381 1767525948385 4 1504
1767525948382 1767525948385 3 1504
1767525948382 1767525948385 3 1504
1767525948383 1767525948385 2 1504
1767525948383 1767525948385 2 1504
1767525948385 1767525948389 4 1504
1767525948385 1767525948389 4 1504
1767525948385 1767525948389 4 1504
1767525948385 1767525948389 4 1504
1767525948386 1767525948389 3 1504
1767525948386 1767525948389 3 1504
1767525948387 1767525948389 2 1504
1767525948387 1767525948389 2 1504
1767525948388 1767525948389 1 1504
1767525948388 1767525948389 1 1504
1767525948389 1767525948394 5 1504
1767525948389 1767525948395 6 1504
1767525948390 1767525948395 5 1504
1767525948390 1767525948395 5 1504
1767525948395 1767525948397 2 1504
1767525948395 1767525948397 2 1504
1767525948395 1767525948397 2 1504
1767525948395 1767525948397 2 1504
1767525948396 1767525948397 1 1504
1767525948396 1767525948397 1 1504
1767525948397 1767525948402 5 1504
1767525948397 1767525948403 6 1504
1767525948398 1767525948403 5 1504
1767525948398 1767525948403 5 1504
1767525948399 1767525948403 4 1504
1767525948399 1767525948403 4 1504
1767525948400 1767525948403 3 1504
1767525948400 1767525948403 3 1504
1767525948401 1767525948403 2 1504
1767525948401 1767525948403 2 1504
1767525948402 1767525948404 2 1504
1767525948402 1767525948404 2 1504
1767525948402 1767525948404 2 1504
1767525948402 1767525948404 2 1504
1767525948403 1767525948405 2 1504
1767525948403 1767525948405 2 1504
1767525948404 1767525948405 1 1504
1767525948404 1767525948405 1 1504
1767525948405 1767525948410 5 1504
1767525948405 1767525948411 6 1504
1767525948406 1767525948411 5 1504
1767525948406 1767525948411 5 1504
1767525948407 1767525948411 4 1504
1767525948407 1767525948411 4 1504
1767525948408 1767525948411 3 1504
1767525948408 1767525948411 3 1504
1767525948409 1767525948411 2 1504
1767525948409 1767525948411 2 1504
1767525948410 1767525948411 1 1504
1767525948410 1767525948411 1 1504
1767525948410 1767525948411 1 1504
1767525948410 1767525948411 1 1504
1767525948411 1767525948413 2 1504
1767525948411 1767525948413 2 1504
1767525948412 1767525948413 1 1504
1767525948412 1767525948413 1 1504
1767525948413 1767525948418 5 1504
1767525948413 1767525948419 6 1504
1767525948418 1767525948419 1 1504
1767525948418 1767525948419 1 1504
1767525948418 1767525948419 1 1504
1767525948419 1767525948421 2 1504
1767525948419 1767525948421 2 1504
1767525948420 1767525948421 1 1504
1767525948420 1767525948421 1 1504
1767525948421 1767525948425 4 1504
1767525948421 1767525948425 4 1504
1767525948429 1767525948433 4 1504
1767525948429 1767525948433 4 1504
1767525948429 1767525948433 4 80
1767525948429 1767525948433 4 52
1767525948430 1767525948433 3 1504
1767525948430 1767525948433 3 1504
1767525948431 1767525948433 2 1504
1767525948431 1767525948433 2 1504
1767525948432 1767525948433 1 1504
1767525948432 1767525948433 1 1504
1767525948433 1767525948437 4 1504
1767525948433 1767525948438 5 1504
1767525948433 1767525948438 5 80
1767525948434 1767525948438 4 1504
1767525948434 1767525948438 4 1504
1767525948435 1767525948438 3 1504
1767525948435 1767525948438 3 1504
1767525948436 1767525948438 2 1504
1767525948436 1767525948438 2 1504
1767525948436 1767525948438 2 1504
1767525948436 1767525948438 2 1504
1767525948437 1767525948441 4 1504
1767525948437 1767525948441 4 1504
1767525948438 1767525948441 3 56
1767525948438 1767525948441 3 1504
1767525948438 1767525948441 3 1504
1767525948439 1767525948441 2 1504
1767525948439 1767525948441 2 1504
1767525948440 1767525948441 1 1504
1767525948440 1767525948441 1 1504
1767525948441 1767525948445 4 1504
1767525948441 1767525948445 4 1504
1767525948442 1767525948445 3 1504
1767525948442 1767525948445 3 1504
1767525948443 1767525948445 2 1504
1767525948443 1767525948445 2 1504
1767525948444 1767525948445 1 1504
1767525948444 1767525948445 1 1504
1767525948445 1767525948449 4 1504
1767525948445 1767525948449 4 1504
1767525948446 1767525948449 3 1504
1767525948446 1767525948449 3 1504
1767525948447 1767525948449 2 1504
1767525948447 1767525948449 2 1504
1767525948448 1767525948449 1 1504
1767525948448 1767525948449 1 1504
1767525948449 1767525948453 4 1504
1767525948449 1767525948453 4 1504
1767525948450 1767525948453 3 1504
1767525948450 1767525948453 3 1504
1767525948451 1767525948453 2 1504
1767525948451 1767525948453 2 1504
1767525948453 1767525948457 4 1504
1767525948454 1767525948457 3 1504
1767525948454 1767525948457 3 1504
1767525948455 1767525948457 2 1504
1767525948455 1767525948457 2 1504
1767525948455 1767525948457 2 1504
1767525948455 1767525948457 2 1504
1767525948457 1767525948461 4 1504
1767525948457 1767525948461 4 1504
1767525948458 1767525948461 3 1504
1767525948458 1767525948461 3 1504
1767525948458 1767525948461 3 1504
1767525948458 1767525948461 3 1504
1767525948459 1767525948461 2 1504
1767525948459 1767525948461 2 1504
1767525948460 1767525948461 1 1504
1767525948460 1767525948461 1 1504
1767525948461 1767525948465 4 1504
1767525948461 1767525948465 4 1504
1767525948462 1767525948465 3 1504
1767525948462 1767525948465 3 1504
1767525948463 1767525948465 2 1504
1767525948463 1767525948465 2 1504
1767525948464 1767525948465 1 1504
1767525948464 1767525948465 1 1504
1767525948465 1767525948469 4 1504
1767525948465 1767525948469 4 1504
1767525948465 1767525948469 4 1504
1767525948465 1767525948469 4 1504
1767525948466 1767525948469 3 1504
1767525948466 1767525948469 3 1504
1767525948467 1767525948469 2 1504
1767525948467 1767525948469 2 1504
1767525948469 1767525948473 4 1504
1767525948469 1767525948473 4 1504
1767525948470 1767525948473 3 1504
1767525948470 1767525948473 3 1504
1767525948470 1767525948473 3 1504
1767525948470 1767525948473 3 1504
1767525948471 1767525948473 2 1504
1767525948471 1767525948473 2 1504
1767525948477 1767525948481 4 1504
1767525948477 1767525948481 4 1504
1767525948477 1767525948481 4 1504
1767525948477 1767525948481 4 1504
1767525948478 1767525948481 3 1504
1767525948478 1767525948481 3 1504
1767525948479 1767525948481 2 1504
1767525948479 1767525948481 2 1504
1767525948481 1767525948485 4 1504
1767525948481 1767525948485 4 1504
1767525948481 1767525948485 4 1504
1767525948482 1767525948485 3 1504
1767525948482 1767525948485 3 1504
1767525948483 1767525948485 2 1504
1767525948483 1767525948485 2 1504
1767525948484 1767525948485 1 1504
1767525948484 1767525948485 1 1504
1767525948485 1767525948486 1 1504
1767525948485 1767525948486 1 1504
1767525948486 1767525948489 3 1504
1767525948486 1767525948489 3 1504
1767525948487 1767525948489 2 1504
1767525948487 1767525948489 2 1504
1767525948487 1767525948489 2 1504
1767525948487 1767525948489 2 1504
1767525948489 1767525948493 4 1504
1767525948489 1767525948493 4 1504
1767525948489 1767525948493 4 1504
1767525948489 1767525948493 4 1504
1767525948490 1767525948493 3 1504
1767525948490 1767525948493 3 1504
1767525948491 1767525948493 2 1504
1767525948491 1767525948493 2 1504
1767525948492 1767525948493 1 1504
1767525948492 1767525948493 1 1504
1767525948493 1767525948494 1 1504
1767525948493 1767525948494 1 1504
1767525948494 1767525948497 3 1504
1767525948494 1767525948497 3 1504
1767525948495 1767525948497 2 1504
1767525948495 1767525948497 2 1504
1767525948495 1767525948497 2 1504
1767525948495 1767525948497 2 1504
1767525948496 1767525948497 1 1504
1767525948496 1767525948497 1 1504
1767525948497 1767525948501 4 1504
1767525948497 1767525948501 4 1504
1767525948498 1767525948501 3 1504
1767525948498 1767525948501 3 1504
1767525948501 1767525948506 5 1504
1767525948501 1767525948507 6 1504
1767525948502 1767525948507 5 1504
1767525948502 1767525948507 5 1504
1767525948502 1767525948507 5 1504
1767525948503 1767525948507 4 1504
1767525948503 1767525948507 4 1504
1767525948506 1767525948507 1 1504
1767525948506 1767525948507 1 1504
1767525948507 1767525948509 2 1504
1767525948507 1767525948509 2 1504
1767525948507 1767525948509 2 1504
1767525948508 1767525948509 1 1504
1767525948508 1767525948509 1 1504
1767525948508 1767525948509 1 1504
1767525948509 1767525948513 4 1504
1767525948509 1767525948513 4 1504
1767525948510 1767525948513 3 1504
1767525948510 1767525948513 3 1504
1767525948513 1767525948518 5 1504
1767525948513 1767525948518 5 1504
1767525948514 1767525948518 4 1504
1767525948514 1767525948518 4 1504
1767525948514 1767525948518 4 1504
1767525948514 1767525948518 4 1504
1767525948521 1767525948525 4 1504
1767525948521 1767525948525 4 1504
1767525948521 1767525948525 4 1504
1767525948521 1767525948525 4 1504
1767525948522 1767525948525 3 1504
1767525948522 1767525948525 3 1504
1767525948523 1767525948525 2 1504
1767525948523 1767525948525 2 1504
1767525948524 1767525948525 1 1504
1767525948524 1767525948525 1 1504
1767525948525 1767525948529 4 1504
1767525948525 1767525948529 4 1504
1767525948526 1767525948529 3 1504
1767525948526 1767525948529 3 1504
1767525948527 1767525948529 2 1504
1767525948527 1767525948529 2 1504
1767525948528 1767525948529 1 1504
1767525948528 1767525948529 1 1504
1767525948529 1767525948533 4 1504
1767525948529 1767525948533 4 1504
1767525948530 1767525948533 3 1504
1767525948530 1767525948533 3 1504
1767525948531 1767525948533 2 1504
1767525948531 1767525948533 2 1504
1767525948532 1767525948533 1 1504
1767525948533 1767525948537 4 1504
1767525948533 1767525948537 4 1504
1767525948533 1767525948537 4 1504
1767525948533 1767525948537 4 1504
1767525948534 1767525948537 3 1504
1767525948534 1767525948537 3 1504
1767525948535 1767525948537 2 1504
1767525948535 1767525948537 2 1504
1767525948536 1767525948537 1 1504
1767525948536 1767525948537 1 1504
1767525948537 1767525948541 4 1504
1767525948537 1767525948541 4 1504
1767525948538 1767525948541 3 1504
1767525948538 1767525948541 3 1504
1767525948539 1767525948541 2 1504
1767525948539 1767525948541 2 1504
1767525948540 1767525948541 1 1504
1767525948540 1767525948541 1 1504
1767525948541 1767525948545 4 1504
1767525948541 1767525948545 4 1504
1767525948541 1767525948545 4 1504
1767525948541 1767525948545 4 1504
1767525948542 1767525948545 3 1504
1767525948542 1767525948545 3 1504
1767525948545 1767525948549 4 1504
1767525948545 1767525948549 4 1504
1767525948546 1767525948549 3 1504
1767525948546 1767525948549 3 1504
1767525948547 1767525948549 2 1504
1767525948547 1767525948549 2 1504
1767525948547 1767525948549 2 1504
1767525948547 1767525948549 2 1504
1767525948548 1767525948549 1 1504
1767525948548 1767525948549 1 1504
1767525948549 1767525948553 4 1504
1767525948549 1767525948553 4 1504
1767525948550 1767525948553 3 1504
1767525948550 1767525948553 3 1504
1767525948551 1767525948553 2 1504
1767525948551 1767525948553 2 1504
1767525948552 1767525948553 1 1504
1767525948552 1767525948553 1 1504
1767525948553 1767525948557 4 1504
1767525948553 1767525948557 4 1504
1767525948553 1767525948557 4 1504
1767525948554 1767525948557 3 1504
1767525948554 1767525948557 3 1504
1767525948555 1767525948557 2 1504
1767525948555 1767525948557 2 1504
1767525948561 1767525948565 4 1504
1767525948561 1767525948565 4 1504
1767525948562 1767525948565 3 1504
1767525948562 1767525948565 3 1504
1767525948565 1767525948569 4 1504
1767525948565 1767525948569 4 1504
1767525948565 1767525948569 4 1504
1767525948565 1767525948569 4 1504
1767525948565 1767525948569 4 1504
1767525948566 1767525948569 3 1504
1767525948569 1767525948570 1 1504
1767525948569 1767525948570 1 1504
1767525948569 1767525948570 1 1504
1767525948569 1767525948570 1 1504
1767525948570 1767525948573 3 1504
1767525948570 1767525948573 3 1504
1767525948570 1767525948573 3 1504
1767525948571 1767525948573 2 1504
1767525948571 1767525948573 2 1504
1767525948571 1767525948573 2 1504
1767525948573 1767525948577 4 1504
1767525948573 1767525948577 4 1504
1767525948573 1767525948577 4 1504
1767525948574 1767525948577 3 1504
1767525948574 1767525948577 3 1504
1767525948574 1767525948577 3 1504
1767525948575 1767525948577 2 1504
1767525948575 1767525948577 2 1504
1767525948577 1767525948582 5 1504
1767525948577 1767525948582 5 1504
1767525948577 1767525948582 5 1504
1767525948577 1767525948582 5 1504
1767525948577 1767525948582 5 1504
1767525948577 1767525948582 5 1504
1767525948577 1767525948582 5 1504
1767525948589 1767525948593 4 1504
1767525948589 1767525948593 4 1504
1767525948590 1767525948593 3 1504
1767525948590 1767525948593 3 1504
1767525948591 1767525948593 2 1504
1767525948591 1767525948593 2 1504
1767525948592 1767525948593 1 1504
1767525948593 1767525948597 4 1504
1767525948593 1767525948597 4 1504
1767525948594 1767525948597 3 1504
1767525948594 1767525948601 7 1504
1767525948595 1767525948601 6 1504
1767525948595 1767525948601 6 1504
1767525948597 1767525948601 4 1504
1767525948597 1767525948601 4 1504
1767525948598 1767525948601 3 1504
1767525948598 1767525948601 3 1504
1767525948599 1767525948606 7 1504
1767525948599 1767525948606 7 1504
1767525948601 1767525948606 5 1504
1767525948601 1767525948606 5 1504
1767525948602 1767525948606 4 1504
1767525948602 1767525948609 7 1504
1767525948603 1767525948609 6 1504
1767525948603 1767525948609 6 1504
1767525948604 1767525948609 5 1504
1767525948604 1767525948609 5 1504
1767525948606 1767525948609 3 1504
1767525948606 1767525948609 3 1504
1767525948607 1767525948609 2 1504
1767525948607 1767525948609 2 1504
1767525948608 1767525948609 1 1504
1767525948608 1767525948609 1 1504
1767525948609 1767525948613 4 1504
1767525948609 1767525948613 4 1504
1767525948617 1767525948621 4 1504
1767525948617 1767525948621 4 1504
1767525948618 1767525948621 3 1504
1767525948618 1767525948621 3 1504
1767525948619 1767525948621 2 1504
1767525948619 1767525948621 2 1504
1767525948620 1767525948621 1 1504
1767525948620 1767525948621 1 1504
1767525948621 1767525948625 4 1504
1767525948621 1767525948625 4 1504
1767525948625 1767525948629 4 1504
1767525948625 1767525948629 4 1504
1767525948626 1767525948629 3 1504
1767525948626 1767525948629 3 1504
1767525948627 1767525948629 2 1504
1767525948627 1767525948629 2 1504
1767525948628 1767525948629 1 1504
1767525948629 1767525948633 4 1504
1767525948629 1767525948633 4 1504
1767525948630 1767525948633 3 1504
1767525948630 1767525948633 3 1504
1767525948632 1767525948633 1 1504
1767525948632 1767525948633 1 1504
1767525948633 1767525948638 5 1504
1767525948633 1767525948638 5 1504
1767525948634 1767525948638 4 1504
1767525948634 1767525948638 4 1504
1767525948635 1767525948638 3 1504
1767525948635 1767525948638 3 1504
1767525948636 1767525948638 2 1504
1767525948636 1767525948638 2 1504
1767525948638 1767525948641 3 1504
1767525948638 1767525948641 3 1504
1767525948639 1767525948641 2 1504
1767525948639 1767525948641 2 1504
1767525948641 1767525948645 4 1504
1767525948641 1767525948645 4 1504
1767525948642 1767525948645 3 1504
1767525948642 1767525948645 3 1504
1767525948643 1767525948645 2 1504
1767525948643 1767525948645 2 1504
1767525948644 1767525948645 1 1504
1767525948644 1767525948645 1 1504
1767525948645 1767525948648 3 1504
1767525948646 1767525948648 2 1504
1767525948648 1767525948653 5 1504
1767525948648 1767525948654 6 1504
1767525948648 1767525948654 6 1504
1767525948648 1767525948654 6 1504
1767525948649 1767525948654 5 1504
1767525948649 1767525948654 5 1504
1767525948650 1767525948654 4 1504
1767525948650 1767525948654 4 1504
1767525948657 1767525948661 4 1504
1767525948657 1767525948661 4 1504
1767525948658 1767525948661 3 1504
1767525948658 1767525948661 3 1504
1767525948659 1767525948661 2 1504
1767525948659 1767525948661 2 1504
1767525948661 1767525948665 4 1504
1767525948661 1767525948665 4 1504
1767525948662 1767525948665 3 1504
1767525948662 1767525948665 3 1504
1767525948662 1767525948665 3 1504
1767525948663 1767525948665 2 1504
1767525948663 1767525948665 2 1504
1767525948665 1767525948669 4 1504
1767525948665 1767525948669 4 1504
1767525948666 1767525948669 3 1504
1767525948666 1767525948669 3 1504
1767525948667 1767525948669 2 1504
1767525948667 1767525948669 2 1504
1767525948669 1767525948673 4 1504
1767525948669 1767525948673 4 1504
1767525948669 1767525948673 4 1504
1767525948669 1767525948673 4 1504
1767525948669 1767525948673 4 80
1767525948671 1767525948673 2 1504
1767525948671 1767525948673 2 1504
1767525948672 1767525948673 1 1504
1767525948672 1767525948673 1 1504
1767525948673 1767525948677 4 1504
1767525948673 1767525948677 4 1504
1767525948677 1767525948681 4 1504
1767525948677 1767525948682 5 1504
1767525948678 1767525948682 4 1504
1767525948678 1767525948682 4 1504
1767525948679 1767525948682 3 1504
1767525948679 1767525948682 3 1504
1767525948680 1767525948682 2 1504
1767525948680 1767525948682 2 1504
1767525948685 1767525948689 4 1504
1767525948685 1767525948689 4 1504
1767525948685 1767525948689 4 1504
1767525948685 1767525948689 4 1504
1767525948687 1767525948689 2 1504
1767525948687 1767525948689 2 1504
1767525948689 1767525948692 3 1504
1767525948690 1767525948692 2 1504
1767525948690 1767525948692 2 1504
1767525948691 1767525948692 1 1504
1767525948691 1767525948692 1 1504
1767525948692 1767525948698 6 1504
1767525948692 1767525948699 7 1504
1767525948693 1767525948699 6 1504
1767525948693 1767525948699 6 1504
1767525948694 1767525948699 5 1504
1767525948694 1767525948699 5 1504
1767525948696 1767525948702 6 1504
1767525948696 1767525948702 6 1504
1767525948697 1767525948702 5 1504
1767525948697 1767525948702 5 1504
1767525948698 1767525948702 4 1504
1767525948698 1767525948702 4 1504
1767525948699 1767525948702 3 1504
1767525948699 1767525948702 3 1504
1767525948700 1767525948702 2 1504
1767525948700 1767525948702 2 1504
1767525948702 1767525948706 4 1504
1767525948702 1767525948706 4 1504
1767525948703 1767525948707 4 1504
1767525948703 1767525948707 4 1504
1767525948704 1767525948707 3 1504
1767525948704 1767525948707 3 1504
1767525948705 1767525948707 2 1504
1767525948705 1767525948707 2 1504
1767525948706 1767525948707 1 1504
1767525948706 1767525948707 1 1504
1767525948709 1767525948714 5 1504
1767525948709 1767525948715 6 1504
1767525948710 1767525948715 5 1504
1767525948710 1767525948715 5 1504
1767525948711 1767525948715 4 1504
1767525948711 1767525948715 4 1504
1767525948717 1767525948722 5 1504
1767525948717 1767525948723 6 1504
1767525948717 1767525948723 6 1504
1767525948718 1767525948723 5 1504
1767525948718 1767525948723 5 1504
1767525948722 1767525948723 1 1504
1767525948723 1767525948725 2 1504
1767525948723 1767525948725 2 1504
1767525948724 1767525948725 1 1504
1767525948724 1767525948725 1 1504
1767525948729 1767525948733 4 1504
1767525948729 1767525948733 4 1504
1767525948730 1767525948733 3 1504
1767525948730 1767525948733 3 1504
1767525948731 1767525948733 2 1504
1767525948731 1767525948733 2 1504
1767525948732 1767525948733 1 1504
1767525948732 1767525948733 1 1504
1767525948733 1767525948737 4 1504
1767525948734 1767525948737 3 1504
1767525948737 1767525948741 4 1504
1767525948741 1767525948745 4 1504
1767525948741 1767525948745 4 1504
1767525948742 1767525948745 3 1504
1767525948742 1767525948745 3 1504
1767525948743 1767525948745 2 1504
1767525948745 1767525948749 4 1504
1767525948749 1767525948753 4 1504
1767525948749 1767525948753 4 1504
1767525948749 1767525948753 4 1504
1767525948749 1767525948753 4 1504
1767525948750 1767525948753 3 1504
1767525948750 1767525948753 3 1504
1767525948751 1767525948753 2 1504
1767525948751 1767525948753 2 1504
1767525948752 1767525948753 1 1504
1767525948757 1767525948758 1 1504
1767525948757 1767525948758 1 1504
1767525948758 1767525948761 3 1504
1767525948758 1767525948761 3 1504
1767525948758 1767525948761 3 1504
1767525948758 1767525948761 3 1504
1767525948759 1767525948761 2 1504
1767525948759 1767525948761 2 1504
1767525948761 1767525948765 4 1504
1767525948761 1767525948765 4 1504
1767525948765 1767525948766 1 1504
1767525948769 1767525948773 4 1504
1767525948769 1767525948773 4 1504
1767525948770 1767525948773 3 1504
1767525948770 1767525948773 3 1504
1767525948773 1767525948774 1 1504
1767525948773 1767525948774 1 1504
1767525948774 1767525948777 3 1504
1767525948774 1767525948777 3 1504
1767525948775 1767525948777 2 1504
1767525948775 1767525948777 2 1504
1767525948777 1767525948781 4 1504
1767525948777 1767525948782 5 1504
1767525948779 1767525948782 3 1504
1767525948779 1767525948782 3 1504
1767525948780 1767525948782 2 1504
1767525948780 1767525948782 2 1504
1767525948782 1767525948785 3 1504
1767525948782 1767525948785 3 1504
1767525948783 1767525948785 2 1504
1767525948783 1767525948785 2 1504
1767525948785 1767525948789 4 1504
1767525948785 1767525948789 4 1504
1767525948786 1767525948789 3 1504
1767525948786 1767525948789 3 1504
1767525948788 1767525948789 1 1504
1767525948788 1767525948789 1 1504
1767525948797 1767525948798 1 1504
1767525948797 1767525948798 1 1504
1767525948798 1767525948801 3 1504
1767525948798 1767525948801 3 1504
1767525948800 1767525948801 1 1504
1767525948800 1767525948801 1 1504
1767525948801 1767525948805 4 1504
1767525948801 1767525948805 4 1504
1767525948803 1767525948805 2 1504
1767525948803 1767525948805 2 1504
1767525948809 1767525948812 3 1504
1767525948809 1767525948812 3 1504
1767525948810 1767525948812 2 1504
1767525948810 1767525948812 2 1504
1767525948811 1767525948812 1 1504
1767525948812 1767525948817 5 1504
1767525948813 1767525948817 4 1504
1767525948813 1767525948817 4 1504
1767525948815 1767525948817 2 1504
1767525948815 1767525948817 2 1504
1767525948817 1767525948821 4 1504
1767525948817 1767525948821 4 1504
1767525948818 1767525948821 3 1504
1767525948818 1767525948821 3 1504
1767525948820 1767525948821 1 1504
1767525948820 1767525948821 1 1504
1767525948825 1767525948829 4 1504
1767525948825 1767525948829 4 1504
1767525948826 1767525948829 3 1504
1767525948826 1767525948829 3 1504
1767525948828 1767525948829 1 1504
1767525948828 1767525948829 1 1504
1767525948830 1767525948833 3 1504
1767525948830 1767525948833 3 1504
1767525948831 1767525948833 2 1504
1767525948831 1767525948833 2 1504
1767525948833 1767525948837 4 1504
1767525948834 1767525948837 3 1504
1767525948834 1767525948837 3 1504
1767525948836 1767525948837 1 1504
1767525948836 1767525948837 1 1504
1767525948838 1767525948841 3 1504
1767525948838 1767525948841 3 1504
1767525948839 1767525948841 2 1504
1767525948839 1767525948841 2 1504
1767525948841 1767525948845 4 1504
1767525948841 1767525948845 4 1504
1767525948842 1767525948845 3 1504
1767525948842 1767525948845 3 1504
1767525948844 1767525948845 1 1504
1767525948844 1767525948845 1 1504
1767525948845 1767525948849 4 1504
1767525948845 1767525948849 4 1504
1767525948849 1767525948853 4 1504
1767525948850 1767525948853 3 1504
1767525948850 1767525948853 3 1504
1767525948851 1767525948853 2 1504
1767525948851 1767525948853 2 1504
1767525948853 1767525948857 4 1504
1767525948853 1767525948857 4 1504
1767525948854 1767525948857 3 1504
1767525948854 1767525948857 3 1504
1767525948857 1767525948861 4 1504
1767525948857 1767525948861 4 1504
1767525948858 1767525948861 3 1504
1767525948858 1767525948861 3 1504
1767525948859 1767525948861 2 1504
1767525948859 1767525948861 2 1504
1767525948865 1767525948866 1 1504
1767525948865 1767525948866 1 1504
1767525948866 1767525948869 3 1504
1767525948866 1767525948869 3 1504
1767525948867 1767525948869 2 1504
1767525948867 1767525948869 2 1504
1767525948869 1767525948873 4 1504
1767525948869 1767525948873 4 1504
1767525948870 1767525948873 3 1504
1767525948870 1767525948873 3 1504
1767525948872 1767525948873 1 1504
1767525948872 1767525948873 1 1504
1767525948877 1767525948881 4 1504
1767525948877 1767525948881 4 1504
1767525948878 1767525948881 3 1504
1767525948878 1767525948881 3 1504
1767525948880 1767525948881 1 1504
1767525948880 1767525948881 1 1504
1767525948881 1767525948882 1 1504
1767525948881 1767525948882 1 1504
1767525948883 1767525948885 2 1504
1767525948883 1767525948885 2 1504
1767525948884 1767525948885 1 1504
1767525948884 1767525948885 1 1504
1767525948886 1767525948888 2 1504
1767525948886 1767525948888 2 1504
1767525948887 1767525948888 1 1504
1767525948887 1767525948888 1 1504
1767525948889 1767525948893 4 1504
1767525948889 1767525948893 4 1504
1767525948893 1767525948898 5 1504
1767525948893 1767525948898 5 1504
1767525948893 1767525948898 5 1504
1767525948893 1767525948898 5 1504
1767525948901 1767525948905 4 1504
1767525948902 1767525948905 3 1504
1767525948902 1767525948905 3 1504
1767525948903 1767525948905 2 1504
1767525948903 1767525948905 2 1504
1767525948905 1767525948909 4 1504
1767525948905 1767525948909 4 1504
1767525948906 1767525948909 3 1504
1767525948906 1767525948909 3 1504
1767525948908 1767525948909 1 1504
1767525948908 1767525948909 1 1504
1767525948910 1767525948913 3 1504
1767525948910 1767525948913 3 1504
1767525948911 1767525948913 2 1504
1767525948911 1767525948913 2 1504
1767525948913 1767525948917 4 1504
1767525948913 1767525948917 4 1504
1767525948914 1767525948917 3 1504
1767525948914 1767525948917 3 1504
1767525948916 1767525948917 1 1504
1767525948916 1767525948917 1 1504
1767525948917 1767525948922 5 1504
1767525948917 1767525948922 5 1504
1767525948919 1767525948922 3 1504
1767525948919 1767525948922 3 1504
1767525948920 1767525948922 2 1504
1767525948920 1767525948922 2 1504
1767525948925 1767525948926 1 1504
1767525948925 1767525948926 1 1504
1767525948926 1767525948930 4 1504
1767525948926 1767525948930 4 1504
1767525948927 1767525948930 3 1504
1767525948927 1767525948930 3 1504
1767525948928 1767525948930 2 1504
1767525948928 1767525948930 2 1504
1767525948930 1767525948933 3 1504
1767525948930 1767525948934 4 1504
1767525948931 1767525948934 3 1504
1767525948931 1767525948934 3 1504
1767525948933 1767525948934 1 1504
1767525948933 1767525948934 1 1504
1767525948934 1767525948937 3 1504
1767525948934 1767525948937 3 1504
1767525948937 1767525948941 4 1504
1767525948937 1767525948941 4 1504
1767525948938 1767525948941 3 1504
1767525948938 1767525948941 3 1504
1767525948939 1767525948941 2 1504
1767525948939 1767525948941 2 1504
1767525948945 1767525948949 4 1504
1767525948945 1767525948949 4 1504
1767525948945 1767525948950 5 1504
1767525948945 1767525948950 5 1504
1767525948947 1767525948950 3 1504
1767525948947 1767525948950 3 1504
1767525948949 1767525948950 1 1504
1767525948949 1767525948950 1 1504
1767525948950 1767525948953 3 1504
1767525948950 1767525948953 3 1504
1767525948951 1767525948953 2 1504
1767525948951 1767525948953 2 1504
1767525948953 1767525948957 4 1504
1767525948953 1767525948957 4 1504
1767525948957 1767525948961 4 1504
1767525948957 1767525948961 4 1504
1767525948957 1767525948961 4 1504
1767525948957 1767525948961 4 1504
1767525948959 1767525948961 2 1504
1767525948959 1767525948961 2 1504
1767525948960 1767525948961 1 1504
1767525948961 1767525948964 3 1504
1767525948961 1767525948964 3 1504
1767525948962 1767525948964 2 1504
1767525948962 1767525948964 2 1504
1767525948964 1767525948969 5 1504
1767525948964 1767525948969 5 1504
1767525948965 1767525948969 4 1504
1767525948965 1767525948973 8 1504
1767525948969 1767525948973 4 1504
1767525948970 1767525948973 3 1504
1767525948970 1767525948974 4 1504
1767525948971 1767525948974 3 1504
1767525948971 1767525948974 3 1504
1767525948972 1767525948974 2 1504
1767525948972 1767525948974 2 1504
1767525948974 1767525948977 3 1504
1767525948974 1767525948977 3 1504
1767525948975 1767525948977 2 1504
1767525948975 1767525948977 2 1504
1767525948977 1767525948981 4 1504
1767525948977 1767525948981 4 1504
1767525948981 1767525948985 4 1504
1767525948981 1767525948985 4 1504
1767525948982 1767525948986 4 1504
1767525948982 1767525948986 4 1504
1767525948983 1767525948986 3 1504
1767525948983 1767525948986 3 1504
1767525948984 1767525948986 2 1504
1767525948984 1767525948986 2 1504
1767525948986 1767525948989 3 1504
1767525948986 1767525948989 3 1504
1767525948987 1767525948989 2 1504
1767525948987 1767525948989 2 1504
1767525948989 1767525948993 4 1504
1767525948989 1767525948993 4 1504
1767525948993 1767525948997 4 1504
1767525948993 1767525948998 5 1504
1767525948994 1767525948998 4 1504
1767525948994 1767525948998 4 1504
1767525948995 1767525948998 3 1504
1767525948995 1767525948998 3 1504
1767525948996 1767525948998 2 1504
1767525948996 1767525948998 2 1504
1767525948998 1767525949001 3 1504
1767525948998 1767525949001 3 1504
1767525948999 1767525949001 2 1504
1767525948999 1767525949002 3 1504
1767525949000 1767525949002 2 1504
1767525949000 1767525949002 2 1504
1767525949002 1767525949005 3 1504
1767525949002 1767525949005 3 1504
1767525949005 1767525949009 4 1504
1767525949005 1767525949009 4 1504
1767525949005 1767525949009 4 1504
1767525949007 1767525949009 2 1504
1767525949007 1767525949009 2 1504
1767525949008 1767525949009 1 1504
1767525949008 1767525949009 1 1504
1767525949009 1767525949010 1 1504
1767525949009 1767525949010 1 1504
1767525949010 1767525949013 3 1504
1767525949010 1767525949013 3 1504
1767525949013 1767525949017 4 1504
1767525949013 1767525949018 5 1504
1767525949018 1767525949021 3 1504
1767525949018 1767525949021 3 1504
1767525949019 1767525949021 2 1504
1767525949019 1767525949021 2 1504
1767525949020 1767525949021 1 1504
1767525949020 1767525949021 1 1504
1767525949021 1767525949025 4 1504
1767525949021 1767525949025 4 1504
1767525949025 1767525949026 1 1504
1767525949025 1767525949026 1 1504
1767525949026 1767525949029 3 1504
1767525949026 1767525949029 3 1504
1767525949027 1767525949029 2 1504
1767525949027 1767525949029 2 1504
1767525949029 1767525949033 4 1504
1767525949029 1767525949033 4 1504
1767525949030 1767525949033 3 1504
1767525949030 1767525949033 3 1504
1767525949031 1767525949033 2 1504
1767525949031 1767525949033 2 1504
1767525949033 1767525949037 4 1504
1767525949033 1767525949037 4 1504
1767525949034 1767525949037 3 1504
1767525949034 1767525949037 3 1504
1767525949035 1767525949037 2 1504
1767525949035 1767525949037 2 1504
1767525949037 1767525949040 3 1504
1767525949037 1767525949040 3 1504
1767525949040 1767525949045 5 1504
1767525949040 1767525949045 5 1504
1767525949045 1767525949049 4 1504
1767525949049 1767525949053 4 1504
1767525949049 1767525949053 4 1504
1767525949050 1767525949053 3 1504
1767525949050 1767525949053 3 1504
1767525949051 1767525949053 2 1504
1767525949051 1767525949053 2 1504
1767525949053 1767525949057 4 1504
1767525949053 1767525949057 4 1504
1767525949053 1767525949057 4 56
1767525949054 1767525949057 3 1504
1767525949054 1767525949057 3 1504
1767525949056 1767525949057 1 1504
1767525949056 1767525949057 1 1504
1767525949057 1767525949061 4 1504
1767525949057 1767525949061 4 1504
1767525949059 1767525949061 2 1504
1767525949059 1767525949061 2 1504
1767525949060 1767525949066 6 1504
1767525949060 1767525949066 6 1504
1767525949062 1767525949066 4 1504
1767525949062 1767525949066 4 1504
1767525949063 1767525949069 6 1504
1767525949063 1767525949069 6 1504
1767525949064 1767525949069 5 1504
1767525949064 1767525949069 5 1504
1767525949066 1767525949069 3 1504
1767525949066 1767525949069 3 1504
1767525949067 1767525949069 2 1504
1767525949067 1767525949073 6 1504
1767525949069 1767525949073 4 1504
1767525949069 1767525949073 4 1504
1767525949078 1767525949081 3 1504
1767525949078 1767525949081 3 1504
1767525949078 1767525949081 3 1504
1767525949078 1767525949081 3 1504
1767525949080 1767525949081 1 1504
1767525949080 1767525949081 1 1504
1767525949081 1767525949085 4 1504
1767525949081 1767525949085 4 1504
1767525949083 1767525949085 2 1504
1767525949083 1767525949085 2 1504
1767525949084 1767525949085 1 1504
1767525949084 1767525949085 1 1504
1767525949086 1767525949089 3 1504
1767525949086 1767525949090 4 1504
1767525949087 1767525949090 3 1504
1767525949087 1767525949090 3 1504
1767525949088 1767525949090 2 1504
1767525949088 1767525949090 2 1504
1767525949090 1767525949093 3 1504
1767525949090 1767525949093 3 1504
1767525949091 1767525949093 2 1504
1767525949091 1767525949093 2 1504
1767525949093 1767525949094 1 1504
1767525949093 1767525949094 1 1504
1767525949094 1767525949097 3 1504
1767525949094 1767525949097 3 1504
1767525949095 1767525949097 2 1504
1767525949096 1767525949097 1 1504
1767525949097 1767525949101 4 1504
1767525949097 1767525949101 4 1504
1767525949101 1767525949106 5 1504
1767525949101 1767525949106 5 1504
1767525949102 1767525949106 4 1504
1767525949102 1767525949106 4 1504
1767525949103 1767525949106 3 1504
1767525949103 1767525949106 3 1504
1767525949104 1767525949106 2 1504
1767525949104 1767525949106 2 1504
1767525949109 1767525949113 4 1504
1767525949109 1767525949113 4 1504
1767525949109 1767525949113 4 1504
1767525949111 1767525949113 2 1504
1767525949111 1767525949113 2 1504
1767525949113 1767525949116 3 1504
1767525949113 1767525949116 3 1504
1767525949114 1767525949117 3 1504
1767525949114 1767525949117 3 1504
1767525949115 1767525949117 2 1504
1767525949115 1767525949117 2 1504
1767525949121 1767525949125 4 1504
1767525949121 1767525949125 4 1504
1767525949122 1767525949125 3 1504
1767525949122 1767525949125 3 1504
1767525949123 1767525949125 2 1504
1767525949123 1767525949125 2 1504
1767525949125 1767525949129 4 1504
1767525949125 1767525949129 4 1504
1767525949126 1767525949129 3 1504
1767525949126 1767525949129 3 1504
1767525949128 1767525949129 1 1504
1767525949128 1767525949129 1 1504
1767525949129 1767525949133 4 1504
1767525949129 1767525949133 4 1504
1767525949130 1767525949133 3 1504
1767525949130 1767525949133 3 1504
1767525949132 1767525949133 1 1504
1767525949132 1767525949133 1 1504
1767525949133 1767525949137 4 1504
1767525949133 1767525949137 4 1504
1767525949137 1767525949141 4 1504
1767525949137 1767525949141 4 1504
1767525949138 1767525949141 3 1504
1767525949138 1767525949141 3 1504
1767525949140 1767525949141 1 1504
1767525949140 1767525949141 1 1504
1767525949141 1767525949145 4 1504
1767525949141 1767525949145 4 1504
1767525949142 1767525949145 3 1504
1767525949142 1767525949145 3 1504
1767525949144 1767525949145 1 1504
1767525949144 1767525949145 1 1504
1767525949149 1767525949154 5 1504
1767525949149 1767525949154 5 1504
1767525949150 1767525949154 4 1504
1767525949150 1767525949154 4 1504
1767525949151 1767525949154 3 1504
1767525949151 1767525949154 3 1504
1767525949154 1767525949157 3 1504
1767525949154 1767525949157 3 1504
1767525949154 1767525949157 3 1504
1767525949154 1767525949157 3 1504
1767525949156 1767525949157 1 1504
1767525949156 1767525949157 1 1504
1767525949157 1767525949161 4 1504
1767525949157 1767525949161 4 1504
1767525949159 1767525949161 2 1504
1767525949159 1767525949161 2 1504
1767525949160 1767525949161 1 1504
1767525949160 1767525949161 1 1504
1767525949161 1767525949165 4 1504
1767525949162 1767525949165 3 1504
1767525949162 1767525949165 3 1504
1767525949165 1767525949169 4 1504
1767525949165 1767525949169 4 1504
1767525949166 1767525949169 3 1504
1767525949166 1767525949169 3 1504
1767525949168 1767525949169 1 1504
1767525949168 1767525949169 1 1504
1767525949169 1767525949170 1 1504
1767525949169 1767525949170 1 1504
1767525949170 1767525949173 3 1504
1767525949170 1767525949173 3 1504
1767525949172 1767525949173 1 1504
1767525949172 1767525949173 1 1504
1767525949177 1767525949178 1 1504
1767525949177 1767525949178 1 1504
1767525949177 1767525949178 1 1504
1767525949178 1767525949181 3 1504
1767525949178 1767525949181 3 1504
1767525949181 1767525949185 4 1504
1767525949181 1767525949186 5 1504
1767525949182 1767525949186 4 1504
1767525949182 1767525949186 4 1504
1767525949184 1767525949186 2 1504
1767525949184 1767525949186 2 1504
1767525949185 1767525949186 1 1504
1767525949185 1767525949186 1 1504
1767525949186 1767525949190 4 1504
1767525949186 1767525949191 5 1504
1767525949188 1767525949191 3 1504
1767525949188 1767525949191 3 1504
1767525949190 1767525949191 1 1504
1767525949190 1767525949191 1 1504
1767525949191 1767525949193 2 1504
1767525949191 1767525949193 2 1504
1767525949192 1767525949193 1 1504
1767525949192 1767525949193 1 1504
1767525949194 1767525949197 3 1504
1767525949194 1767525949197 3 1504
1767525949195 1767525949197 2 1504
1767525949195 1767525949197 2 1504
1767525949196 1767525949197 1 1504
1767525949196 1767525949197 1 1504
1767525949197 1767525949201 4 1504
1767525949197 1767525949201 4 1504
1767525949199 1767525949201 2 1504
1767525949199 1767525949201 2 1504
1767525949201 1767525949205 4 1504
1767525949201 1767525949205 4 1504
1767525949205 1767525949209 4 1504
1767525949205 1767525949209 4 1504
1767525949209 1767525949213 4 1504
1767525949209 1767525949213 4 1504
1767525949210 1767525949213 3 1504
1767525949210 1767525949213 3 1504
1767525949211 1767525949213 2 1504
1767525949211 1767525949213 2 1504
1767525949213 1767525949217 4 1504
1767525949213 1767525949217 4 1504
1767525949217 1767525949221 4 1504
1767525949217 1767525949221 4 1504
1767525949217 1767525949221 4 1504
1767525949217 1767525949221 4 1504
1767525949219 1767525949221 2 1504
1767525949219 1767525949221 2 1504
1767525949220 1767525949221 1 1504
1767525949220 1767525949221 1 1504
1767525949221 1767525949225 4 1504
1767525949221 1767525949225 4 1504
1767525949223 1767525949225 2 1504
1767525949223 1767525949225 2 1504
1767525949224 1767525949225 1 1504
1767525949224 1767525949225 1 1504
1767525949225 1767525949229 4 1504
1767525949225 1767525949229 4 1504
1767525949227 1767525949229 2 1504
1767525949227 1767525949229 2 1504
1767525949228 1767525949229 1 1504
1767525949228 1767525949229 1 1504
1767525949229 1767525949233 4 1504
1767525949229 1767525949233 4 1504
1767525949230 1767525949233 3 1504
1767525949230 1767525949233 3 1504
1767525949232 1767525949233 1 1504
1767525949232 1767525949233 1 1504
1767525949233 1767525949237 4 1504
1767525949233 1767525949238 5 1504
1767525949234 1767525949238 4 1504
1767525949234 1767525949238 4 1504
1767525949235 1767525949238 3 1504
1767525949237 1767525949238 1 1504
1767525949237 1767525949238 1 1504
1767525949238 1767525949241 3 1504
1767525949238 1767525949241 3 1504
1767525949239 1767525949241 2 1504
1767525949239 1767525949241 2 1504
1767525949240 1767525949241 1 1504
1767525949240 1767525949241 1 1504
1767525949241 1767525949245 4 1504
1767525949241 1767525949245 4 1504
1767525949249 1767525949253 4 1504
1767525949249 1767525949253 4 1504
1767525949249 1767525949253 4 1504
1767525949249 1767525949253 4 1504
1767525949250 1767525949253 3 1504
1767525949250 1767525949253 3 1504
1767525949253 1767525949257 4 1504
1767525949253 1767525949257 4 1504
1767525949253 1767525949257 4 80
1767525949254 1767525949257 3 1504
1767525949254 1767525949257 3 1504
1767525949255 1767525949257 2 1504
1767525949255 1767525949257 2 1504
1767525949257 1767525949261 4 1504
1767525949258 1767525949261 3 1504
1767525949258 1767525949261 3 1504
1767525949258 1767525949261 3 1504
1767525949259 1767525949261 2 1504
1767525949259 1767525949261 2 1504
1767525949261 1767525949265 4 1504
1767525949261 1767525949265 4 1504
1767525949262 1767525949266 4 1504
1767525949262 1767525949266 4 1504
1767525949263 1767525949266 3 1504
1767525949263 1767525949266 3 1504
1767525949264 1767525949266 2 1504
1767525949264 1767525949266 2 1504
1767525949266 1767525949268 2 1504
1767525949266 1767525949268 2 1504
1767525949267 1767525949268 1 1504
1767525949267 1767525949268 1 1504
1767525949268 1767525949273 5 1504
1767525949268 1767525949273 5 1504
1767525949269 1767525949273 4 1504
1767525949269 1767525949273 4 1504
1767525949271 1767525949273 2 1504
1767525949277 1767525949281 4 1504
1767525949277 1767525949281 4 1504
1767525949277 1767525949281 4 1504
1767525949278 1767525949281 3 1504
1767525949278 1767525949281 3 1504
1767525949281 1767525949285 4 1504
1767525949282 1767525949285 3 1504
1767525949282 1767525949285 3 1504
1767525949282 1767525949285 3 1504
1767525949283 1767525949285 2 1504
1767525949283 1767525949285 2 1504
1767525949285 1767525949289 4 1504
1767525949285 1767525949289 4 1504
1767525949286 1767525949289 3 1504
1767525949286 1767525949289 3 1504
1767525949287 1767525949289 2 1504
1767525949287 1767525949289 2 1504
1767525949289 1767525949293 4 1504
1767525949289 1767525949293 4 1504
1767525949290 1767525949293 3 1504
1767525949290 1767525949293 3 1504
1767525949291 1767525949293 2 1504
1767525949291 1767525949293 2 1504
1767525949293 1767525949297 4 1504
1767525949293 1767525949297 4 1504
1767525949294 1767525949297 3 1504
1767525949294 1767525949297 3 1504
1767525949295 1767525949297 2 1504
1767525949295 1767525949297 2 1504
1767525949296 1767525949297 1 1504
1767525949296 1767525949297 1 1504
1767525949297 1767525949301 4 1504
1767525949297 1767525949301 4 1504
1767525949299 1767525949301 2 1504
1767525949299 1767525949301 2 1504
1767525949301 1767525949305 4 1504
1767525949301 1767525949305 4 1504
1767525949302 1767525949305 3 1504
1767525949302 1767525949305 3 1504
1767525949305 1767525949309 4 1504
1767525949305 1767525949309 4 1504
1767525949306 1767525949310 4 1504
1767525949306 1767525949310 4 1504
1767525949307 1767525949310 3 1504
1767525949307 1767525949310 3 1504
1767525949308 1767525949310 2 1504
1767525949308 1767525949310 2 1504
1767525949310 1767525949313 3 1504
1767525949310 1767525949313 3 1504
1767525949311 1767525949313 2 1504
1767525949311 1767525949313 2 1504
1767525949312 1767525949313 1 1504
1767525949312 1767525949313 1 1504
1767525949313 1767525949317 4 1504
1767525949313 1767525949317 4 1504
1767525949314 1767525949317 3 1504
1767525949314 1767525949317 3 1504
1767525949315 1767525949317 2 1504
1767525949315 1767525949317 2 1504
1767525949317 1767525949321 4 1504
1767525949317 1767525949321 4 1504
1767525949318 1767525949321 3 1504
1767525949318 1767525949321 3 1504
1767525949319 1767525949321 2 1504
1767525949319 1767525949321 2 1504
1767525949321 1767525949325 4 1504
1767525949321 1767525949325 4 1504
1767525949325 1767525949329 4 1504
1767525949325 1767525949329 4 1504
1767525949326 1767525949329 3 1504
1767525949326 1767525949329 3 1504
1767525949329 1767525949332 3 1504
1767525949329 1767525949332 3 1504
1767525949330 1767525949332 2 1504
1767525949330 1767525949332 2 1504
1767525949333 1767525949337 4 1504
1767525949333 1767525949337 4 1504
1767525949333 1767525949337 4 1504
1767525949333 1767525949337 4 1504
1767525949334 1767525949337 3 1504
1767525949334 1767525949337 3 1504
1767525949336 1767525949337 1 1504
1767525949336 1767525949337 1 1504
1767525949337 1767525949341 4 1504
1767525949337 1767525949341 4 1504
1767525949338 1767525949341 3 1504
1767525949338 1767525949341 3 1504
1767525949339 1767525949341 2 1504
1767525949339 1767525949341 2 1504
1767525949341 1767525949345 4 1504
1767525949341 1767525949345 4 1504
1767525949341 1767525949345 4 1504
1767525949342 1767525949345 3 1504
1767525949342 1767525949345 3 1504
1767525949345 1767525949349 4 1504
1767525949345 1767525949349 4 1504
1767525949346 1767525949349 3 1504
1767525949346 1767525949349 3 1504
1767525949347 1767525949349 2 1504
1767525949347 1767525949349 2 1504
1767525949349 1767525949353 4 1504
1767525949349 1767525949353 4 1504
1767525949353 1767525949357 4 1504
1767525949353 1767525949357 4 1504
1767525949353 1767525949357 4 1504
1767525949353 1767525949357 4 1504
1767525949354 1767525949357 3 1504
1767525949354 1767525949357 3 1504
1767525949356 1767525949357 1 1504
1767525949356 1767525949357 1 1504
1767525949361 1767525949366 5 1504
1767525949361 1767525949366 5 1504
1767525949362 1767525949366 4 1504
1767525949362 1767525949366 4 1504
1767525949363 1767525949366 3 1504
1767525949363 1767525949366 3 1504
1767525949364 1767525949366 2 1504
1767525949364 1767525949366 2 1504
1767525949366 1767525949369 3 1504
1767525949366 1767525949369 3 1504
1767525949367 1767525949369 2 1504
1767525949367 1767525949369 2 1504
1767525949368 1767525949369 1 1504
1767525949368 1767525949369 1 1504
1767525949369 1767525949374 5 1504
1767525949369 1767525949374 5 1504
1767525949370 1767525949374 4 1504
1767525949370 1767525949374 4 1504
1767525949371 1767525949374 3 1504
1767525949371 1767525949374 3 1504
1767525949372 1767525949374 2 1504
1767525949372 1767525949374 2 1504
1767525949374 1767525949377 3 1504
1767525949374 1767525949377 3 1504
1767525949375 1767525949377 2 1504
1767525949375 1767525949377 2 1504
1767525949375 1767525949377 2 1504
1767525949377 1767525949383 6 1504
1767525949377 1767525949383 6 1504
1767525949383 1767525949385 2 1504
1767525949383 1767525949385 2 1504
1767525949384 1767525949385 1 1504
1767525949384 1767525949385 1 1504
1767525949385 1767525949391 6 1504
1767525949385 1767525949391 6 1504
1767525949386 1767525949391 5 1504
1767525949386 1767525949391 5 1504
1767525949391 1767525949394 3 1504
1767525949391 1767525949394 3 1504
1767525949391 1767525949394 3 1504
1767525949391 1767525949394 3 1504
1767525949392 1767525949394 2 1504
1767525949392 1767525949394 2 1504
1767525949394 1767525949399 5 1504
1767525949394 1767525949399 5 1504
1767525949395 1767525949399 4 1504
1767525949395 1767525949399 4 1504
1767525949396 1767525949399 3 1504
1767525949396 1767525949399 3 1504
1767525949397 1767525949399 2 1504
1767525949397 1767525949399 2 1504
1767525949398 1767525949399 1 1504
1767525949398 1767525949400 2 1504
1767525949400 1767525949401 1 1504
1767525949400 1767525949401 1 1504
1767525949401 1767525949407 6 1504
1767525949401 1767525949407 6 1504
1767525949402 1767525949407 5 1504
1767525949402 1767525949407 5 1504
1767525949403 1767525949407 4 1504
1767525949403 1767525949407 4 1504
1767525949404 1767525949407 3 1504
1767525949404 1767525949407 3 1504
1767525949407 1767525949409 2 1504
1767525949407 1767525949409 2 1504
1767525949408 1767525949409 1 1504
1767525949408 1767525949409 1 1504
1767525949409 1767525949413 4 1504
1767525949409 1767525949413 4 1504
1767525949410 1767525949413 3 1504
1767525949417 1767525949421 4 1504
1767525949417 1767525949421 4 1504
1767525949417 1767525949421 4 1504
1767525949417 1767525949421 4 1504
1767525949421 1767525949425 4 1504
1767525949421 1767525949425 4 1504
1767525949421 1767525949425 4 1504
1767525949421 1767525949425 4 1504
1767525949423 1767525949425 2 1504
1767525949423 1767525949425 2 1504
1767525949425 1767525949429 4 1504
1767525949425 1767525949429 4 1504
1767525949426 1767525949429 3 1504
1767525949426 1767525949429 3 1504
1767525949427 1767525949429 2 1504
1767525949427 1767525949429 2 1504
1767525949428 1767525949429 1 1504
1767525949428 1767525949429 1 1504
1767525949429 1767525949433 4 1504
1767525949429 1767525949433 4 1504
1767525949431 1767525949433 2 1504
1767525949431 1767525949433 2 1504
1767525949432 1767525949433 1 1504
1767525949432 1767525949433 1 1504
1767525949433 1767525949437 4 1504
1767525949433 1767525949437 4 1504
1767525949434 1767525949437 3 1504
1767525949434 1767525949437 3 1504
1767525949436 1767525949437 1 1504
1767525949436 1767525949437 1 1504
1767525949437 1767525949442 5 1504
1767525949437 1767525949442 5 1504
1767525949438 1767525949442 4 1504
1767525949438 1767525949442 4 1504
1767525949439 1767525949442 3 1504
1767525949439 1767525949442 3 1504
1767525949440 1767525949442 2 1504
1767525949440 1767525949442 2 1504
1767525949445 1767525949449 4 1504
1767525949445 1767525949449 4 1504
1767525949446 1767525949449 3 1504
1767525949446 1767525949449 3 1504
1767525949449 1767525949453 4 1504
1767525949449 1767525949453 4 1504
1767525949450 1767525949453 3 1504
1767525949451 1767525949453 2 1504
1767525949451 1767525949453 2 1504
1767525949454 1767525949458 4 1504
1767525949454 1767525949458 4 1504
1767525949454 1767525949458 4 1504
1767525949454 1767525949458 4 1504
1767525949455 1767525949458 3 1504
1767525949455 1767525949458 3 1504
1767525949456 1767525949458 2 1504
1767525949456 1767525949458 2 1504
1767525949458 1767525949461 3 1504
1767525949458 1767525949461 3 1504
1767525949459 1767525949461 2 1504
1767525949459 1767525949461 2 1504
1767525949460 1767525949461 1 1504
1767525949460 1767525949461 1 1504
1767525949461 1767525949465 4 1504
1767525949461 1767525949466 5 1504
1767525949462 1767525949467 5 1504
1767525949462 1767525949467 5 1504
1767525949463 1767525949467 4 1504
1767525949463 1767525949467 4 1504
1767525949464 1767525949467 3 1504
1767525949464 1767525949467 3 1504
1767525949465 1767525949467 2 1504
1767525949465 1767525949467 2 1504
1767525949466 1767525949469 3 1504
1767525949466 1767525949469 3 1504
1767525949468 1767525949469 1 1504
1767525949468 1767525949469 1 1504
1767525949469 1767525949473 4 1504
1767525949469 1767525949474 5 1504
1767525949470 1767525949474 4 1504
1767525949470 1767525949474 4 1504
1767525949473 1767525949474 1 1504
1767525949473 1767525949474 1 1504
1767525949474 1767525949477 3 1504
1767525949474 1767525949477 3 1504
1767525949475 1767525949477 2 1504
1767525949475 1767525949477 2 1504
1767525949481 1767525949482 1 1504
1767525949481 1767525949482 1 1504
1767525949481 1767525949482 1 1504
1767525949481 1767525949482 1 1504
1767525949482 1767525949485 3 1504
1767525949483 1767525949485 2 1504
1767525949483 1767525949485 2 1504
1767525949484 1767525949485 1 1504
1767525949484 1767525949485 1 1504
1767525949485 1767525949489 4 1504
1767525949485 1767525949489 4 1504
1767525949486 1767525949489 3 1504
1767525949486 1767525949489 3 1504
1767525949487 1767525949489 2 1504
1767525949487 1767525949489 2 1504
1767525949489 1767525949493 4 1504
1767525949489 1767525949493 4 1504
1767525949490 1767525949493 3 1504
1767525949490 1767525949493 3 1504
1767525949491 1767525949493 2 1504
1767525949491 1767525949493 2 1504
1767525949492 1767525949493 1 1504
1767525949492 1767525949493 1 1504
1767525949493 1767525949496 3 1504
1767525949493 1767525949496 3 1504
1767525949494 1767525949496 2 1504
1767525949494 1767525949496 2 1504
1767525949495 1767525949496 1 1504
1767525949495 1767525949496 1 1504
1767525949501 1767525949505 4 1504
1767525949501 1767525949505 4 1504
1767525949501 1767525949505 4 1504
1767525949502 1767525949505 3 1504
1767525949503 1767525949505 2 1504
1767525949503 1767525949505 2 1504
1767525949504 1767525949505 1 1504
1767525949504 1767525949505 1 1504
1767525949505 1767525949509 4 1504
1767525949505 1767525949509 4 1504
1767525949509 1767525949513 4 1504
1767525949509 1767525949513 4 1504
1767525949510 1767525949513 3 1504
1767525949510 1767525949513 3 1504
1767525949511 1767525949513 2 1504
1767525949511 1767525949513 2 1504
1767525949512 1767525949513 1 1504
1767525949512 1767525949513 1 1504
1767525949513 1767525949517 4 1504
1767525949513 1767525949517 4 1504
1767525949515 1767525949517 2 1504
1767525949515 1767525949517 2 1504
1767525949515 1767525949517 2 1504
1767525949516 1767525949517 1 1504
1767525949516 1767525949517 1 1504
1767525949517 1767525949522 5 1504
1767525949517 1767525949522 5 1504
1767525949518 1767525949522 4 1504
1767525949518 1767525949522 4 1504
1767525949519 1767525949522 3 1504
1767525949519 1767525949522 3 1504
1767525949520 1767525949522 2 1504
1767525949520 1767525949522 2 1504
1767525949522 1767525949525 3 1504
1767525949522 1767525949525 3 1504
1767525949523 1767525949525 2 1504
1767525949523 1767525949525 2 1504
1767525949524 1767525949525 1 1504
1767525949524 1767525949525 1 1504
1767525949525 1767525949529 4 1504
1767525949525 1767525949529 4 1504
1767525949526 1767525949529 3 1504
1767525949526 1767525949529 3 1504
1767525949527 1767525949529 2 1504
1767525949527 1767525949529 2 1504
1767525949528 1767525949529 1 1504
1767525949528 1767525949529 1 1504
1767525949529 1767525949535 6 1504
1767525949529 1767525949535 6 1504
1767525949535 1767525949537 2 1504
1767525949535 1767525949537 2 1504
1767525949535 1767525949537 2 1504
1767525949535 1767525949537 2 1504
1767525949536 1767525949537 1 1504
1767525949536 1767525949537 1 1504
1767525949537 1767525949543 6 1504
1767525949537 1767525949543 6 1504
1767525949538 1767525949543 5 1504
1767525949538 1767525949543 5 1504
1767525949539 1767525949543 4 1504
1767525949539 1767525949543 4 1504
1767525949540 1767525949543 3 1504
1767525949540 1767525949543 3 1504
1767525949541 1767525949543 2 1504
1767525949541 1767525949543 2 1504
1767525949543 1767525949545 2 1504
1767525949544 1767525949545 1 1504
1767525949544 1767525949545 1 1504
1767525949545 1767525949551 6 1504
1767525949545 1767525949551 6 1504
1767525949546 1767525949551 5 1504
1767525949546 1767525949551 5 1504
1767525949547 1767525949551 4 1504
1767525949547 1767525949551 4 1504
1767525949547 1767525949551 4 1504
1767525949548 1767525949551 3 1504
1767525949548 1767525949551 3 1504
1767525949548 1767525949551 3 1504
1767525949551 1767525949553 2 1504
1767525949551 1767525949553 2 1504
1767525949551 1767525949553 2 1504
1767525949552 1767525949553 1 1504
1767525949552 1767525949553 1 1504
1767525949553 1767525949559 6 1504
1767525949553 1767525949559 6 1504
1767525949554 1767525949559 5 1504
1767525949559 1767525949561 2 1504
1767525949559 1767525949561 2 1504
1767525949560 1767525949561 1 1504
1767525949560 1767525949561 1 1504
1767525949561 1767525949567 6 1504
1767525949561 1767525949567 6 1504
1767525949562 1767525949567 5 1504
1767525949562 1767525949567 5 1504
1767525949563 1767525949567 4 1504
1767525949563 1767525949567 4 1504
1767525949569 1767525949574 5 1504
1767525949569 1767525949574 5 1504
1767525949569 1767525949574 5 1504
1767525949569 1767525949574 5 1504
1767525949570 1767525949574 4 1504
1767525949570 1767525949574 4 1504
1767525949571 1767525949574 3 1504
1767525949571 1767525949574 3 1504
1767525949572 1767525949574 2 1504
1767525949572 1767525949574 2 1504
1767525949573 1767525949577 4 1504
1767525949574 1767525949577 3 1504
1767525949577 1767525949581 4 1504
1767525949577 1767525949581 4 1504
1767525949577 1767525949581 4 1504
1767525949578 1767525949581 3 1504
1767525949578 1767525949581 3 1504
1767525949579 1767525949581 2 1504
1767525949579 1767525949581 2 1504
1767525949580 1767525949581 1 1504
1767525949580 1767525949581 1 1504
1767525949581 1767525949585 4 1504
1767525949581 1767525949585 4 1504
1767525949582 1767525949585 3 1504
1767525949582 1767525949585 3 1504
1767525949583 1767525949585 2 1504
1767525949584 1767525949585 1 1504
1767525949585 1767525949589 4 1504
1767525949585 1767525949589 4 1504
1767525949586 1767525949589 3 1504
1767525949586 1767525949589 3 1504
1767525949587 1767525949589 2 1504
1767525949587 1767525949589 2 1504
1767525949588 1767525949589 1 1504
1767525949588 1767525949589 1 1504
1767525949589 1767525949593 4 1504
1767525949589 1767525949593 4 1504
1767525949591 1767525949593 2 1504
1767525949591 1767525949593 2 1504
1767525949592 1767525949593 1 1504
1767525949592 1767525949593 1 1504
1767525949597 1767525949601 4 1504
1767525949597 1767525949601 4 1504
1767525949598 1767525949601 3 1504
1767525949598 1767525949601 3 1504
1767525949599 1767525949601 2 1504
1767525949599 1767525949601 2 1504
1767525949600 1767525949601 1 1504
1767525949600 1767525949601 1 1504
1767525949601 1767525949605 4 1504
1767525949601 1767525949605 4 1504
1767525949602 1767525949605 3 1504
1767525949602 1767525949605 3 1504
1767525949605 1767525949609 4 1504
1767525949605 1767525949610 5 1504
1767525949605 1767525949610 5 1504
1767525949606 1767525949610 4 1504
1767525949606 1767525949610 4 1504
1767525949607 1767525949610 3 1504
1767525949607 1767525949610 3 1504
1767525949608 1767525949610 2 1504
1767525949608 1767525949610 2 1504
1767525949610 1767525949613 3 1504
1767525949610 1767525949613 3 1504
1767525949611 1767525949613 2 1504
1767525949611 1767525949613 2 1504
1767525949612 1767525949613 1 1504
1767525949612 1767525949613 1 1504
1767525949613 1767525949617 4 1504
1767525949613 1767525949617 4 1504
1767525949614 1767525949617 3 1504
1767525949614 1767525949617 3 1504
1767525949615 1767525949617 2 1504
1767525949615 1767525949617 2 1504
1767525949616 1767525949617 1 1504
1767525949616 1767525949617 1 1504
1767525949617 1767525949621 4 1504
1767525949617 1767525949621 4 1504
1767525949618 1767525949621 3 1504
1767525949618 1767525949622 4 1504
1767525949619 1767525949622 3 1504
1767525949619 1767525949622 3 1504
1767525949621 1767525949625 4 1504
1767525949621 1767525949625 4 1504
1767525949622 1767525949625 3 1504
1767525949622 1767525949625 3 1504
1767525949623 1767525949625 2 1504
1767525949623 1767525949625 2 1504
1767525949624 1767525949625 1 1504
1767525949624 1767525949625 1 1504
1767525949625 1767525949629 4 1504
1767525949625 1767525949629 4 1504
1767525949626 1767525949629 3 1504
1767525949626 1767525949629 3 1504
1767525949633 1767525949637 4 1504
1767525949633 1767525949637 4 1504
1767525949634 1767525949637 3 1504
1767525949634 1767525949637 3 1504
1767525949635 1767525949637 2 1504
1767525949635 1767525949637 2 1504
1767525949636 1767525949637 1 1504
1767525949636 1767525949637 1 1504
1767525949637 1767525949643 6 1504
1767525949637 1767525949643 6 1504
1767525949638 1767525949643 5 1504
1767525949638 1767525949643 5 1504
1767525949638 1767525949643 5 1504
1767525949639 1767525949643 4 1504
1767525949639 1767525949643 4 1504
1767525949640 1767525949643 3 1504
1767525949640 1767525949643 3 1504
1767525949641 1767525949643 2 1504
1767525949641 1767525949643 2 1504
1767525949643 1767525949645 2 1504
1767525949643 1767525949645 2 1504
1767525949644 1767525949645 1 1504
1767525949644 1767525949645 1 1504
1767525949645 1767525949649 4 1504
1767525949645 1767525949649 4 1504
1767525949646 1767525949649 3 1504
1767525949646 1767525949649 3 1504
1767525949647 1767525949649 2 1504
1767525949647 1767525949649 2 1504
1767525949649 1767525949653 4 1504
1767525949649 1767525949653 4 1504
1767525949650 1767525949653 3 1504
1767525949650 1767525949653 3 1504
1767525949651 1767525949653 2 1504
1767525949651 1767525949653 2 1504
1767525949652 1767525949653 1 1504
1767525949652 1767525949653 1 1504
1767525949654 1767525949657 3 1504
1767525949654 1767525949657 3 1504
1767525949654 1767525949657 3 1504
1767525949654 1767525949657 3 1504
1767525949661 1767525949664 3 1504
1767525949661 1767525949664 3 1504
1767525949662 1767525949664 2 1504
1767525949662 1767525949664 2 1504
1767525949663 1767525949664 1 1504
1767525949663 1767525949664 1 1504
1767525949664 1767525949669 5 1504
1767525949664 1767525949669 5 1504
1767525949669 1767525949672 3 1504
1767525949669 1767525949672 3 1504
1767525949670 1767525949672 2 1504
1767525949670 1767525949672 2 1504
1767525949671 1767525949672 1 1504
1767525949671 1767525949672 1 1504
1767525949672 1767525949677 5 1504
1767525949672 1767525949677 5 1504
1767525949672 1767525949677 5 1504
1767525949673 1767525949677 4 1504
1767525949673 1767525949677 4 1504
1767525949674 1767525949677 3 1504
1767525949674 1767525949677 3 1504
1767525949676 1767525949677 1 1504
1767525949676 1767525949677 1 1504
1767525949677 1767525949681 4 1504
1767525949677 1767525949681 4 1504
1767525949678 1767525949681 3 1504
1767525949678 1767525949681 3 1504
1767525949679 1767525949681 2 1504
1767525949679 1767525949681 2 1504
1767525949680 1767525949681 1 1504
1767525949680 1767525949681 1 1504
1767525949681 1767525949687 6 1504
1767525949681 1767525949687 6 1504
1767525949682 1767525949687 5 1504
1767525949682 1767525949687 5 1504
1767525949683 1767525949687 4 1504
1767525949683 1767525949687 4 1504
1767525949684 1767525949687 3 1504
1767525949684 1767525949687 3 1504
1767525949685 1767525949687 2 1504
1767525949685 1767525949687 2 1504
1767525949686 1767525949687 1 1504
1767525949686 1767525949687 1 1504
1767525949687 1767525949689 2 1504
1767525949687 1767525949689 2 1504
1767525949688 1767525949689 1 1504
1767525949688 1767525949689 1 1504
1767525949689 1767525949695 6 1504
1767525949689 1767525949695 6 1504
1767525949695 1767525949697 2 1504
1767525949695 1767525949697 2 1504
1767525949697 1767525949703 6 1504
1767525949697 1767525949703 6 1504
1767525949698 1767525949703 5 1504
1767525949698 1767525949703 5 1504
1767525949699 1767525949703 4 1504
1767525949699 1767525949703 4 1504
1767525949704 1767525949705 1 1504
1767525949704 1767525949705 1 1504
1767525949704 1767525949705 1 1504
1767525949705 1767525949712 7 1504
1767525949705 1767525949712 7 1504
1767525949706 1767525949712 6 1504
1767525949706 1767525949712 6 1504
1767525949707 1767525949712 5 1504
1767525949707 1767525949712 5 1504
1767525949708 1767525949712 4 1504
1767525949708 1767525949712 4 1504
1767525949709 1767525949712 3 1504
1767525949709 1767525949712 3 1504
1767525949710 1767525949712 2 1504
1767525949710 1767525949712 2 1504
1767525949712 1767525949713 1 1504
1767525949712 1767525949713 1 1504
1767525949713 1767525949717 4 1504
1767525949713 1767525949717 4 1504
1767525949714 1767525949717 3 1504
1767525949714 1767525949717 3 1504
1767525949715 1767525949717 2 1504
1767525949715 1767525949717 2 1504
1767525949716 1767525949717 1 1504
1767525949716 1767525949717 1 1504
1767525949717 1767525949721 4 1504
1767525949717 1767525949722 5 1504
1767525949718 1767525949722 4 1504
1767525949718 1767525949722 4 1504
1767525949719 1767525949722 3 1504
1767525949719 1767525949722 3 1504
1767525949720 1767525949722 2 1504
1767525949720 1767525949722 2 1504
1767525949722 1767525949725 3 1504
1767525949722 1767525949725 3 1504
1767525949723 1767525949725 2 1504
1767525949723 1767525949725 2 1504
1767525949729 1767525949733 4 1504
1767525949729 1767525949733 4 1504
1767525949730 1767525949733 3 1504
1767525949730 1767525949733 3 1504
1767525949731 1767525949733 2 1504
1767525949731 1767525949733 2 1504
1767525949732 1767525949733 1 1504
1767525949732 1767525949733 1 1504
1767525949733 1767525949737 4 1504
1767525949733 1767525949737 4 1504
1767525949734 1767525949737 3 1504
1767525949735 1767525949737 2 1504
1767525949735 1767525949737 2 1504
1767525949736 1767525949737 1 1504
1767525949736 1767525949737 1 1504
1767525949737 1767525949741 4 1504
1767525949737 1767525949741 4 1504
1767525949738 1767525949741 3 1504
1767525949738 1767525949741 3 1504
1767525949739 1767525949741 2 1504
1767525949739 1767525949741 2 1504
1767525949740 1767525949741 1 1504
1767525949740 1767525949741 1 1504
1767525949741 1767525949745 4 1504
1767525949741 1767525949745 4 1504
1767525949742 1767525949745 3 1504
1767525949742 1767525949745 3 1504
1767525949743 1767525949745 2 1504
1767525949743 1767525949745 2 1504
1767525949744 1767525949745 1 1504
1767525949744 1767525949745 1 1504
1767525949745 1767525949749 4 1504
1767525949745 1767525949749 4 1504
1767525949746 1767525949749 3 1504
1767525949746 1767525949749 3 1504
1767525949747 1767525949749 2 1504
1767525949747 1767525949749 2 1504
1767525949748 1767525949749 1 1504
1767525949748 1767525949749 1 1504
1767525949749 1767525949753 4 1504
1767525949749 1767525949753 4 1504
1767525949750 1767525949753 3 1504
1767525949750 1767525949753 3 1504
1767525949753 1767525949757 4 1504
1767525949753 1767525949757 4 1504
1767525949753 1767525949757 4 1504
1767525949753 1767525949757 4 1504
1767525949754 1767525949757 3 1504
1767525949754 1767525949758 4 1504
1767525949755 1767525949758 3 1504
1767525949755 1767525949758 3 1504
1767525949757 1767525949761 4 1504
1767525949757 1767525949761 4 1504
1767525949758 1767525949761 3 1504
1767525949758 1767525949761 3 1504
1767525949759 1767525949761 2 1504
1767525949759 1767525949761 2 1504
1767525949759 1767525949761 2 1504
1767525949761 1767525949765 4 1504
1767525949761 1767525949765 4 1504
1767525949762 1767525949765 3 1504
1767525949762 1767525949765 3 1504
1767525949763 1767525949765 2 1504
1767525949763 1767525949765 2 1504
1767525949763 1767525949766 3 1504
1767525949763 1767525949766 3 1504
1767525949765 1767525949769 4 1504
1767525949765 1767525949769 4 1504
1767525949766 1767525949769 3 1504
1767525949766 1767525949769 3 1504
1767525949767 1767525949769 2 1504
1767525949767 1767525949769 2 1504
1767525949768 1767525949769 1 1504
1767525949768 1767525949769 1 1504
1767525949769 1767525949773 4 1504
1767525949769 1767525949773 4 1504
1767525949769 1767525949773 4 1504
1767525949769 1767525949773 4 1504
1767525949770 1767525949773 3 1504
1767525949770 1767525949773 3 1504
1767525949771 1767525949773 2 1504
1767525949771 1767525949773 2 1504
1767525949773 1767525949777 4 1504
1767525949773 1767525949777 4 1504
1767525949774 1767525949777 3 1504
1767525949774 1767525949777 3 1504
1767525949774 1767525949777 3 1504
1767525949774 1767525949777 3 1504
1767525949777 1767525949781 4 1504
1767525949777 1767525949781 4 1504
1767525949777 1767525949781 4 1504
1767525949777 1767525949781 4 1504
1767525949778 1767525949781 3 1504
1767525949778 1767525949781 3 1504
1767525949779 1767525949781 2 1504
1767525949779 1767525949781 2 1504
1767525949781 1767525949785 4 1504
1767525949782 1767525949785 3 1504
1767525949782 1767525949786 4 1504
1767525949783 1767525949786 3 1504
1767525949783 1767525949786 3 1504
1767525949783 1767525949786 3 1504
1767525949783 1767525949786 3 1504
1767525949785 1767525949786 1 1504
1767525949785 1767525949786 1 1504
1767525949790 1767525949793 3 1504
1767525949790 1767525949794 4 1504
1767525949790 1767525949794 4 1504
1767525949791 1767525949794 3 1504
1767525949791 1767525949794 3 1504
1767525949792 1767525949794 2 1504
1767525949792 1767525949794 2 1504
1767525949792 1767525949794 2 1504
1767525949792 1767525949794 2 1504
1767525949793 1767525949794 1 1504
1767525949793 1767525949794 1 1504
1767525949794 1767525949797 3 1504
1767525949794 1767525949797 3 1504
1767525949795 1767525949797 2 1504
1767525949795 1767525949797 2 1504
1767525949796 1767525949797 1 1504
1767525949796 1767525949797 1 1504
1767525949797 1767525949800 3 1504
1767525949797 1767525949800 3 1504
1767525949798 1767525949800 2 1504
1767525949798 1767525949800 2 1504
1767525949799 1767525949800 1 1504
1767525949799 1767525949800 1 1504
1767525949800 1767525949805 5 1504
1767525949800 1767525949805 5 1504
1767525949800 1767525949805 5 1504
1767525949800 1767525949805 5 1504
1767525949801 1767525949805 4 1504
1767525949801 1767525949805 4 1504
1767525949802 1767525949805 3 1504
1767525949802 1767525949805 3 1504
1767525949803 1767525949805 2 1504
1767525949803 1767525949805 2 1504
1767525949804 1767525949805 1 1504
1767525949804 1767525949805 1 1504
1767525949809 1767525949813 4 1504
1767525949809 1767525949813 4 1504
1767525949809 1767525949813 4 1504
1767525949809 1767525949813 4 1504
1767525949810 1767525949813 3 1504
1767525949810 1767525949813 3 1504
1767525949811 1767525949813 2 1504
1767525949811 1767525949813 2 1504
1767525949812 1767525949813 1 1504
1767525949812 1767525949813 1 1504
1767525949821 1767525949825 4 1504
1767525949821 1767525949825 4 1504
1767525949822 1767525949825 3 1504
1767525949822 1767525949825 3 1504
1767525949823 1767525949825 2 1504
1767525949823 1767525949825 2 1504
1767525949824 1767525949825 1 1504
1767525949824 1767525949825 1 1504
1767525949825 1767525949829 4 1504
1767525949825 1767525949829 4 1504
1767525949825 1767525949829 4 56
1767525949825 1767525949829 4 1504
1767525949826 1767525949829 3 1504
1767525949826 1767525949829 3 1504
1767525949827 1767525949829 2 1504
1767525949828 1767525949829 1 1504
1767525949828 1767525949829 1 1504
1767525949829 1767525949833 4 1504
1767525949829 1767525949833 4 1504
1767525949830 1767525949833 3 1504
1767525949830 1767525949833 3 1504
1767525949831 1767525949833 2 1504
1767525949831 1767525949833 2 1504
1767525949832 1767525949833 1 1504
1767525949832 1767525949833 1 1504
1767525949833 1767525949837 4 1504
1767525949833 1767525949837 4 1504
1767525949834 1767525949837 3 1504
1767525949834 1767525949837 3 1504
1767525949835 1767525949837 2 1504
1767525949835 1767525949837 2 1504
1767525949836 1767525949837 1 1504
1767525949836 1767525949837 1 1504
1767525949837 1767525949841 4 1504
1767525949837 1767525949841 4 1504
1767525949837 1767525949841 4 1504
1767525949838 1767525949841 3 1504
1767525949838 1767525949841 3 1504
1767525949838 1767525949841 3 1504
1767525949839 1767525949841 2 1504
1767525949839 1767525949841 2 1504
1767525949840 1767525949841 1 1504
1767525949841 1767525949845 4 1504
1767525949841 1767525949845 4 1504
1767525949842 1767525949845 3 1504
1767525949842 1767525949845 3 1504
1767525949849 1767525949853 4 1504
1767525949849 1767525949853 4 1504
1767525949849 1767525949853 4 1504
1767525949849 1767525949853 4 1504
1767525949850 1767525949853 3 1504
1767525949850 1767525949853 3 1504
1767525949851 1767525949853 2 1504
1767525949851 1767525949853 2 1504
1767525949853 1767525949857 4 1504
1767525949853 1767525949857 4 1504
1767525949853 1767525949857 4 1504
1767525949853 1767525949857 4 1504
1767525949854 1767525949857 3 1504
1767525949854 1767525949857 3 1504
1767525949855 1767525949857 2 1504
1767525949855 1767525949857 2 1504
1767525949857 1767525949861 4 1504
1767525949857 1767525949862 5 1504
1767525949857 1767525949862 5 1504
1767525949857 1767525949862 5 1504
1767525949858 1767525949862 4 1504
1767525949858 1767525949862 4 1504
1767525949859 1767525949862 3 1504
1767525949859 1767525949862 3 1504
1767525949862 1767525949865 3 1504
1767525949862 1767525949865 3 1504
1767525949862 1767525949865 3 1504
1767525949862 1767525949865 3 1504
1767525949863 1767525949865 2 1504
1767525949863 1767525949865 2 1504
1767525949864 1767525949865 1 1504
1767525949864 1767525949865 1 1504
1767525949865 1767525949869 4 1504
1767525949865 1767525949869 4 1504
1767525949866 1767525949870 4 1504
1767525949866 1767525949870 4 1504
1767525949867 1767525949870 3 1504
1767525949867 1767525949870 3 1504
1767525949868 1767525949870 2 1504
1767525949868 1767525949870 2 1504
1767525949869 1767525949870 1 1504
1767525949869 1767525949870 1 1504
1767525949869 1767525949870 1 1504
1767525949870 1767525949875 5 1504
1767525949870 1767525949875 5 1504
1767525949875 1767525949877 2 1504
1767525949875 1767525949877 2 1504
1767525949875 1767525949877 2 1504
1767525949875 1767525949877 2 1504
1767525949876 1767525949877 1 1504
1767525949876 1767525949877 1 1504
1767525949877 1767525949881 4 1504
1767525949877 1767525949881 4 1504
1767525949878 1767525949881 3 1504
1767525949878 1767525949881 3 1504
1767525949879 1767525949881 2 1504
1767525949879 1767525949881 2 1504
1767525949880 1767525949881 1 1504
1767525949880 1767525949881 1 1504
1767525949881 1767525949885 4 1504
1767525949881 1767525949885 4 1504
1767525949885 1767525949889 4 1504
1767525949885 1767525949889 4 1504
1767525949885 1767525949889 4 1504
1767525949885 1767525949889 4 1504
1767525949886 1767525949889 3 1504
1767525949886 1767525949889 3 1504
1767525949887 1767525949889 2 1504
1767525949887 1767525949889 2 1504
1767525949888 1767525949889 1 1504
1767525949888 1767525949889 1 1504
1767525949889 1767525949893 4 1504
1767525949889 1767525949893 4 1504
1767525949890 1767525949893 3 1504
1767525949890 1767525949893 3 1504
1767525949891 1767525949893 2 1504
1767525949891 1767525949893 2 1504
1767525949892 1767525949893 1 1504
1767525949892 1767525949893 1 1504
1767525949893 1767525949897 4 1504
1767525949893 1767525949897 4 1504
1767525949894 1767525949897 3 1504
1767525949894 1767525949897 3 1504
1767525949895 1767525949897 2 1504
1767525949895 1767525949897 2 1504
1767525949896 1767525949897 1 1504
1767525949896 1767525949897 1 1504
1767525949896 1767525949897 1 1504
1767525949897 1767525949901 4 1504
1767525949897 1767525949901 4 1504
1767525949898 1767525949901 3 1504
1767525949898 1767525949901 3 1504
1767525949901 1767525949905 4 1504
1767525949901 1767525949905 4 1504
1767525949901 1767525949905 4 1504
1767525949901 1767525949905 4 1504
1767525949902 1767525949905 3 1504
1767525949902 1767525949905 3 1504
1767525949905 1767525949909 4 1504
1767525949905 1767525949909 4 1504
1767525949906 1767525949909 3 1504
1767525949906 1767525949909 3 1504
1767525949907 1767525949909 2 1504
1767525949907 1767525949909 2 1504
1767525949907 1767525949909 2 1504
1767525949907 1767525949910 3 1504
1767525949909 1767525949913 4 1504
1767525949909 1767525949913 4 1504
1767525949913 1767525949917 4 1504
1767525949913 1767525949917 4 1504
1767525949914 1767525949917 3 1504
1767525949914 1767525949917 3 1504
1767525949915 1767525949918 3 1504
1767525949915 1767525949918 3 1504
1767525949916 1767525949918 2 1504
1767525949916 1767525949918 2 1504
1767525949916 1767525949918 2 1504
1767525949916 1767525949918 2 1504
1767525949917 1767525949921 4 1504
1767525949917 1767525949921 4 1504
1767525949918 1767525949921 3 1504
1767525949918 1767525949921 3 1504
1767525949919 1767525949921 2 1504
1767525949919 1767525949921 2 1504
1767525949920 1767525949921 1 1504
1767525949920 1767525949921 1 1504
1767525949921 1767525949925 4 1504
1767525949921 1767525949925 4 1504
1767525949922 1767525949925 3 1504
1767525949922 1767525949925 3 1504
1767525949923 1767525949925 2 1504
1767525949923 1767525949925 2 1504
1767525949923 1767525949925 2 1504
1767525949924 1767525949925 1 1504
1767525949924 1767525949925 1 1504
1767525949925 1767525949929 4 1504
1767525949925 1767525949930 5 1504
1767525949926 1767525949930 4 1504
1767525949926 1767525949930 4 1504
1767525949927 1767525949930 3 1504
1767525949927 1767525949930 3 1504
1767525949928 1767525949930 2 1504
1767525949928 1767525949930 2 1504
1767525949928 1767525949930 2 1504
1767525949929 1767525949930 1 1504
1767525949929 1767525949930 1 1504
1767525949929 1767525949930 1 1504
1767525949930 1767525949933 3 1504
1767525949930 1767525949933 3 1504
1767525949931 1767525949933 2 1504
1767525949931 1767525949933 2 1504
1767525949932 1767525949933 1 1504
1767525949932 1767525949933 1 1504
1767525949933 1767525949937 4 1504
1767525949933 1767525949937 4 1504
1767525949937 1767525949941 4 1504
1767525949937 1767525949941 4 1504
1767525949937 1767525949941 4 1504
1767525949937 1767525949941 4 1504
1767525949938 1767525949941 3 1504
1767525949938 1767525949941 3 1504
1767525949939 1767525949941 2 1504
1767525949939 1767525949941 2 1504
1767525949940 1767525949941 1 1504
1767525949940 1767525949941 1 1504
1767525949945 1767525949949 4 1504
1767525949945 1767525949949 4 1504
1767525949946 1767525949949 3 1504
1767525949946 1767525949949 3 1504
1767525949946 1767525949949 3 1504
1767525949946 1767525949949 3 1504
1767525949947 1767525949949 2 1504
1767525949947 1767525949950 3 1504
1767525949950 1767525949952 2 1504
1767525949950 1767525949952 2 1504
1767525949950 1767525949952 2 1504
1767525949950 1767525949952 2 1504
1767525949950 1767525949952 2 1504
1767525949951 1767525949952 1 1504
1767525949951 1767525949952 1 1504
1767525949952 1767525949957 5 1504
1767525949952 1767525949961 9 1504
1767525949953 1767525949961 8 1504
1767525949953 1767525949961 8 1504
1767525949954 1767525949961 7 1504
1767525949954 1767525949961 7 1504
1767525949955 1767525949961 6 1504
1767525949955 1767525949962 7 1504
1767525949956 1767525949962 6 1504
1767525949956 1767525949962 6 1504
1767525949957 1767525949962 5 1504
1767525949957 1767525949962 5 1504
1767525949958 1767525949962 4 1504
1767525949958 1767525949962 4 1504
1767525949959 1767525949962 3 1504
1767525949959 1767525949962 3 1504
1767525949959 1767525949965 6 1504
1767525949959 1767525949965 6 1504
1767525949960 1767525949965 5 1504
1767525949960 1767525949965 5 1504
1767525949961 1767525949965 4 1504
1767525949961 1767525949965 4 1504
1767525949962 1767525949965 3 1504
1767525949962 1767525949965 3 1504
1767525949963 1767525949965 2 1504
1767525949963 1767525949965 2 1504
1767525949964 1767525949965 1 1504
1767525949964 1767525949965 1 1504
1767525949965 1767525949969 4 1504
1767525949965 1767525949969 4 1504
1767525949966 1767525949969 3 1504
1767525949966 1767525949969 3 1504
1767525949973 1767525949976 3 1504
1767525949973 1767525949976 3 1504
1767525949973 1767525949976 3 1504
1767525949973 1767525949976 3 1504
1767525949974 1767525949976 2 1504
1767525949974 1767525949976 2 1504
1767525949975 1767525949976 1 1504
1767525949975 1767525949976 1 1504
1767525949976 1767525949981 5 1504
1767525949976 1767525949981 5 1504
1767525949976 1767525949981 5 1504
1767525949977 1767525949981 4 1504
1767525949977 1767525949981 4 1504
1767525949978 1767525949981 3 1504
1767525949978 1767525949981 3 1504
1767525949984 1767525949989 5 1504
1767525949984 1767525949989 5 1504
1767525949984 1767525949989 5 1504
1767525949984 1767525949989 5 1504
1767525949989 1767525949992 3 1504
1767525949989 1767525949992 3 1504
1767525949989 1767525949992 3 1504
1767525949990 1767525949992 2 1504
1767525949990 1767525949992 2 1504
1767525949991 1767525949992 1 1504
1767525949991 1767525949992 1 1504
1767525949992 1767525949999 7 1504
1767525949992 1767525949999 7 1504
1767525949993 1767525949999 6 1504
1767525949993 1767525949999 6 1504
1767525949994 1767525949999 5 1504
1767525949994 1767525949999 5 1504
1767525949995 1767525949999 4 1504
1767525949995 1767525949999 4 1504
1767525949996 1767525949999 3 1504
1767525949996 1767525949999 3 1504
1767525949997 1767525950000 3 1504
1767525949997 1767525950000 3 1504
1767525949998 1767525950000 2 1504
1767525949998 1767525950000 2 1504
1767525949999 1767525950001 2 1504
1767525949999 1767525950001 2 1504
1767525950000 1767525950001 1 1504
1767525950000 1767525950001 1 1504
1767525950001 1767525950007 6 1504
1767525950001 1767525950007 6 1504
1767525950002 1767525950007 5 1504
1767525950002 1767525950007 5 1504
1767525950003 1767525950007 4 1504
1767525950003 1767525950007 4 1504
1767525950004 1767525950007 3 1504
1767525950004 1767525950007 3 1504
1767525950005 1767525950007 2 1504
1767525950005 1767525950007 2 1504
1767525950006 1767525950007 1 1504
1767525950006 1767525950007 1 1504
1767525950007 1767525950009 2 1504
1767525950007 1767525950009 2 1504
1767525950008 1767525950009 1 1504
1767525950008 1767525950009 1 1504
1767525950009 1767525950015 6 1504
1767525950009 1767525950015 6 1504
1767525950010 1767525950015 5 1504
1767525950010 1767525950015 5 1504
1767525950015 1767525950017 2 1504
1767525950016 1767525950017 1 1504
1767525950016 1767525950017 1 1504
1767525950016 1767525950017 1 1504
1767525950017 1767525950021 4 1504
1767525950017 1767525950021 4 1504
1767525950018 1767525950021 3 1504
1767525950018 1767525950021 3 1504
1767525950019 1767525950021 2 1504
1767525950019 1767525950021 2 1504
1767525950022 1767525950025 3 1504
1767525950022 1767525950025 3 1504
1767525950022 1767525950025 3 1504
1767525950022 1767525950025 3 1504
1767525950023 1767525950025 2 1504
1767525950023 1767525950025 2 1504
1767525950024 1767525950025 1 1504
1767525950024 1767525950025 1 1504
1767525950025 1767525950030 5 1504
1767525950025 1767525950030 5 1504
1767525950026 1767525950030 4 1504
1767525950026 1767525950030 4 1504
1767525950027 1767525950030 3 1504
1767525950027 1767525950030 3 1504
1767525950028 1767525950030 2 1504
1767525950028 1767525950030 2 1504
1767525950028 1767525950030 2 1504
1767525950028 1767525950030 2 1504
1767525950030 1767525950033 3 1504
1767525950030 1767525950033 3 1504
1767525950030 1767525950033 3 1504
1767525950030 1767525950033 3 1504
1767525950031 1767525950033 2 1504
1767525950031 1767525950033 2 1504
1767525950032 1767525950033 1 1504
1767525950033 1767525950037 4 1504
1767525950033 1767525950037 4 1504
1767525950034 1767525950037 3 1504
1767525950034 1767525950037 3 1504
1767525950034 1767525950037 3 1504
1767525950034 1767525950037 3 1504
1767525950035 1767525950037 2 1504
1767525950035 1767525950037 2 1504
1767525950036 1767525950037 1 1504
1767525950036 1767525950037 1 1504
1767525950037 1767525950041 4 1504
1767525950037 1767525950041 4 1504
1767525950038 1767525950041 3 1504
1767525950038 1767525950041 3 1504
1767525950041 1767525950045 4 1504
1767525950041 1767525950045 4 1504
1767525950041 1767525950045 4 1504
1767525950041 1767525950045 4 1504
1767525950042 1767525950045 3 1504
1767525950042 1767525950045 3 1504
1767525950043 1767525950045 2 1504
1767525950043 1767525950045 2 1504
1767525950044 1767525950045 1 1504
1767525950044 1767525950045 1 1504
1767525950049 1767525950052 3 1504
1767525950049 1767525950052 3 1504
1767525950049 1767525950052 3 1504
1767525950049 1767525950052 3 1504
1767525950050 1767525950052 2 1504
1767525950050 1767525950052 2 1504
1767525950051 1767525950052 1 1504
1767525950051 1767525950052 1 1504
1767525950052 1767525950058 6 1504
1767525950052 1767525950058 6 1504
1767525950053 1767525950058 5 1504
1767525950053 1767525950058 5 1504
1767525950054 1767525950058 4 1504
1767525950054 1767525950058 4 1504
1767525950055 1767525950058 3 1504
1767525950055 1767525950058 3 1504
1767525950055 1767525950058 3 1504
1767525950055 1767525950058 3 1504
1767525950060 1767525950065 5 1504
1767525950060 1767525950065 5 1504
1767525950060 1767525950065 5 1504
1767525950061 1767525950065 4 1504
1767525950061 1767525950065 4 1504
1767525950062 1767525950065 3 1504
1767525950062 1767525950065 3 1504
1767525950065 1767525950068 3 1504
1767525950065 1767525950068 3 1504
1767525950066 1767525950068 2 1504
1767525950066 1767525950068 2 1504
1767525950067 1767525950068 1 1504
1767525950067 1767525950068 1 1504
1767525950068 1767525950073 5 1504
1767525950068 1767525950073 5 1504
1767525950069 1767525950073 4 1504
1767525950069 1767525950073 4 1504
1767525950070 1767525950073 3 1504
1767525950070 1767525950073 3 1504
1767525950071 1767525950073 2 1504
1767525950071 1767525950073 2 1504
1767525950073 1767525950077 4 1504
1767525950073 1767525950077 4 1504
1767525950074 1767525950077 3 1504
1767525950074 1767525950077 3 1504
1767525950075 1767525950077 2 1504
1767525950075 1767525950077 2 1504
1767525950076 1767525950077 1 1504
1767525950076 1767525950077 1 1504
1767525950077 1767525950081 4 1504
1767525950077 1767525950081 4 1504
1767525950078 1767525950081 3 1504
1767525950078 1767525950081 3 1504
1767525950079 1767525950081 2 1504
1767525950079 1767525950081 2 1504
1767525950080 1767525950081 1 1504
1767525950080 1767525950081 1 1504
1767525950081 1767525950085 4 1504
1767525950081 1767525950085 4 1504
1767525950082 1767525950085 3 1504
1767525950082 1767525950085 3 1504
1767525950083 1767525950085 2 1504
1767525950083 1767525950085 2 1504
1767525950083 1767525950085 2 1504
1767525950083 1767525950085 2 1504
1767525950084 1767525950086 2 1504
1767525950084 1767525950086 2 1504
1767525950085 1767525950089 4 1504
1767525950086 1767525950089 3 1504
1767525950086 1767525950089 3 1504
1767525950087 1767525950089 2 1504
1767525950087 1767525950089 2 1504
1767525950088 1767525950089 1 1504
1767525950088 1767525950089 1 1504
1767525950089 1767525950093 4 1504
1767525950089 1767525950094 5 1504
1767525950090 1767525950094 4 1504
1767525950090 1767525950094 4 1504
1767525950090 1767525950094 4 1504
1767525950091 1767525950094 3 1504
1767525950091 1767525950094 3 1504
1767525950091 1767525950094 3 1504
1767525950097 1767525950101 4 1504
1767525950097 1767525950101 4 1504
1767525950098 1767525950101 3 1504
1767525950098 1767525950101 3 1504
1767525950099 1767525950101 2 1504
1767525950099 1767525950101 2 1504
1767525950100 1767525950101 1 1504
1767525950100 1767525950101 1 1504
1767525950101 1767525950105 4 1504
1767525950101 1767525950105 4 1504
1767525950102 1767525950105 3 1504
1767525950102 1767525950105 3 1504
1767525950103 1767525950105 2 1504
1767525950103 1767525950105 2 1504
1767525950103 1767525950105 2 1504
1767525950103 1767525950106 3 1504
1767525950105 1767525950109 4 1504
1767525950105 1767525950109 4 1504
1767525950106 1767525950109 3 1504
1767525950106 1767525950109 3 1504
1767525950107 1767525950109 2 1504
1767525950107 1767525950109 2 1504
1767525950108 1767525950109 1 1504
1767525950108 1767525950109 1 1504
1767525950109 1767525950113 4 1504
1767525950109 1767525950113 4 1504
1767525950109 1767525950113 4 1504
1767525950109 1767525950113 4 1504
1767525950110 1767525950113 3 1504
1767525950110 1767525950113 3 1504
1767525950111 1767525950113 2 1504
1767525950112 1767525950113 1 1504
1767525950112 1767525950113 1 1504
1767525950113 1767525950117 4 1504
1767525950113 1767525950118 5 1504
1767525950114 1767525950118 4 1504
1767525950114 1767525950118 4 1504
1767525950114 1767525950118 4 1504
1767525950115 1767525950118 3 1504
1767525950115 1767525950118 3 1504
1767525950115 1767525950118 3 1504
1767525950118 1767525950120 2 1504
1767525950118 1767525950120 2 1504
1767525950118 1767525950120 2 1504
1767525950118 1767525950120 2 1504
1767525950119 1767525950120 1 1504
1767525950119 1767525950120 1 1504
1767525950120 1767525950125 5 1504
1767525950120 1767525950125 5 1504
1767525950126 1767525950128 2 1504
1767525950126 1767525950128 2 1504
1767525950126 1767525950128 2 1504
1767525950126 1767525950128 2 1504
1767525950127 1767525950128 1 1504
1767525950127 1767525950128 1 1504
1767525950128 1767525950133 5 1504
1767525950128 1767525950133 5 1504
1767525950129 1767525950133 4 1504
1767525950129 1767525950133 4 1504
1767525950130 1767525950133 3 1504
1767525950130 1767525950133 3 1504
1767525950130 1767525950133 3 1504
1767525950130 1767525950133 3 1504
1767525950131 1767525950134 3 1504
1767525950131 1767525950134 3 1504
1767525950134 1767525950136 2 1504
1767525950134 1767525950136 2 1504
1767525950134 1767525950136 2 1504
1767525950134 1767525950136 2 1504
1767525950135 1767525950136 1 1504
1767525950135 1767525950136 1 1504
1767525950136 1767525950141 5 1504
1767525950136 1767525950141 5 1504
1767525950136 1767525950141 5 1504
1767525950136 1767525950141 5 1504
1767525950137 1767525950141 4 1504
1767525950138 1767525950141 3 1504
1767525950138 1767525950141 3 1504
1767525950139 1767525950141 2 1504
1767525950139 1767525950141 2 1504
1767525950139 1767525950141 2 1504
1767525950139 1767525950141 2 1504
1767525950140 1767525950141 1 1504
1767525950140 1767525950141 1 1504
1767525950141 1767525950144 3 1504
1767525950141 1767525950144 3 1504
1767525950142 1767525950144 2 1504
1767525950142 1767525950144 2 1504
1767525950143 1767525950144 1 1504
1767525950143 1767525950144 1 1504
1767525950144 1767525950149 5 1504
1767525950144 1767525950149 5 1504
1767525950144 1767525950149 5 1504
1767525950144 1767525950149 5 1504
1767525950145 1767525950149 4 1504
1767525950145 1767525950149 4 1504
1767525950146 1767525950149 3 1504
1767525950146 1767525950149 3 1504
1767525950149 1767525950152 3 1504
1767525950149 1767525950152 3 1504
1767525950152 1767525950157 5 1504
1767525950152 1767525950157 5 1504
1767525950152 1767525950157 5 1504
1767525950152 1767525950157 5 1504
1767525950153 1767525950157 4 1504
1767525950153 1767525950157 4 1504
1767525950160 1767525950165 5 1504
1767525950160 1767525950165 5 1504
1767525950160 1767525950165 5 1504
1767525950160 1767525950165 5 1504
1767525950161 1767525950165 4 1504
1767525950161 1767525950165 4 1504
1767525950162 1767525950165 3 1504
1767525950162 1767525950165 3 1504
1767525950163 1767525950165 2 1504
1767525950163 1767525950165 2 1504
1767525950165 1767525950169 4 1504
1767525950165 1767525950169 4 1504
1767525950165 1767525950169 4 1504
1767525950165 1767525950169 4 1504
1767525950166 1767525950169 3 1504
1767525950167 1767525950169 2 1504
1767525950167 1767525950169 2 1504
1767525950168 1767525950169 1 1504
1767525950168 1767525950169 1 1504
1767525950168 1767525950170 2 1504
1767525950168 1767525950170 2 1504
1767525950169 1767525950173 4 1504
1767525950169 1767525950173 4 1504
1767525950170 1767525950173 3 1504
1767525950170 1767525950173 3 1504
1767525950171 1767525950173 2 1504
1767525950171 1767525950173 2 1504
1767525950172 1767525950173 1 1504
1767525950172 1767525950173 1 1504
1767525950173 1767525950177 4 1504
1767525950173 1767525950177 4 1504
1767525950174 1767525950177 3 1504
1767525950174 1767525950177 3 1504
1767525950175 1767525950177 2 1504
1767525950175 1767525950177 2 1504
1767525950176 1767525950177 1 1504
1767525950176 1767525950177 1 1504
1767525950177 1767525950181 4 1504
1767525950177 1767525950181 4 1504
1767525950178 1767525950181 3 1504
1767525950178 1767525950181 3 1504
1767525950178 1767525950181 3 1504
1767525950178 1767525950181 3 1504
1767525950179 1767525950181 2 1504
1767525950179 1767525950181 2 1504
1767525950181 1767525950185 4 1504
1767525950181 1767525950185 4 1504
1767525950181 1767525950185 4 1504
1767525950181 1767525950185 4 1504
1767525950182 1767525950185 3 1504
1767525950182 1767525950185 3 1504
1767525950189 1767525950193 4 1504
1767525950189 1767525950193 4 1504
1767525950189 1767525950193 4 1504
1767525950189 1767525950193 4 1504
1767525950190 1767525950193 3 1504
1767525950190 1767525950193 3 1504
1767525950191 1767525950193 2 1504
1767525950191 1767525950193 2 1504
1767525950192 1767525950193 1 1504
1767525950193 1767525950197 4 1504
1767525950193 1767525950197 4 1504
1767525950193 1767525950197 4 1504
1767525950193 1767525950197 4 1504
1767525950194 1767525950197 3 1504
1767525950194 1767525950197 3 1504
1767525950195 1767525950197 2 1504
1767525950195 1767525950197 2 1504
1767525950196 1767525950197 1 1504
1767525950196 1767525950197 1 1504
1767525950197 1767525950201 4 1504
1767525950197 1767525950201 4 1504
1767525950198 1767525950201 3 1504
1767525950198 1767525950201 3 1504
1767525950199 1767525950201 2 1504
1767525950199 1767525950201 2 1504
1767525950199 1767525950201 2 1504
1767525950199 1767525950201 2 1504
1767525950200 1767525950201 1 1504
1767525950200 1767525950201 1 1504
1767525950201 1767525950205 4 1504
1767525950201 1767525950205 4 1504
1767525950202 1767525950205 3 1504
1767525950202 1767525950205 3 1504
1767525950203 1767525950205 2 1504
1767525950203 1767525950205 2 1504
1767525950204 1767525950205 1 1504
1767525950204 1767525950205 1 1504
1767525950204 1767525950205 1 1504
1767525950204 1767525950205 1 1504
1767525950205 1767525950209 4 1504
1767525950205 1767525950209 4 1504
1767525950206 1767525950209 3 1504
1767525950206 1767525950209 3 1504
1767525950207 1767525950209 2 1504
1767525950207 1767525950209 2 1504
1767525950208 1767525950209 1 1504
1767525950208 1767525950209 1 1504
1767525950209 1767525950213 4 1504
1767525950209 1767525950213 4 1504
1767525950209 1767525950213 4 1504
1767525950209 1767525950213 4 1504
1767525950213 1767525950217 4 1504
1767525950213 1767525950217 4 1504
1767525950214 1767525950217 3 1504
1767525950214 1767525950217 3 1504
1767525950214 1767525950217 3 1504
1767525950215 1767525950217 2 1504
1767525950215 1767525950217 2 1504
1767525950216 1767525950217 1 1504
1767525950216 1767525950217 1 1504
1767525950217 1767525950221 4 1504
1767525950217 1767525950221 4 1504
1767525950217 1767525950221 4 1504
1767525950217 1767525950221 4 1504
1767525950218 1767525950221 3 1504
1767525950218 1767525950221 3 1504
1767525950219 1767525950221 2 1504
1767525950219 1767525950221 2 1504
1767525950220 1767525950222 2 1504
1767525950220 1767525950222 2 1504
1767525950220 1767525950222 2 1504
1767525950220 1767525950222 2 1504
1767525950221 1767525950225 4 1504
1767525950221 1767525950225 4 1504
1767525950222 1767525950225 3 1504
1767525950222 1767525950225 3 1504
1767525950223 1767525950225 2 1504
1767525950223 1767525950225 2 1504
1767525950223 1767525950225 2 1504
1767525950223 1767525950225 2 1504
1767525950224 1767525950225 1 1504
1767525950224 1767525950225 1 1504
1767525950225 1767525950229 4 1504
1767525950225 1767525950229 4 1504
1767525950226 1767525950229 3 1504
1767525950226 1767525950229 3 1504
1767525950226 1767525950229 3 1504
1767525950226 1767525950229 3 1504
1767525950227 1767525950229 2 1504
1767525950227 1767525950229 2 1504
1767525950228 1767525950229 1 1504
1767525950228 1767525950229 1 1504
1767525950229 1767525950233 4 1504
1767525950229 1767525950234 5 1504
1767525950229 1767525950234 5 1504
1767525950229 1767525950234 5 1504
1767525950230 1767525950234 4 1504
1767525950230 1767525950234 4 1504
1767525950231 1767525950234 3 1504
1767525950237 1767525950241 4 1504
1767525950237 1767525950242 5 1504
1767525950237 1767525950242 5 1504
1767525950237 1767525950242 5 1504
1767525950241 1767525950242 1 1504
1767525950241 1767525950242 1 1504
1767525950242 1767525950245 3 1504
1767525950242 1767525950245 3 1504
1767525950242 1767525950245 3 1504
1767525950242 1767525950245 3 1504
1767525950243 1767525950245 2 1504
1767525950243 1767525950245 2 1504
1767525950244 1767525950245 1 1504
1767525950244 1767525950245 1 1504
1767525950245 1767525950249 4 1504
1767525950245 1767525950250 5 1504
1767525950245 1767525950250 5 1504
1767525950245 1767525950250 5 1504
1767525950246 1767525950250 4 1504
1767525950246 1767525950250 4 1504
1767525950247 1767525950250 3 1504
1767525950247 1767525950250 3 1504
1767525950248 1767525950250 2 1504
1767525950248 1767525950250 2 1504
1767525950248 1767525950250 2 1504
1767525950248 1767525950250 2 1504
1767525950249 1767525950250 1 1504
1767525950249 1767525950250 1 1504
1767525950250 1767525950253 3 1504
1767525950250 1767525950253 3 1504
1767525950251 1767525950253 2 1504
1767525950251 1767525950253 2 1504
1767525950251 1767525950253 2 1504
1767525950251 1767525950253 2 1504
1767525950252 1767525950253 1 1504
1767525950252 1767525950253 1 1504
1767525950253 1767525950257 4 1504
1767525950253 1767525950257 4 1504
1767525950254 1767525950257 3 1504
1767525950254 1767525950257 3 1504
1767525950255 1767525950257 2 1504
1767525950255 1767525950257 2 1504
1767525950255 1767525950257 2 1504
1767525950255 1767525950257 2 1504
1767525950256 1767525950257 1 1504
1767525950257 1767525950261 4 1504
1767525950257 1767525950261 4 1504
1767525950257 1767525950261 4 1504
1767525950257 1767525950261 4 1504
1767525950258 1767525950261 3 1504
1767525950258 1767525950261 3 1504
1767525950259 1767525950261 2 1504
1767525950259 1767525950261 2 1504
1767525950265 1767525950269 4 1504
1767525950265 1767525950269 4 1504
1767525950265 1767525950269 4 1504
1767525950265 1767525950269 4 1504
1767525950266 1767525950269 3 1504
1767525950266 1767525950269 3 1504
1767525950270 1767525950272 2 1504
1767525950270 1767525950272 2 1504
1767525950270 1767525950272 2 1504
1767525950270 1767525950272 2 1504
1767525950271 1767525950272 1 1504
1767525950271 1767525950272 1 1504
1767525950272 1767525950277 5 1504
1767525950272 1767525950277 5 1504
1767525950273 1767525950277 4 1504
1767525950273 1767525950277 4 1504
1767525950273 1767525950277 4 1504
1767525950273 1767525950277 4 1504
1767525950274 1767525950277 3 1504
1767525950274 1767525950277 3 1504
1767525950275 1767525950277 2 1504
1767525950275 1767525950277 2 1504
1767525950276 1767525950277 1 1504
1767525950276 1767525950277 1 1504
1767525950277 1767525950280 3 1504
1767525950277 1767525950280 3 1504
1767525950277 1767525950280 3 1504
1767525950277 1767525950280 3 1504
1767525950278 1767525950280 2 1504
1767525950278 1767525950280 2 1504
1767525950279 1767525950280 1 1504
1767525950279 1767525950280 1 1504
1767525950280 1767525950285 5 1504
1767525950280 1767525950285 5 1504
1767525950281 1767525950285 4 1504
1767525950281 1767525950285 4 1504
1767525950285 1767525950288 3 1504
1767525950286 1767525950288 2 1504
1767525950286 1767525950288 2 1504
1767525950287 1767525950288 1 1504
1767525950287 1767525950288 1 1504
1767525950287 1767525950288 1 1504
1767525950287 1767525950288 1 1504
1767525950288 1767525950293 5 1504
1767525950288 1767525950293 5 1504
1767525950289 1767525950293 4 1504
1767525950289 1767525950293 4 1504
1767525950290 1767525950293 3 1504
1767525950290 1767525950293 3 1504
1767525950291 1767525950293 2 1504
1767525950291 1767525950293 2 1504
1767525950292 1767525950293 1 1504
1767525950292 1767525950293 1 1504
1767525950293 1767525950296 3 1504
1767525950293 1767525950296 3 1504
1767525950294 1767525950296 2 1504
1767525950294 1767525950296 2 1504
1767525950294 1767525950296 2 1504
1767525950295 1767525950296 1 1504
1767525950301 1767525950304 3 1504
1767525950301 1767525950304 3 1504
1767525950302 1767525950304 2 1504
1767525950302 1767525950304 2 1504
1767525950303 1767525950304 1 1504
1767525950303 1767525950304 1 1504
1767525950304 1767525950309 5 1504
1767525950304 1767525950309 5 1504
1767525950305 1767525950309 4 1504
1767525950305 1767525950309 4 1504
1767525950306 1767525950309 3 1504
1767525950306 1767525950309 3 1504
1767525950307 1767525950309 2 1504
1767525950307 1767525950309 2 1504
1767525950308 1767525950309 1 1504
1767525950308 1767525950309 1 1504
1767525950309 1767525950312 3 1504
1767525950309 1767525950312 3 1504
1767525950309 1767525950312 3 1504
1767525950310 1767525950312 2 1504
1767525950310 1767525950312 2 1504
1767525950310 1767525950312 2 1504
1767525950311 1767525950312 1 1504
1767525950312 1767525950317 5 1504
1767525950312 1767525950317 5 1504
1767525950313 1767525950317 4 1504
1767525950313 1767525950317 4 1504
1767525950314 1767525950317 3 1504
1767525950314 1767525950317 3 1504
1767525950315 1767525950317 2 1504
1767525950315 1767525950317 2 1504
1767525950317 1767525950320 3 1504
1767525950317 1767525950320 3 1504
1767525950317 1767525950320 3 1504
1767525950318 1767525950320 2 1504
1767525950318 1767525950320 2 1504
1767525950319 1767525950320 1 1504
1767525950319 1767525950320 1 1504
1767525950320 1767525950325 5 1504
1767525950320 1767525950325 5 1504
1767525950321 1767525950325 4 1504
1767525950321 1767525950325 4 1504
1767525950322 1767525950325 3 1504
1767525950322 1767525950325 3 1504
1767525950323 1767525950325 2 1504
1767525950323 1767525950325 2 1504
1767525950324 1767525950325 1 1504
1767525950324 1767525950329 5 1504
1767525950325 1767525950329 4 1504
1767525950325 1767525950329 4 1504
1767525950325 1767525950329 4 1504
1767525950325 1767525950330 5 1504
1767525950326 1767525950330 4 1504
1767525950326 1767525950330 4 1504
1767525950333 1767525950337 4 1504
1767525950333 1767525950337 4 1504
1767525950334 1767525950337 3 1504
1767525950334 1767525950337 3 1504
1767525950335 1767525950337 2 1504
1767525950335 1767525950337 2 1504
1767525950336 1767525950337 1 1504
1767525950336 1767525950337 1 1504
1767525950337 1767525950341 4 1504
1767525950337 1767525950341 4 1504
1767525950338 1767525950341 3 1504
1767525950338 1767525950341 3 1504
1767525950338 1767525950341 3 1504
1767525950338 1767525950341 3 1504
1767525950339 1767525950341 2 1504
1767525950339 1767525950341 2 1504
1767525950340 1767525950341 1 1504
1767525950340 1767525950341 1 1504
1767525950341 1767525950345 4 1504
1767525950341 1767525950345 4 1504
1767525950342 1767525950345 3 1504
1767525950342 1767525950346 4 1504
1767525950343 1767525950346 3 1504
1767525950343 1767525950346 3 1504
1767525950344 1767525950346 2 1504
1767525950344 1767525950346 2 1504
1767525950345 1767525950346 1 1504
1767525950345 1767525950346 1 1504
1767525950346 1767525950349 3 1504
1767525950346 1767525950349 3 1504
1767525950347 1767525950349 2 1504
1767525950347 1767525950349 2 1504
1767525950348 1767525950349 1 1504
1767525950348 1767525950349 1 1504
1767525950348 1767525950349 1 1504
1767525950348 1767525950349 1 1504
1767525950349 1767525950353 4 1504
1767525950349 1767525950354 5 1504
1767525950350 1767525950354 4 1504
1767525950350 1767525950354 4 1504
1767525950351 1767525950354 3 1504
1767525950351 1767525950354 3 1504
1767525950352 1767525950354 2 1504
1767525950352 1767525950354 2 1504
1767525950353 1767525950354 1 1504
1767525950353 1767525950354 1 1504
1767525950354 1767525950357 3 1504
1767525950354 1767525950357 3 1504
1767525950355 1767525950357 2 1504
1767525950355 1767525950358 3 1504
1767525950355 1767525950358 3 1504
1767525950355 1767525950358 3 1504
1767525950356 1767525950358 2 1504
1767525950356 1767525950358 2 1504
1767525950361 1767525950362 1 1504
1767525950361 1767525950362 1 1504
1767525950361 1767525950362 1 1504
1767525950361 1767525950362 1 1504
1767525950362 1767525950365 3 1504
1767525950363 1767525950365 2 1504
1767525950363 1767525950365 2 1504
1767525950364 1767525950365 1 1504
1767525950364 1767525950365 1 1504
1767525950365 1767525950369 4 1504
1767525950365 1767525950370 5 1504
1767525950366 1767525950370 4 1504
1767525950366 1767525950370 4 1504
1767525950367 1767525950370 3 1504
1767525950367 1767525950370 3 1504
1767525950368 1767525950370 2 1504
1767525950368 1767525950370 2 1504
1767525950368 1767525950370 2 1504
1767525950368 1767525950370 2 1504
1767525950369 1767525950370 1 1504
1767525950369 1767525950370 1 1504
1767525950370 1767525950373 3 1504
1767525950370 1767525950373 3 1504
1767525950371 1767525950373 2 1504
1767525950371 1767525950373 2 1504
1767525950372 1767525950373 1 1504
1767525950372 1767525950373 1 1504
1767525950373 1767525950377 4 1504
1767525950373 1767525950377 4 1504
1767525950374 1767525950378 4 1504
1767525950374 1767525950378 4 1504
1767525950374 1767525950378 4 1504
1767525950374 1767525950378 4 1504
1767525950375 1767525950378 3 1504
1767525950375 1767525950378 3 1504
1767525950376 1767525950378 2 1504
1767525950376 1767525950378 2 1504
1767525950377 1767525950378 1 1504
1767525950377 1767525950378 1 1504
1767525950378 1767525950381 3 1504
1767525950378 1767525950381 3 1504
1767525950378 1767525950381 3 1504
1767525950378 1767525950381 3 1504
1767525950379 1767525950381 2 1504
1767525950379 1767525950381 2 1504
1767525950380 1767525950381 1 1504
1767525950380 1767525950381 1 1504
1767525950381 1767525950385 4 1504
1767525950381 1767525950386 5 1504
1767525950382 1767525950386 4 1504
1767525950382 1767525950386 4 1504
1767525950382 1767525950386 4 1504
1767525950383 1767525950386 3 1504
1767525950383 1767525950386 3 1504
1767525950386 1767525950389 3 1504
1767525950387 1767525950389 2 1504
1767525950387 1767525950389 2 1504
1767525950387 1767525950389 2 1504
1767525950389 1767525950393 4 1504
1767525950389 1767525950394 5 1504
1767525950389 1767525950394 5 1504
1767525950389 1767525950394 5 1504
1767525950390 1767525950394 4 1504
1767525950390 1767525950394 4 1504
1767525950393 1767525950394 1 1504
1767525950394 1767525950397 3 1504
1767525950394 1767525950397 3 1504
1767525950394 1767525950397 3 1504
1767525950395 1767525950397 2 1504
1767525950395 1767525950397 2 1504
1767525950396 1767525950397 1 1504
1767525950396 1767525950397 1 1504
1767525950396 1767525950397 1 1504
1767525950396 1767525950397 1 1504
1767525950397 1767525950401 4 1504
1767525950397 1767525950402 5 1504
1767525950401 1767525950402 1 1504
1767525950401 1767525950402 1 1504
1767525950401 1767525950402 1 1504
1767525950401 1767525950402 1 1504
1767525950402 1767525950405 3 1504
1767525950402 1767525950405 3 1504
1767525950403 1767525950405 2 1504
1767525950403 1767525950405 2 1504
1767525950403 1767525950405 2 1504
1767525950403 1767525950405 2 1504
1767525950404 1767525950405 1 1504
1767525950404 1767525950405 1 1504
1767525950405 1767525950409 4 1504
1767525950405 1767525950409 4 1504
1767525950406 1767525950409 3 1504
1767525950406 1767525950409 3 1504
1767525950407 1767525950409 2 1504
1767525950407 1767525950409 2 1504
1767525950407 1767525950409 2 1504
1767525950408 1767525950409 1 1504
1767525950408 1767525950409 1 1504
1767525950409 1767525950413 4 1504
1767525950409 1767525950413 4 1504
1767525950409 1767525950413 4 1504
1767525950410 1767525950413 3 1504
1767525950410 1767525950413 3 1504
1767525950410 1767525950413 3 1504
1767525950413 1767525950417 4 1504
1767525950413 1767525950417 4 1504
1767525950413 1767525950417 4 1504
1767525950413 1767525950417 4 1504
1767525950414 1767525950417 3 1504
1767525950414 1767525950417 3 1504
1767525950415 1767525950417 2 1504
1767525950415 1767525950417 2 1504
1767525950417 1767525950421 4 1504
1767525950417 1767525950421 4 1504
1767525950421 1767525950425 4 1504
1767525950421 1767525950425 4 1504
1767525950421 1767525950425 4 1504
1767525950421 1767525950425 4 1504
1767525950422 1767525950425 3 1504
1767525950422 1767525950425 3 1504
1767525950423 1767525950425 2 1504
1767525950423 1767525950425 2 1504
1767525950425 1767525950429 4 1504
1767525950425 1767525950429 4 1504
1767525950425 1767525950429 4 1504
1767525950425 1767525950429 4 1504
1767525950426 1767525950429 3 1504
1767525950426 1767525950429 3 1504
1767525950427 1767525950429 2 1504
1767525950427 1767525950429 2 1504
1767525950430 1767525950433 3 1504
1767525950430 1767525950433 3 1504
1767525950430 1767525950433 3 1504
1767525950430 1767525950433 3 1504
1767525950431 1767525950433 2 1504
1767525950431 1767525950433 2 1504
1767525950432 1767525950433 1 1504
1767525950432 1767525950433 1 1504
1767525950433 1767525950437 4 1504
1767525950433 1767525950437 4 1504
1767525950434 1767525950437 3 1504
1767525950434 1767525950437 3 1504
1767525950434 1767525950437 3 1504
1767525950435 1767525950437 2 1504
1767525950435 1767525950437 2 1504
1767525950436 1767525950437 1 1504
1767525950436 1767525950437 1 1504
1767525950436 1767525950437 1 1504
1767525950436 1767525950437 1 1504
1767525950437 1767525950441 4 1504
1767525950437 1767525950441 4 1504
1767525950438 1767525950441 3 1504
1767525950438 1767525950441 3 1504
1767525950439 1767525950441 2 1504
1767525950439 1767525950441 2 1504
1767525950439 1767525950441 2 1504
1767525950439 1767525950441 2 1504
1767525950440 1767525950441 1 1504
1767525950440 1767525950441 1 1504
1767525950441 1767525950445 4 1504
1767525950441 1767525950445 4 1504
1767525950441 1767525950445 4 1504
1767525950441 1767525950445 4 1504
1767525950442 1767525950445 3 1504
1767525950442 1767525950445 3 1504
1767525950442 1767525950445 3 1504
1767525950445 1767525950449 4 1504
1767525950445 1767525950449 4 1504
1767525950445 1767525950449 4 1504
1767525950445 1767525950449 4 1504
1767525950445 1767525950449 4 1504
1767525950445 1767525950449 4 1504
1767525950449 1767525950453 4 1504
1767525950449 1767525950453 4 1504
1767525950449 1767525950453 4 1504
1767525950450 1767525950453 3 1504
1767525950450 1767525950453 3 1504
1767525950453 1767525950457 4 1504
1767525950453 1767525950457 4 1504
1767525950453 1767525950457 4 1504
1767525950453 1767525950457 4 1504
1767525950457 1767525950462 5 1504
1767525950457 1767525950462 5 1504
1767525950461 1767525950465 4 1504
1767525950461 1767525950465 4 1504
1767525950462 1767525950465 3 1504
1767525950462 1767525950465 3 1504
1767525950462 1767525950465 3 1504
1767525950465 1767525950469 4 1504
1767525950465 1767525950469 4 1504
1767525950465 1767525950469 4 1504
1767525950465 1767525950469 4 1504
1767525950465 1767525950469 4 1504
1767525950465 1767525950469 4 1504
1767525950467 1767525950469 2 1504
1767525950467 1767525950469 2 1504
1767525950468 1767525950469 1 1504
1767525950468 1767525950469 1 1504
1767525950469 1767525950473 4 1504
1767525950469 1767525950473 4 1504
1767525950470 1767525950473 3 1504
1767525950470 1767525950473 3 1504
1767525950471 1767525950473 2 1504
1767525950471 1767525950473 2 1504
1767525950473 1767525950477 4 1504
1767525950473 1767525950478 5 1504
1767525950473 1767525950478 5 1504
1767525950473 1767525950478 5 1504
1767525950475 1767525950478 3 1504
1767525950475 1767525950478 3 1504
1767525950476 1767525950478 2 1504
1767525950476 1767525950478 2 1504
1767525950477 1767525950478 1 1504
1767525950477 1767525950478 1 1504
1767525950478 1767525950481 3 1504
1767525950478 1767525950481 3 1504
1767525950479 1767525950481 2 1504
1767525950479 1767525950481 2 1504
1767525950480 1767525950481 1 1504
1767525950480 1767525950481 1 1504
1767525950485 1767525950489 4 1504
1767525950485 1767525950489 4 1504
1767525950489 1767525950493 4 1504
1767525950489 1767525950494 5 1504
1767525950489 1767525950494 5 1504
1767525950489 1767525950494 5 1504
1767525950490 1767525950494 4 1504
1767525950490 1767525950494 4 1504
1767525950491 1767525950494 3 1504
1767525950491 1767525950494 3 1504
1767525950492 1767525950494 2 1504
1767525950492 1767525950494 2 1504
1767525950493 1767525950497 4 1504
1767525950493 1767525950497 4 1504
1767525950495 1767525950497 2 1504
1767525950495 1767525950497 2 1504
1767525950496 1767525950497 1 1504
1767525950496 1767525950497 1 1504
1767525950497 1767525950500 3 1504
1767525950497 1767525950500 3 1504
1767525950498 1767525950500 2 1504
1767525950498 1767525950500 2 1504
1767525950499 1767525950500 1 1504
1767525950499 1767525950500 1 1504
1767525950505 1767525950508 3 1504
1767525950505 1767525950508 3 1504
1767525950506 1767525950508 2 1504
1767525950506 1767525950508 2 1504
1767525950507 1767525950508 1 1504
1767525950507 1767525950508 1 1504
1767525950508 1767525950513 5 1504
1767525950508 1767525950513 5 1504
1767525950509 1767525950513 4 1504
1767525950509 1767525950513 4 1504
1767525950510 1767525950513 3 1504
1767525950510 1767525950513 3 1504
1767525950512 1767525950513 1 1504
1767525950512 1767525950513 1 1504
1767525950513 1767525950516 3 1504
1767525950513 1767525950516 3 1504
1767525950514 1767525950516 2 1504
1767525950514 1767525950516 2 1504
1767525950521 1767525950524 3 1504
1767525950521 1767525950524 3 1504
1767525950521 1767525950524 3 1504
1767525950521 1767525950524 3 1504
1767525950522 1767525950524 2 1504
1767525950522 1767525950524 2 1504
1767525950524 1767525950529 5 1504
1767525950524 1767525950529 5 1504
1767525950525 1767525950529 4 1504
1767525950525 1767525950529 4 1504
1767525950526 1767525950529 3 1504
1767525950526 1767525950529 3 1504
1767525950527 1767525950529 2 1504
1767525950527 1767525950529 2 1504
1767525950528 1767525950529 1 1504
1767525950529 1767525950532 3 1504
1767525950529 1767525950532 3 1504
1767525950530 1767525950532 2 1504
1767525950530 1767525950532 2 1504
1767525950531 1767525950532 1 1504
1767525950531 1767525950532 1 1504
1767525950532 1767525950537 5 1504
1767525950532 1767525950537 5 1504
1767525950533 1767525950537 4 1504
1767525950533 1767525950537 4 1504
1767525950535 1767525950537 2 1504
1767525950535 1767525950537 2 1504
1767525950536 1767525950537 1 1504
1767525950536 1767525950537 1 1504
1767525950537 1767525950540 3 1504
1767525950537 1767525950540 3 1504
1767525950538 1767525950540 2 1504
1767525950538 1767525950540 2 1504
1767525950539 1767525950540 1 1504
1767525950539 1767525950540 1 1504
1767525950540 1767525950545 5 1504
1767525950540 1767525950545 5 1504
1767525950541 1767525950545 4 1504
1767525950541 1767525950545 4 1504
1767525950543 1767525950545 2 1504
1767525950543 1767525950545 2 1504
1767525950548 1767525950553 5 1504
1767525950548 1767525950553 5 1504
1767525950549 1767525950553 4 1504
1767525950549 1767525950553 4 1504
1767525950550 1767525950553 3 1504
1767525950550 1767525950553 3 1504
1767525950553 1767525950557 4 1504
1767525950553 1767525950557 4 1504
1767525950553 1767525950557 4 1504
1767525950553 1767525950557 4 1504
1767525950554 1767525950557 3 1504
1767525950554 1767525950557 3 1504
1767525950555 1767525950557 2 1504
1767525950555 1767525950557 2 1504
1767525950557 1767525950561 4 1504
1767525950557 1767525950561 4 1504
1767525950558 1767525950561 3 1504
1767525950558 1767525950561 3 1504
1767525950559 1767525950561 2 1504
1767525950559 1767525950562 3 1504
1767525950559 1767525950562 3 1504
1767525950561 1767525950565 4 1504
1767525950561 1767525950565 4 1504
1767525950562 1767525950565 3 1504
1767525950562 1767525950565 3 1504
1767525950563 1767525950565 2 1504
1767525950563 1767525950565 2 1504
1767525950564 1767525950565 1 1504
1767525950564 1767525950565 1 1504
1767525950565 1767525950569 4 1504
1767525950565 1767525950569 4 1504
1767525950566 1767525950569 3 1504
1767525950566 1767525950569 3 1504
1767525950567 1767525950569 2 1504
1767525950567 1767525950569 2 1504
1767525950569 1767525950573 4 1504
1767525950569 1767525950573 4 1504
1767525950570 1767525950573 3 1504
1767525950570 1767525950573 3 1504
1767525950571 1767525950573 2 1504
1767525950571 1767525950573 2 1504
1767525950577 1767525950581 4 1504
1767525950577 1767525950581 4 1504
1767525950578 1767525950581 3 1504
1767525950578 1767525950581 3 1504
1767525950579 1767525950581 2 1504
1767525950579 1767525950581 2 1504
1767525950581 1767525950585 4 1504
1767525950581 1767525950585 4 1504
1767525950581 1767525950585 4 1504
1767525950581 1767525950585 4 1504
1767525950582 1767525950585 3 1504
1767525950582 1767525950585 3 1504
1767525950583 1767525950585 2 1504
1767525950584 1767525950585 1 1504
1767525950585 1767525950589 4 1504
1767525950585 1767525950589 4 1504
1767525950586 1767525950589 3 1504
1767525950586 1767525950589 3 1504
1767525950587 1767525950589 2 1504
1767525950587 1767525950589 2 1504
1767525950588 1767525950589 1 1504
1767525950588 1767525950589 1 1504
1767525950589 1767525950593 4 1504
1767525950590 1767525950593 3 1504
1767525950590 1767525950593 3 1504
1767525950591 1767525950593 2 1504
1767525950591 1767525950593 2 1504
1767525950592 1767525950593 1 1504
1767525950592 1767525950593 1 1504
1767525950593 1767525950597 4 1504
1767525950593 1767525950597 4 1504
1767525950594 1767525950597 3 1504
1767525950594 1767525950597 3 1504
1767525950595 1767525950597 2 1504
1767525950595 1767525950597 2 1504
1767525950596 1767525950597 1 1504
1767525950596 1767525950597 1 1504
1767525950597 1767525950601 4 1504
1767525950597 1767525950601 4 1504
1767525950598 1767525950601 3 1504
1767525950598 1767525950601 3 1504
1767525950601 1767525950605 4 1504
1767525950601 1767525950605 4 1504
1767525950601 1767525950605 4 1504
1767525950601 1767525950605 4 1504
1767525950602 1767525950605 3 1504
1767525950602 1767525950605 3 1504
1767525950605 1767525950609 4 1504
1767525950605 1767525950609 4 1504
1767525950606 1767525950609 3 1504
1767525950606 1767525950609 3 1504
1767525950607 1767525950609 2 1504
1767525950607 1767525950609 2 1504
1767525950608 1767525950609 1 1504
1767525950608 1767525950609 1 1504
1767525950609 1767525950613 4 1504
1767525950609 1767525950613 4 1504
1767525950610 1767525950613 3 1504
1767525950610 1767525950613 3 1504
1767525950611 1767525950613 2 1504
1767525950611 1767525950613 2 1504
1767525950612 1767525950613 1 1504
1767525950612 1767525950613 1 1504
1767525950614 1767525950617 3 1504
1767525950614 1767525950617 3 1504
1767525950614 1767525950617 3 1504
1767525950614 1767525950617 3 1504
1767525950615 1767525950617 2 1504
1767525950616 1767525950617 1 1504
1767525950616 1767525950617 1 1504
1767525950621 1767525950622 1 1504
1767525950621 1767525950622 1 1504
1767525950622 1767525950625 3 1504
1767525950622 1767525950625 3 1504
1767525950623 1767525950625 2 1504
1767525950623 1767525950625 2 1504
1767525950624 1767525950625 1 1504
1767525950624 1767525950625 1 1504
1767525950625 1767525950629 4 1504
1767525950625 1767525950630 5 1504
1767525950626 1767525950630 4 1504
1767525950626 1767525950630 4 1504
1767525950630 1767525950633 3 1504
1767525950630 1767525950633 3 1504
1767525950630 1767525950633 3 1504
1767525950630 1767525950633 3 1504
1767525950631 1767525950633 2 1504
1767525950631 1767525950633 2 1504
1767525950633 1767525950636 3 1504
1767525950633 1767525950636 3 1504
1767525950633 1767525950636 3 1504
1767525950633 1767525950636 3 1504
1767525950634 1767525950636 2 1504
1767525950634 1767525950636 2 1504
1767525950635 1767525950636 1 1504
1767525950635 1767525950637 2 1504
1767525950641 1767525950645 4 1504
1767525950641 1767525950645 4 1504
1767525950641 1767525950645 4 1504
1767525950641 1767525950645 4 1504
1767525950642 1767525950645 3 1504
1767525950642 1767525950645 3 1504
1767525950644 1767525950645 1 1504
1767525950644 1767525950645 1 1504
1767525950645 1767525950649 4 1504
1767525950645 1767525950649 4 1504
1767525950646 1767525950649 3 1504
1767525950646 1767525950649 3 1504
1767525950647 1767525950649 2 1504
1767525950647 1767525950649 2 1504
1767525950648 1767525950649 1 1504
1767525950648 1767525950649 1 1504
1767525950649 1767525950653 4 1504
1767525950650 1767525950653 3 1504
1767525950650 1767525950653 3 1504
1767525950651 1767525950653 2 1504
1767525950651 1767525950653 2 1504
1767525950652 1767525950653 1 1504
1767525950652 1767525950653 1 1504
1767525950653 1767525950657 4 1504
1767525950653 1767525950657 4 1504
1767525950654 1767525950657 3 1504
1767525950654 1767525950657 3 1504
1767525950655 1767525950657 2 1504
1767525950655 1767525950657 2 1504
1767525950657 1767525950661 4 1504
1767525950657 1767525950661 4 1504
1767525950658 1767525950661 3 1504
1767525950658 1767525950661 3 1504
1767525950659 1767525950661 2 1504
1767525950659 1767525950661 2 1504
1767525950660 1767525950661 1 1504
1767525950660 1767525950661 1 1504
1767525950661 1767525950665 4 1504
1767525950661 1767525950665 4 1504
1767525950662 1767525950665 3 1504
1767525950662 1767525950665 3 1504
1767525950665 1767525950668 3 1504
1767525950665 1767525950668 3 1504
1767525950666 1767525950668 2 1504
1767525950666 1767525950668 2 1504
1767525950667 1767525950668 1 1504
1767525950667 1767525950668 1 1504
1767525950668 1767525950673 5 1504
1767525950668 1767525950673 5 1504
1767525950669 1767525950673 4 1504
1767525950669 1767525950673 4 1504
1767525950670 1767525950673 3 1504
1767525950670 1767525950673 3 1504
1767525950671 1767525950673 2 1504
1767525950671 1767525950673 2 1504
1767525950673 1767525950676 3 1504
1767525950673 1767525950676 3 1504
1767525950673 1767525950676 3 1504
1767525950673 1767525950676 3 1504
1767525950674 1767525950676 2 1504
1767525950674 1767525950676 2 1504
1767525950675 1767525950676 1 1504
1767525950675 1767525950676 1 1504
1767525950675 1767525950676 1 1504
1767525950676 1767525950681 5 1504
1767525950676 1767525950681 5 1504
1767525950681 1767525950684 3 1504
1767525950681 1767525950684 3 1504
1767525950681 1767525950684 3 1504
1767525950681 1767525950684 3 1504
1767525950682 1767525950684 2 1504
1767525950682 1767525950684 2 1504
1767525950684 1767525950689 5 1504
1767525950684 1767525950689 5 1504
1767525950685 1767525950689 4 1504
1767525950685 1767525950689 4 1504
1767525950686 1767525950689 3 1504
1767525950686 1767525950689 3 1504
1767525950687 1767525950689 2 1504
1767525950687 1767525950689 2 1504
1767525950689 1767525950692 3 1504
1767525950689 1767525950692 3 1504
1767525950689 1767525950692 3 1504
1767525950689 1767525950692 3 1504
1767525950690 1767525950692 2 1504
1767525950690 1767525950692 2 1504
1767525950691 1767525950692 1 1504
1767525950691 1767525950692 1 1504
1767525950692 1767525950697 5 1504
1767525950692 1767525950697 5 1504
1767525950697 1767525950700 3 1504
1767525950697 1767525950700 3 1504
1767525950697 1767525950701 4 1504
1767525950697 1767525950701 4 1504
1767525950698 1767525950701 3 1504
1767525950698 1767525950701 3 1504
1767525950699 1767525950701 2 1504
1767525950699 1767525950701 2 1504
1767525950700 1767525950705 5 1504
1767525950700 1767525950705 5 1504
1767525950701 1767525950705 4 1504
1767525950701 1767525950705 4 1504
1767525950702 1767525950705 3 1504
1767525950702 1767525950705 3 1504
1767525950703 1767525950705 2 1504
1767525950704 1767525950705 1 1504
1767525950705 1767525950709 4 1504
1767525950705 1767525950709 4 1504
1767525950705 1767525950709 4 1504
1767525950709 1767525950713 4 1504
1767525950709 1767525950713 4 1504
1767525950710 1767525950713 3 1504
1767525950710 1767525950713 3 1504
1767525950711 1767525950713 2 1504
1767525950711 1767525950713 2 1504
1767525950713 1767525950717 4 1504
1767525950713 1767525950717 4 1504
1767525950713 1767525950717 4 1504
1767525950713 1767525950717 4 1504
1767525950714 1767525950717 3 1504
1767525950714 1767525950717 3 1504
1767525950715 1767525950717 2 1504
1767525950715 1767525950717 2 1504
1767525950716 1767525950717 1 1504
1767525950716 1767525950717 1 1504
1767525950717 1767525950721 4 1504
1767525950717 1767525950721 4 1504
1767525950718 1767525950721 3 1504
1767525950718 1767525950721 3 1504
1767525950719 1767525950721 2 1504
1767525950719 1767525950721 2 1504
1767525950721 1767525950725 4 1504
1767525950721 1767525950725 4 1504
1767525950721 1767525950725 4 1504
1767525950722 1767525950725 3 1504
1767525950722 1767525950725 3 1504
1767525950722 1767525950725 3 1504
1767525950723 1767525950725 2 1504
1767525950723 1767525950726 3 1504
1767525950724 1767525950726 2 1504
1767525950724 1767525950726 2 1504
1767525950725 1767525950729 4 1504
1767525950725 1767525950729 4 1504
1767525950726 1767525950729 3 1504
1767525950726 1767525950729 3 1504
1767525950727 1767525950729 2 1504
1767525950727 1767525950729 2 1504
1767525950728 1767525950729 1 1504
1767525950728 1767525950729 1 1504
1767525950729 1767525950733 4 1504
1767525950729 1767525950733 4 1504
1767525950730 1767525950733 3 1504
1767525950733 1767525950737 4 1504
1767525950733 1767525950737 4 1504
1767525950734 1767525950737 3 1504
1767525950734 1767525950737 3 1504
1767525950734 1767525950737 3 1504
1767525950734 1767525950737 3 1504
1767525950737 1767525950741 4 1504
1767525950737 1767525950741 4 1504
1767525950737 1767525950741 4 1504
1767525950738 1767525950741 3 1504
1767525950738 1767525950741 3 1504
1767525950739 1767525950741 2 1504
1767525950739 1767525950741 2 1504
1767525950740 1767525950741 1 1504
1767525950740 1767525950741 1 1504
1767525950745 1767525950749 4 1504
1767525950745 1767525950749 4 1504
1767525950746 1767525950750 4 1504
1767525950746 1767525950750 4 1504
1767525950747 1767525950750 3 1504
1767525950747 1767525950750 3 1504
1767525950748 1767525950750 2 1504
1767525950748 1767525950750 2 1504
1767525950749 1767525950750 1 1504
1767525950749 1767525950750 1 1504
1767525950750 1767525950753 3 1504
1767525950750 1767525950753 3 1504
1767525950751 1767525950753 2 1504
1767525950751 1767525950753 2 1504
1767525950752 1767525950753 1 1504
1767525950752 1767525950753 1 1504
1767525950753 1767525950757 4 1504
1767525950753 1767525950758 5 1504
1767525950754 1767525950758 4 1504
1767525950754 1767525950758 4 1504
1767525950755 1767525950758 3 1504
1767525950755 1767525950758 3 1504
1767525950756 1767525950758 2 1504
1767525950756 1767525950758 2 1504
1767525950757 1767525950758 1 1504
1767525950757 1767525950758 1 1504
1767525950758 1767525950761 3 1504
1767525950758 1767525950761 3 1504
1767525950761 1767525950765 4 1504
1767525950761 1767525950765 4 1504
1767525950761 1767525950765 4 1504
1767525950761 1767525950766 5 1504
1767525950762 1767525950766 4 1504
1767525950762 1767525950766 4 1504
1767525950765 1767525950766 1 1504
1767525950765 1767525950766 1 1504
1767525950766 1767525950769 3 1504
1767525950766 1767525950769 3 1504
1767525950767 1767525950769 2 1504
1767525950767 1767525950769 2 1504
1767525950768 1767525950769 1 1504
1767525950768 1767525950769 1 1504
1767525950769 1767525950773 4 1504
1767525950769 1767525950773 4 1504
1767525950773 1767525950774 1 1504
1767525950773 1767525950774 1 1504
1767525950773 1767525950774 1 1504
1767525950773 1767525950774 1 1504
1767525950774 1767525950777 3 1504
1767525950774 1767525950777 3 1504
1767525950775 1767525950777 2 1504
1767525950775 1767525950777 2 1504
1767525950776 1767525950777 1 1504
1767525950776 1767525950777 1 1504
1767525950777 1767525950781 4 1504
1767525950777 1767525950781 4 1504
1767525950778 1767525950782 4 1504
1767525950778 1767525950782 4 1504
1767525950779 1767525950782 3 1504
1767525950779 1767525950782 3 1504
1767525950781 1767525950782 1 1504
1767525950781 1767525950782 1 1504
1767525950781 1767525950782 1 1504
1767525950781 1767525950782 1 1504
1767525950782 1767525950785 3 1504
1767525950782 1767525950785 3 1504
1767525950783 1767525950785 2 1504
1767525950783 1767525950785 2 1504
1767525950784 1767525950785 1 1504
1767525950784 1767525950785 1 1504
1767525950785 1767525950789 4 1504
1767525950785 1767525950789 4 1504
1767525950789 1767525950793 4 1504
1767525950789 1767525950793 4 1504
1767525950789 1767525950793 4 1504
1767525950790 1767525950793 3 1504
1767525950790 1767525950793 3 1504
1767525950791 1767525950793 2 1504
1767525950791 1767525950793 2 1504
1767525950793 1767525950797 4 1504
1767525950793 1767525950797 4 1504
1767525950794 1767525950797 3 1504
1767525950794 1767525950797 3 1504
1767525950795 1767525950797 2 1504
1767525950795 1767525950797 2 1504
1767525950801 1767525950805 4 1504
1767525950801 1767525950805 4 1504
1767525950802 1767525950805 3 1504
1767525950802 1767525950805 3 1504
1767525950803 1767525950805 2 1504
1767525950803 1767525950805 2 1504
1767525950806 1767525950809 3 1504
1767525950806 1767525950809 3 1504
1767525950806 1767525950809 3 1504
1767525950806 1767525950809 3 1504
1767525950807 1767525950809 2 1504
1767525950807 1767525950809 2 1504
1767525950808 1767525950809 1 1504
1767525950808 1767525950809 1 1504
1767525950809 1767525950814 5 1504
1767525950809 1767525950814 5 1504
1767525950810 1767525950814 4 1504
1767525950810 1767525950814 4 1504
1767525950811 1767525950814 3 1504
1767525950811 1767525950814 3 1504
1767525950812 1767525950814 2 1504
1767525950812 1767525950814 2 1504
1767525950814 1767525950817 3 1504
1767525950814 1767525950817 3 1504
1767525950815 1767525950817 2 1504
1767525950815 1767525950817 2 1504
1767525950816 1767525950817 1 1504
1767525950816 1767525950817 1 1504
1767525950817 1767525950821 4 1504
1767525950817 1767525950821 4 1504
1767525950818 1767525950821 3 1504
1767525950818 1767525950821 3 1504
1767525950819 1767525950821 2 1504
1767525950819 1767525950821 2 1504
1767525950820 1767525950821 1 1504
1767525950820 1767525950821 1 1504
1767525950820 1767525950821 1 1504
1767525950821 1767525950825 4 1504
1767525950821 1767525950825 4 1504
1767525950822 1767525950825 3 1504
1767525950822 1767525950825 3 1504
1767525950823 1767525950825 2 1504
1767525950823 1767525950825 2 1504
1767525950824 1767525950825 1 1504
1767525950824 1767525950825 1 1504
1767525950825 1767525950828 3 1504
1767525950825 1767525950828 3 1504
1767525950826 1767525950828 2 1504
1767525950826 1767525950828 2 1504
1767525950827 1767525950828 1 1504
1767525950827 1767525950828 1 1504
1767525950829 1767525950833 4 1504
1767525950829 1767525950833 4 1504
1767525950829 1767525950833 4 1504
1767525950829 1767525950833 4 1504
1767525950830 1767525950833 3 1504
1767525950830 1767525950833 3 1504
1767525950833 1767525950836 3 1504
1767525950833 1767525950836 3 1504
1767525950842 1767525950844 2 1504
1767525950842 1767525950844 2 1504
1767525950842 1767525950844 2 1504
1767525950842 1767525950844 2 1504
1767525950843 1767525950844 1 1504
1767525950843 1767525950844 1 1504
1767525950844 1767525950849 5 1504
1767525950844 1767525950849 5 1504
1767525950845 1767525950849 4 1504
1767525950845 1767525950849 4 1504
1767525950846 1767525950849 3 1504
1767525950846 1767525950849 3 1504
1767525950847 1767525950849 2 1504
1767525950847 1767525950849 2 1504
1767525950849 1767525950852 3 1504
1767525950849 1767525950852 3 1504
1767525950849 1767525950852 3 1504
1767525950849 1767525950852 3 1504
1767525950850 1767525950852 2 1504
1767525950850 1767525950852 2 1504
1767525950851 1767525950852 1 1504
1767525950852 1767525950857 5 1504
1767525950852 1767525950857 5 1504
1767525950853 1767525950857 4 1504
1767525950853 1767525950857 4 1504
1767525950854 1767525950857 3 1504
1767525950854 1767525950857 3 1504
1767525950855 1767525950857 2 1504
1767525950855 1767525950857 2 1504
1767525950856 1767525950857 1 1504
1767525950856 1767525950857 1 1504
1767525950857 1767525950861 4 1504
1767525950857 1767525950861 4 1504
1767525950858 1767525950861 3 1504
1767525950858 1767525950861 3 1504
1767525950859 1767525950861 2 1504
1767525950859 1767525950861 2 1504
1767525950860 1767525950861 1 1504
1767525950860 1767525950861 1 1504
1767525950861 1767525950865 4 1504
1767525950861 1767525950865 4 1504
1767525950862 1767525950865 3 1504
1767525950862 1767525950865 3 1504
1767525950863 1767525950865 2 1504
1767525950863 1767525950865 2 1504
1767525950865 1767525950869 4 1504
1767525950865 1767525950869 4 1504
1767525950866 1767525950869 3 1504
1767525950866 1767525950869 3 1504
1767525950867 1767525950869 2 1504
1767525950867 1767525950869 2 1504
1767525950870 1767525950873 3 1504
1767525950870 1767525950873 3 1504
1767525950870 1767525950873 3 1504
1767525950870 1767525950873 3 1504
1767525950871 1767525950873 2 1504
1767525950871 1767525950873 2 1504
1767525950872 1767525950873 1 1504
1767525950872 1767525950873 1 1504
1767525950873 1767525950877 4 1504
1767525950873 1767525950877 4 1504
1767525950874 1767525950877 3 1504
1767525950874 1767525950877 3 1504
1767525950875 1767525950877 2 1504
1767525950875 1767525950877 2 1504
1767525950876 1767525950877 1 1504
1767525950877 1767525950881 4 1504
1767525950877 1767525950881 4 1504
1767525950877 1767525950881 4 1504
1767525950877 1767525950881 4 1504
1767525950878 1767525950881 3 1504
1767525950878 1767525950881 3 1504
1767525950881 1767525950885 4 1504
1767525950881 1767525950885 4 1504
1767525950882 1767525950885 3 1504
1767525950882 1767525950885 3 1504
1767525950883 1767525950885 2 1504
1767525950883 1767525950885 2 1504
1767525950884 1767525950885 1 1504
1767525950884 1767525950885 1 1504
1767525950885 1767525950889 4 1504
1767525950885 1767525950889 4 1504
1767525950885 1767525950889 4 1504
1767525950885 1767525950889 4 1504
1767525950886 1767525950889 3 1504
1767525950886 1767525950889 3 1504
1767525950887 1767525950889 2 1504
1767525950887 1767525950889 2 1504
1767525950888 1767525950889 1 1504
1767525950888 1767525950889 1 1504
1767525950889 1767525950893 4 1504
1767525950889 1767525950893 4 1504
1767525950890 1767525950893 3 1504
1767525950890 1767525950893 3 1504
1767525950891 1767525950893 2 1504
1767525950891 1767525950893 2 1504
1767525950893 1767525950897 4 1504
1767525950893 1767525950897 4 1504
1767525950894 1767525950897 3 1504
1767525950894 1767525950897 3 1504
1767525950897 1767525950901 4 1504
1767525950897 1767525950902 5 1504
1767525950897 1767525950902 5 1504
1767525950897 1767525950902 5 1504
1767525950898 1767525950902 4 1504
1767525950898 1767525950902 4 1504
1767525950899 1767525950902 3 1504
1767525950899 1767525950902 3 1504
1767525950900 1767525950902 2 1504
1767525950900 1767525950902 2 1504
1767525950901 1767525950902 1 1504
1767525950901 1767525950902 1 1504
1767525950901 1767525950902 1 1504
1767525950902 1767525950905 3 1504
1767525950902 1767525950905 3 1504
1767525950903 1767525950905 2 1504
1767525950903 1767525950905 2 1504
1767525950905 1767525950910 5 1504
1767525950905 1767525950910 5 1504
1767525950906 1767525950910 4 1504
1767525950906 1767525950910 4 1504
1767525950907 1767525950910 3 1504
1767525950907 1767525950910 3 1504
1767525950907 1767525950910 3 1504
1767525950907 1767525950910 3 1504
1767525950910 1767525950913 3 1504
1767525950910 1767525950913 3 1504
1767525950910 1767525950913 3 1504
1767525950911 1767525950913 2 1504
1767525950911 1767525950913 2 1504
1767525950911 1767525950913 2 1504
1767525950911 1767525950913 2 1504
1767525950912 1767525950913 1 1504
1767525950912 1767525950913 1 1504
1767525950913 1767525950917 4 1504
1767525950913 1767525950918 5 1504
1767525950914 1767525950918 4 1504
1767525950914 1767525950918 4 1504
1767525950915 1767525950918 3 1504
1767525950915 1767525950918 3 1504
1767525950916 1767525950918 2 1504
1767525950916 1767525950918 2 1504
1767525950917 1767525950918 1 1504
1767525950917 1767525950918 1 1504
1767525950918 1767525950921 3 1504
1767525950918 1767525950921 3 1504
1767525950921 1767525950925 4 1504
1767525950921 1767525950926 5 1504
1767525950922 1767525950926 4 1504
1767525950922 1767525950926 4 1504
1767525950922 1767525950926 4 1504
1767525950922 1767525950926 4 1504
1767525950923 1767525950926 3 1504
1767525950923 1767525950926 3 1504
1767525950924 1767525950926 2 1504
1767525950924 1767525950926 2 1504
1767525950925 1767525950926 1 1504
1767525950925 1767525950926 1 1504
1767525950926 1767525950929 3 1504
1767525950926 1767525950929 3 1504
1767525950927 1767525950929 2 1504
1767525950927 1767525950929 2 1504
1767525950928 1767525950929 1 1504
1767525950928 1767525950929 1 1504
1767525950929 1767525950933 4 1504
1767525950929 1767525950934 5 1504
1767525950930 1767525950934 4 1504
1767525950930 1767525950934 4 1504
1767525950931 1767525950934 3 1504
1767525950931 1767525950934 3 1504
1767525950931 1767525950934 3 1504
1767525950931 1767525950934 3 1504
1767525950934 1767525950937 3 1504
1767525950934 1767525950937 3 1504
1767525950934 1767525950937 3 1504
1767525950934 1767525950937 3 1504
1767525950935 1767525950937 2 1504
1767525950935 1767525950937 2 1504
1767525950936 1767525950937 1 1504
1767525950936 1767525950937 1 1504
1767525950940 1767525950945 5 1504
1767525950940 1767525950945 5 1504
1767525950940 1767525950945 5 1504
1767525950940 1767525950945 5 1504
1767525950941 1767525950945 4 1504
1767525950941 1767525950945 4 1504
1767525950942 1767525950945 3 1504
1767525950942 1767525950945 3 1504
1767525950943 1767525950945 2 1504
1767525950943 1767525950945 2 1504
1767525950949 1767525950953 4 1504
1767525950949 1767525950953 4 1504
1767525950953 1767525950957 4 1504
1767525950953 1767525950957 4 1504
1767525950953 1767525950957 4 56
1767525950954 1767525950957 3 1504
1767525950954 1767525950957 3 1504
1767525950955 1767525950957 2 1504
1767525950955 1767525950957 2 1504
1767525950956 1767525950957 1 1504
1767525950956 1767525950957 1 1504
1767525950956 1767525950957 1 1504
1767525950957 1767525950961 4 1504
1767525950957 1767525950961 4 1504
1767525950958 1767525950961 3 1504
1767525950958 1767525950961 3 1504
1767525950959 1767525950961 2 1504
1767525950959 1767525950961 2 1504
1767525950960 1767525950961 1 1504
1767525950960 1767525950961 1 1504
1767525950961 1767525950965 4 1504
1767525950961 1767525950965 4 1504
1767525950962 1767525950965 3 1504
1767525950962 1767525950965 3 1504
1767525950963 1767525950965 2 1504
1767525950963 1767525950965 2 1504
1767525950964 1767525950965 1 1504
1767525950964 1767525950965 1 1504
1767525950965 1767525950969 4 1504
1767525950965 1767525950970 5 1504
1767525950966 1767525950970 4 1504
1767525950966 1767525950970 4 1504
1767525950967 1767525950970 3 1504
1767525950967 1767525950970 3 1504
1767525950968 1767525950970 2 1504
1767525950968 1767525950970 2 1504
1767525950968 1767525950970 2 1504
1767525950968 1767525950970 2 1504
1767525950969 1767525950973 4 1504
1767525950969 1767525950973 4 1504
1767525950970 1767525950973 3 1504
1767525950970 1767525950973 3 1504
1767525950971 1767525950973 2 1504
1767525950971 1767525950973 2 1504
1767525950972 1767525950973 1 1504
1767525950972 1767525950973 1 1504
1767525950973 1767525950977 4 1504
1767525950973 1767525950977 4 1504
1767525950977 1767525950980 3 1504
1767525950977 1767525950980 3 1504
1767525950980 1767525950985 5 1504
1767525950980 1767525950985 5 1504
1767525950981 1767525950985 4 1504
1767525950981 1767525950985 4 1504
1767525950982 1767525950985 3 1504
1767525950982 1767525950985 3 1504
1767525950982 1767525950985 3 1504
1767525950983 1767525950985 2 1504
1767525950983 1767525950985 2 1504
1767525950985 1767525950988 3 1504
1767525950985 1767525950988 3 1504
1767525950985 1767525950988 3 1504
1767525950985 1767525950988 3 1504
1767525950986 1767525950993 7 1504
1767525950986 1767525950993 7 1504
1767525950987 1767525950993 6 1504
1767525950987 1767525950993 6 1504
1767525950988 1767525950993 5 1504
1767525950988 1767525950993 5 1504
1767525950989 1767525950993 4 1504
1767525950989 1767525950993 4 1504
1767525950990 1767525950993 3 1504
1767525950990 1767525950993 3 1504
1767525950991 1767525950993 2 1504
1767525950991 1767525950993 2 1504
1767525950993 1767525950996 3 1504
1767525950993 1767525950996 3 1504
1767525950994 1767525950996 2 1504
1767525950994 1767525950996 2 1504
1767525950995 1767525950996 1 1504
1767525950995 1767525950996 1 1504
1767525950996 1767525951001 5 1504
1767525950996 1767525951001 5 1504
1767525950997 1767525951001 4 1504
1767525950997 1767525951001 4 1504
1767525950997 1767525951001 4 1504
1767525950997 1767525951001 4 1504
1767525950998 1767525951001 3 1504
1767525950998 1767525951001 3 1504
1767525950999 1767525951001 2 1504
1767525950999 1767525951001 2 1504
1767525951000 1767525951001 1 1504
1767525951000 1767525951001 1 1504
1767525951001 1767525951004 3 1504
1767525951001 1767525951004 3 1504
1767525951002 1767525951004 2 1504
1767525951002 1767525951004 2 1504
1767525951009 1767525951013 4 1504
1767525951009 1767525951013 4 1504
1767525951009 1767525951013 4 1504
1767525951009 1767525951013 4 1504
1767525951010 1767525951013 3 1504
1767525951011 1767525951013 2 1504
1767525951011 1767525951013 2 1504
1767525951012 1767525951013 1 1504
1767525951012 1767525951014 2 1504
1767525951012 1767525951014 2 1504
1767525951012 1767525951014 2 1504
1767525951013 1767525951017 4 1504
1767525951013 1767525951017 4 1504
1767525951014 1767525951017 3 1504
1767525951014 1767525951017 3 1504
1767525951015 1767525951017 2 1504
1767525951015 1767525951017 2 1504
1767525951016 1767525951017 1 1504
1767525951016 1767525951017 1 1504
1767525951017 1767525951021 4 1504
1767525951017 1767525951021 4 1504
1767525951018 1767525951021 3 1504
1767525951018 1767525951021 3 1504
1767525951019 1767525951021 2 1504
1767525951019 1767525951021 2 1504
1767525951020 1767525951021 1 1504
1767525951020 1767525951021 1 1504
1767525951020 1767525951021 1 1504
1767525951021 1767525951025 4 1504
1767525951021 1767525951025 4 1504
1767525951021 1767525951025 4 1504
1767525951025 1767525951029 4 1504
1767525951025 1767525951029 4 1504
1767525951026 1767525951029 3 1504
1767525951026 1767525951029 3 1504
1767525951026 1767525951029 3 1504
1767525951026 1767525951029 3 1504
1767525951027 1767525951029 2 1504
1767525951027 1767525951029 2 1504
1767525951028 1767525951029 1 1504
1767525951028 1767525951029 1 1504
1767525951029 1767525951033 4 1504
1767525951029 1767525951033 4 1504
1767525951030 1767525951033 3 1504
1767525951030 1767525951033 3 1504
1767525951031 1767525951033 2 1504
1767525951031 1767525951033 2 1504
1767525951032 1767525951033 1 1504
1767525951032 1767525951033 1 1504
1767525951037 1767525951041 4 1504
1767525951038 1767525951041 3 1504
1767525951038 1767525951041 3 1504
1767525951038 1767525951041 3 1504
1767525951038 1767525951041 3 1504
1767525951039 1767525951041 2 1504
1767525951039 1767525951041 2 1504
1767525951040 1767525951041 1 1504
1767525951040 1767525951041 1 1504
1767525951041 1767525951045 4 1504
1767525951041 1767525951045 4 1504
1767525951042 1767525951045 3 1504
1767525951042 1767525951045 3 1504
1767525951043 1767525951045 2 1504
1767525951043 1767525951045 2 1504
1767525951044 1767525951045 1 1504
1767525951044 1767525951045 1 1504
1767525951044 1767525951045 1 1504
1767525951044 1767525951045 1 1504
1767525951045 1767525951049 4 1504
1767525951045 1767525951049 4 1504
1767525951046 1767525951049 3 1504
1767525951046 1767525951049 3 1504
1767525951047 1767525951049 2 1504
1767525951047 1767525951049 2 1504
1767525951048 1767525951049 1 1504
1767525951048 1767525951049 1 1504
1767525951049 1767525951053 4 1504
1767525951049 1767525951053 4 1504
1767525951049 1767525951053 4 1504
1767525951049 1767525951053 4 1504
1767525951053 1767525951057 4 1504
1767525951053 1767525951057 4 1504
1767525951053 1767525951057 4 1504
1767525951053 1767525951057 4 1504
1767525951054 1767525951057 3 1504
1767525951054 1767525951057 3 1504
1767525951055 1767525951057 2 1504
1767525951055 1767525951057 2 1504
1767525951056 1767525951057 1 1504
1767525951056 1767525951057 1 1504
1767525951057 1767525951061 4 1504
1767525951057 1767525951061 4 1504
1767525951058 1767525951061 3 1504
1767525951058 1767525951061 3 1504
1767525951059 1767525951061 2 1504
1767525951059 1767525951061 2 1504
1767525951059 1767525951061 2 1504
1767525951061 1767525951065 4 1504
1767525951061 1767525951065 4 1504
1767525951061 1767525951065 4 1504
1767525951061 1767525951065 4 1504
1767525951062 1767525951065 3 1504
1767525951062 1767525951065 3 1504
1767525951063 1767525951065 2 1504
1767525951063 1767525951065 2 1504
1767525951064 1767525951065 1 1504
1767525951064 1767525951065 1 1504
1767525951065 1767525951069 4 1504
1767525951065 1767525951069 4 1504
1767525951066 1767525951069 3 1504
1767525951066 1767525951069 3 1504
1767525951067 1767525951069 2 1504
1767525951067 1767525951069 2 1504
1767525951067 1767525951069 2 1504
1767525951067 1767525951069 2 1504
1767525951068 1767525951070 2 1504
1767525951068 1767525951070 2 1504
1767525951070 1767525951073 3 1504
1767525951070 1767525951073 3 1504
1767525951070 1767525951073 3 1504
1767525951070 1767525951073 3 1504
1767525951071 1767525951073 2 1504
1767525951071 1767525951073 2 1504
1767525951072 1767525951073 1 1504
1767525951072 1767525951073 1 1504
1767525951072 1767525951073 1 1504
1767525951072 1767525951073 1 1504
1767525951073 1767525951077 4 1504
1767525951073 1767525951077 4 1504
1767525951077 1767525951078 1 1504
1767525951077 1767525951078 1 1504
1767525951077 1767525951078 1 1504
1767525951077 1767525951078 1 1504
1767525951078 1767525951081 3 1504
1767525951078 1767525951081 3 1504
1767525951079 1767525951081 2 1504
1767525951079 1767525951081 2 1504
1767525951080 1767525951081 1 1504
1767525951080 1767525951081 1 1504
1767525951081 1767525951085 4 1504
1767525951081 1767525951085 4 1504
1767525951081 1767525951085 4 1504
1767525951082 1767525951085 3 1504
1767525951082 1767525951085 3 1504
1767525951082 1767525951085 3 1504
1767525951082 1767525951085 3 1504
1767525951088 1767525951089 1 1504
1767525951089 1767525951092 3 1504
1767525951089 1767525951092 3 1504
1767525951089 1767525951092 3 1504
1767525951089 1767525951092 3 1504
1767525951089 1767525951092 3 1504
1767525951090 1767525951092 2 1504
1767525951090 1767525951092 2 1504
1767525951092 1767525951097 5 1504
1767525951092 1767525951097 5 1504
1767525951092 1767525951097 5 1504
1767525951093 1767525951097 4 1504
1767525951093 1767525951097 4 1504
1767525951093 1767525951097 4 1504
1767525951093 1767525951097 4 1504
1767525951097 1767525951101 4 1504
1767525951101 1767525951105 4 1504
1767525951101 1767525951105 4 1504
1767525951102 1767525951105 3 1504
1767525951102 1767525951105 3 1504
1767525951102 1767525951105 3 1504
1767525951102 1767525951105 3 1504
1767525951105 1767525951109 4 1504
1767525951105 1767525951109 4 1504
1767525951105 1767525951109 4 1504
1767525951106 1767525951109 3 1504
1767525951106 1767525951109 3 1504
1767525951106 1767525951109 3 1504
1767525951109 1767525951113 4 1504
1767525951109 1767525951113 4 1504
1767525951109 1767525951113 4 1504
1767525951110 1767525951113 3 1504
1767525951110 1767525951113 3 1504
1767525951110 1767525951113 3 1504
1767525951110 1767525951113 3 1504
1767525951113 1767525951117 4 1504
1767525951117 1767525951121 4 1504
1767525951117 1767525951121 4 1504
1767525951118 1767525951121 3 1504
1767525951118 1767525951121 3 1504
1767525951119 1767525951121 2 1504
1767525951119 1767525951121 2 1504
1767525951122 1767525951125 3 1504
1767525951122 1767525951125 3 1504
1767525951122 1767525951125 3 1504
1767525951122 1767525951125 3 1504
1767525951123 1767525951125 2 1504
1767525951123 1767525951125 2 1504
1767525951125 1767525951129 4 1504
1767525951125 1767525951129 4 1504
1767525951126 1767525951129 3 1504
1767525951126 1767525951129 3 1504
1767525951127 1767525951129 2 1504
1767525951127 1767525951129 2 1504
1767525951129 1767525951132 3 1504
1767525951129 1767525951132 3 1504
1767525951130 1767525951132 2 1504
1767525951130 1767525951132 2 1504
1767525951131 1767525951132 1 1504
1767525951131 1767525951132 1 1504
1767525951132 1767525951137 5 1504
1767525951132 1767525951137 5 1504
1767525951133 1767525951137 4 1504
1767525951133 1767525951137 4 1504
1767525951135 1767525951137 2 1504
1767525951135 1767525951137 2 1504
1767525951136 1767525951137 1 1504
1767525951136 1767525951137 1 1504
1767525951137 1767525951140 3 1504
1767525951137 1767525951140 3 1504
1767525951140 1767525951145 5 1504
1767525951140 1767525951145 5 1504
1767525951141 1767525951145 4 1504
1767525951141 1767525951145 4 1504
1767525951142 1767525951145 3 1504
1767525951142 1767525951145 3 1504
1767525951143 1767525951145 2 1504
1767525951143 1767525951145 2 1504
1767525951145 1767525951148 3 1504
1767525951145 1767525951148 3 1504
1767525951145 1767525951148 3 1504
1767525951145 1767525951148 3 1504
1767525951147 1767525951148 1 1504
1767525951147 1767525951148 1 1504
1767525951148 1767525951153 5 1504
1767525951148 1767525951153 5 1504
1767525951148 1767525951153 5 1504
1767525951150 1767525951153 3 1504
1767525951150 1767525951153 3 1504
1767525951153 1767525951156 3 1504
1767525951153 1767525951156 3 1504
1767525951154 1767525951156 2 1504
1767525951154 1767525951156 2 1504
1767525951155 1767525951156 1 1504
1767525951155 1767525951156 1 1504
1767525951162 1767525951166 4 1504
1767525951162 1767525951166 4 1504
1767525951162 1767525951166 4 1504
1767525951162 1767525951166 4 1504
1767525951163 1767525951166 3 1504
1767525951163 1767525951166 3 1504
1767525951164 1767525951166 2 1504
1767525951164 1767525951166 2 1504
1767525951166 1767525951169 3 1504
1767525951166 1767525951169 3 1504
1767525951169 1767525951173 4 1504
1767525951169 1767525951173 4 1504
1767525951170 1767525951173 3 1504
1767525951170 1767525951173 3 1504
1767525951171 1767525951173 2 1504
1767525951171 1767525951173 2 1504
1767525951172 1767525951173 1 1504
1767525951172 1767525951173 1 1504
1767525951173 1767525951177 4 1504
1767525951173 1767525951177 4 1504
1767525951174 1767525951177 3 1504
1767525951174 1767525951177 3 1504
1767525951176 1767525951177 1 1504
1767525951176 1767525951177 1 1504
1767525951177 1767525951181 4 1504
1767525951177 1767525951181 4 1504
1767525951178 1767525951181 3 1504
1767525951178 1767525951181 3 1504
1767525951179 1767525951181 2 1504
1767525951179 1767525951181 2 1504
1767525951181 1767525951185 4 1504
1767525951181 1767525951185 4 1504
1767525951182 1767525951185 3 1504
1767525951182 1767525951185 3 1504
1767525951183 1767525951185 2 1504
1767525951190 1767525951193 3 1504
1767525951190 1767525951193 3 1504
1767525951190 1767525951193 3 1504
1767525951190 1767525951193 3 1504
1767525951191 1767525951193 2 1504
1767525951191 1767525951193 2 1504
1767525951193 1767525951197 4 1504
1767525951193 1767525951197 4 1504
1767525951194 1767525951197 3 1504
1767525951194 1767525951197 3 1504
1767525951197 1767525951201 4 1504
1767525951197 1767525951201 4 1504
1767525951198 1767525951201 3 1504
1767525951198 1767525951201 3 1504
1767525951199 1767525951201 2 1504
1767525951199 1767525951201 2 1504
1767525951200 1767525951201 1 1504
1767525951200 1767525951201 1 1504
1767525951201 1767525951205 4 1504
1767525951201 1767525951205 4 1504
1767525951203 1767525951205 2 1504
1767525951203 1767525951205 2 1504
1767525951204 1767525951205 1 1504
1767525951204 1767525951205 1 1504
1767525951205 1767525951209 4 1504
1767525951205 1767525951209 4 1504
1767525951206 1767525951209 3 1504
1767525951206 1767525951209 3 1504
1767525951208 1767525951209 1 1504
1767525951208 1767525951209 1 1504
1767525951209 1767525951214 5 1504
1767525951209 1767525951214 5 1504
1767525951210 1767525951214 4 1504
1767525951210 1767525951214 4 1504
1767525951211 1767525951214 3 1504
1767525951211 1767525951214 3 1504
1767525951217 1767525951221 4 1504
1767525951217 1767525951221 4 1504
1767525951218 1767525951221 3 1504
1767525951218 1767525951221 3 1504
1767525951219 1767525951221 2 1504
1767525951219 1767525951221 2 1504
1767525951220 1767525951221 1 1504
1767525951220 1767525951221 1 1504
1767525951221 1767525951225 4 1504
1767525951222 1767525951225 3 1504
1767525951222 1767525951225 3 1504
1767525951223 1767525951225 2 1504
1767525951223 1767525951225 2 1504
1767525951224 1767525951225 1 1504
1767525951224 1767525951225 1 1504
1767525951225 1767525951229 4 1504
1767525951225 1767525951229 4 1504
1767525951227 1767525951229 2 1504
1767525951227 1767525951229 2 1504
1767525951228 1767525951229 1 1504
1767525951228 1767525951229 1 1504
1767525951229 1767525951233 4 1504
1767525951229 1767525951233 4 1504
1767525951230 1767525951233 3 1504
1767525951230 1767525951233 3 1504
1767525951231 1767525951233 2 1504
1767525951231 1767525951233 2 1504
1767525951232 1767525951233 1 1504
1767525951232 1767525951233 1 1504
1767525951237 1767525951238 1 1504
1767525951237 1767525951238 1 1504
1767525951238 1767525951241 3 1504
1767525951238 1767525951241 3 1504
1767525951239 1767525951241 2 1504
1767525951239 1767525951241 2 1504
1767525951240 1767525951241 1 1504
1767525951240 1767525951241 1 1504
1767525951244 1767525951249 5 1504
1767525951244 1767525951249 5 1504
1767525951245 1767525951253 8 1504
1767525951245 1767525951253 8 1504
1767525951246 1767525951253 7 1504
1767525951246 1767525951253 7 1504
1767525951247 1767525951253 6 1504
1767525951247 1767525951253 6 1504
1767525951249 1767525951253 4 1504
1767525951249 1767525951253 4 1504
1767525951250 1767525951253 3 1504
1767525951250 1767525951253 3 1504
1767525951251 1767525951253 2 1504
1767525951251 1767525951253 2 1504
1767525951253 1767525951257 4 1504
1767525951253 1767525951257 4 1504
1767525951254 1767525951257 3 1504
1767525951255 1767525951257 2 1504
1767525951255 1767525951257 2 1504
1767525951256 1767525951257 1 1504
1767525951256 1767525951257 1 1504
1767525951261 1767525951265 4 1504
1767525951261 1767525951265 4 1504
1767525951262 1767525951265 3 1504
1767525951262 1767525951265 3 1504
1767525951263 1767525951265 2 1504
1767525951263 1767525951265 2 1504
1767525951265 1767525951269 4 1504
1767525951265 1767525951269 4 1504
1767525951266 1767525951269 3 1504
1767525951266 1767525951269 3 1504
1767525951267 1767525951269 2 1504
1767525951267 1767525951269 2 1504
1767525951268 1767525951269 1 1504
1767525951268 1767525951269 1 1504
1767525951269 1767525951273 4 1504
1767525951269 1767525951273 4 1504
1767525951273 1767525951277 4 1504
1767525951273 1767525951277 4 1504
1767525951277 1767525951282 5 1504
1767525951277 1767525951282 5 1504
1767525951278 1767525951282 4 1504
1767525951278 1767525951282 4 1504
1767525951279 1767525951282 3 1504
1767525951279 1767525951282 3 1504
1767525951280 1767525951282 2 1504
1767525951280 1767525951282 2 1504
1767525951282 1767525951284 2 1504
1767525951282 1767525951284 2 1504
1767525951283 1767525951284 1 1504
1767525951283 1767525951284 1 1504
1767525951284 1767525951289 5 1504
1767525951284 1767525951289 5 1504
1767525951285 1767525951289 4 1504
1767525951285 1767525951289 4 1504
1767525951287 1767525951289 2 1504
1767525951287 1767525951289 2 1504
1767525951288 1767525951289 1 1504
1767525951288 1767525951289 1 1504
1767525951289 1767525951292 3 1504
1767525951289 1767525951292 3 1504
1767525951290 1767525951292 2 1504
1767525951291 1767525951292 1 1504
1767525951291 1767525951292 1 1504
1767525951293 1767525951297 4 1504
1767525951293 1767525951297 4 1504
1767525951293 1767525951297 4 1504
1767525951293 1767525951297 4 1504
1767525951295 1767525951297 2 1504
1767525951295 1767525951297 2 1504
1767525951296 1767525951297 1 1504
1767525951296 1767525951297 1 1504
1767525951297 1767525951300 3 1504
1767525951297 1767525951300 3 1504
1767525951300 1767525951305 5 1504
1767525951300 1767525951305 5 1504
1767525951305 1767525951308 3 1504
1767525951305 1767525951308 3 1504
1767525951306 1767525951308 2 1504
1767525951306 1767525951308 2 1504
1767525951307 1767525951308 1 1504
1767525951307 1767525951308 1 1504
1767525951308 1767525951313 5 1504
1767525951308 1767525951313 5 1504
1767525951310 1767525951313 3 1504
1767525951310 1767525951313 3 1504
1767525951311 1767525951313 2 1504
1767525951311 1767525951313 2 1504
1767525951313 1767525951317 4 1504
1767525951313 1767525951317 4 1504
1767525951313 1767525951317 4 1504
1767525951313 1767525951317 4 1504
1767525951315 1767525951317 2 1504
1767525951315 1767525951317 2 1504
1767525951316 1767525951317 1 1504
1767525951316 1767525951317 1 1504
1767525951317 1767525951321 4 1504
1767525951317 1767525951321 4 1504
1767525951318 1767525951321 3 1504
1767525951318 1767525951321 3 1504
1767525951319 1767525951322 3 1504
1767525951319 1767525951322 3 1504
1767525951321 1767525951325 4 1504
1767525951321 1767525951325 4 1504
1767525951322 1767525951325 3 1504
1767525951322 1767525951325 3 1504
1767525951323 1767525951325 2 1504
1767525951324 1767525951325 1 1504
1767525951324 1767525951325 1 1504
1767525951325 1767525951329 4 1504
1767525951325 1767525951329 4 1504
1767525951330 1767525951333 3 1504
1767525951330 1767525951333 3 1504
1767525951330 1767525951333 3 1504
1767525951330 1767525951333 3 1504
1767525951331 1767525951333 2 1504
1767525951331 1767525951333 2 1504
1767525951333 1767525951337 4 1504
1767525951333 1767525951337 4 1504
1767525951334 1767525951337 3 1504
1767525951334 1767525951337 3 1504
1767525951335 1767525951337 2 1504
1767525951335 1767525951337 2 1504
1767525951336 1767525951337 1 1504
1767525951336 1767525951337 1 1504
1767525951337 1767525951341 4 1504
1767525951337 1767525951341 4 1504
1767525951338 1767525951341 3 1504
1767525951338 1767525951341 3 1504
1767525951340 1767525951341 1 1504
1767525951340 1767525951341 1 1504
1767525951341 1767525951345 4 1504
1767525951341 1767525951345 4 1504
1767525951345 1767525951349 4 1504
1767525951345 1767525951349 4 1504
1767525951346 1767525951349 3 1504
1767525951346 1767525951349 3 1504
1767525951347 1767525951349 2 1504
1767525951347 1767525951349 2 1504
1767525951348 1767525951349 1 1504
1767525951348 1767525951349 1 1504
1767525951349 1767525951354 5 1504
1767525951349 1767525951354 5 1504
1767525951350 1767525951354 4 1504
1767525951350 1767525951354 4 1504
1767525951351 1767525951354 3 1504
1767525951351 1767525951354 3 1504
1767525951352 1767525951354 2 1504
1767525951352 1767525951354 2 1504
1767525951357 1767525951361 4 1504
1767525951357 1767525951361 4 1504
1767525951357 1767525951361 4 1504
1767525951358 1767525951361 3 1504
1767525951358 1767525951361 3 1504
1767525951359 1767525951361 2 1504
1767525951359 1767525951361 2 1504
1767525951361 1767525951365 4 1504
1767525951361 1767525951365 4 1504
1767525951362 1767525951365 3 1504
1767525951362 1767525951365 3 1504
1767525951363 1767525951365 2 1504
1767525951363 1767525951365 2 1504
1767525951364 1767525951365 1 1504
1767525951364 1767525951365 1 1504
1767525951365 1767525951370 5 1504
1767525951365 1767525951370 5 1504
1767525951366 1767525951370 4 1504
1767525951366 1767525951370 4 1504
1767525951367 1767525951370 3 1504
1767525951367 1767525951370 3 1504
1767525951368 1767525951370 2 1504
1767525951368 1767525951370 2 1504
1767525951369 1767525951373 4 1504
1767525951369 1767525951373 4 1504
1767525951371 1767525951373 2 1504
1767525951371 1767525951373 2 1504
1767525951372 1767525951373 1 1504
1767525951372 1767525951373 1 1504
1767525951373 1767525951377 4 1504
1767525951373 1767525951377 4 1504
1767525951377 1767525951381 4 1504
1767525951377 1767525951381 4 1504
1767525951378 1767525951381 3 1504
1767525951378 1767525951381 3 1504
1767525951379 1767525951381 2 1504
1767525951379 1767525951381 2 1504
1767525951380 1767525951381 1 1504
1767525951380 1767525951381 1 1504
1767525951385 1767525951389 4 1504
1767525951385 1767525951390 5 1504
1767525951386 1767525951390 4 1504
1767525951386 1767525951390 4 1504
1767525951387 1767525951390 3 1504
1767525951387 1767525951390 3 1504
1767525951388 1767525951390 2 1504
1767525951388 1767525951390 2 1504
1767525951389 1767525951390 1 1504
1767525951390 1767525951393 3 1504
1767525951390 1767525951393 3 1504
1767525951391 1767525951393 2 1504
1767525951391 1767525951393 2 1504
1767525951392 1767525951393 1 1504
1767525951392 1767525951393 1 1504
1767525951393 1767525951396 3 1504
1767525951393 1767525951396 3 1504
1767525951394 1767525951396 2 1504
1767525951394 1767525951396 2 1504
1767525951395 1767525951396 1 1504
1767525951395 1767525951396 1 1504
1767525951396 1767525951401 5 1504
1767525951396 1767525951401 5 1504
1767525951397 1767525951401 4 1504
1767525951397 1767525951401 4 1504
1767525951399 1767525951401 2 1504
1767525951399 1767525951401 2 1504
1767525951400 1767525951401 1 1504
1767525951400 1767525951401 1 1504
1767525951402 1767525951405 3 1504
1767525951402 1767525951405 3 1504
1767525951405 1767525951409 4 1504
1767525951405 1767525951409 4 1504
1767525951406 1767525951409 3 1504
1767525951406 1767525951409 3 1504
1767525951407 1767525951409 2 1504
1767525951407 1767525951409 2 1504
1767525951408 1767525951409 1 1504
1767525951408 1767525951409 1 1504
1767525951414 1767525951417 3 1504
1767525951414 1767525951417 3 1504
1767525951414 1767525951417 3 1504
1767525951414 1767525951417 3 1504
1767525951415 1767525951417 2 1504
1767525951415 1767525951417 2 1504
1767525951416 1767525951417 1 1504
1767525951416 1767525951417 1 1504
1767525951418 1767525951421 3 1504
1767525951418 1767525951421 3 1504
1767525951419 1767525951421 2 1504
1767525951419 1767525951421 2 1504
1767525951420 1767525951421 1 1504
1767525951420 1767525951421 1 1504
1767525951421 1767525951425 4 1504
1767525951421 1767525951425 4 1504
1767525951421 1767525951425 4 1504
1767525951422 1767525951425 3 1504
1767525951422 1767525951425 3 1504
1767525951423 1767525951425 2 1504
1767525951423 1767525951425 2 1504
1767525951424 1767525951425 1 1504
1767525951424 1767525951425 1 1504
1767525951425 1767525951429 4 1504
1767525951425 1767525951429 4 1504
1767525951426 1767525951429 3 1504
1767525951426 1767525951429 3 1504
1767525951427 1767525951429 2 1504
1767525951427 1767525951429 2 1504
1767525951428 1767525951429 1 1504
1767525951428 1767525951430 2 1504
1767525951429 1767525951433 4 1504
1767525951429 1767525951433 4 1504
1767525951430 1767525951434 4 1504
1767525951430 1767525951434 4 1504
1767525951431 1767525951434 3 1504
1767525951431 1767525951434 3 1504
1767525951432 1767525951434 2 1504
1767525951432 1767525951434 2 1504
1767525951437 1767525951441 4 1504
1767525951437 1767525951441 4 1504
1767525951438 1767525951441 3 1504
1767525951438 1767525951441 3 1504
1767525951441 1767525951444 3 1504
1767525951441 1767525951444 3 1504
1767525951442 1767525951444 2 1504
1767525951442 1767525951444 2 1504
1767525951443 1767525951444 1 1504
1767525951443 1767525951444 1 1504
1767525951444 1767525951449 5 1504
1767525951444 1767525951449 5 1504
1767525951445 1767525951449 4 1504
1767525951445 1767525951449 4 1504
1767525951446 1767525951449 3 1504
1767525951446 1767525951449 3 1504
1767525951447 1767525951449 2 1504
1767525951447 1767525951449 2 1504
1767525951449 1767525951452 3 1504
1767525951449 1767525951452 3 1504
1767525951449 1767525951452 3 1504
1767525951450 1767525951452 2 1504
1767525951450 1767525951452 2 1504
1767525951451 1767525951452 1 1504
1767525951451 1767525951452 1 1504
1767525951452 1767525951457 5 1504
1767525951452 1767525951457 5 1504
1767525951453 1767525951458 5 1504
1767525951453 1767525951458 5 1504
1767525951454 1767525951458 4 1504
1767525951454 1767525951458 4 1504
1767525951456 1767525951458 2 1504
1767525951458 1767525951460 2 1504
1767525951458 1767525951460 2 1504
1767525951458 1767525951460 2 1504
1767525951458 1767525951460 2 1504
1767525951459 1767525951465 6 1504
1767525951459 1767525951465 6 1504
1767525951465 1767525951469 4 1504
1767525951465 1767525951469 4 1504
1767525951465 1767525951469 4 1504
1767525951469 1767525951473 4 1504
1767525951469 1767525951473 4 1504
1767525951470 1767525951473 3 1504
1767525951470 1767525951473 3 1504
1767525951473 1767525951477 4 1504
1767525951473 1767525951477 4 1504
1767525951473 1767525951477 4 1504
1767525951473 1767525951477 4 1504
1767525951473 1767525951477 4 1504
1767525951477 1767525951481 4 1504
1767525951477 1767525951481 4 1504
1767525951477 1767525951481 4 1504
1767525951481 1767525951485 4 1504
1767525951481 1767525951486 5 1504
1767525951486 1767525951489 3 1504
1767525951486 1767525951489 3 1504
1767525951486 1767525951489 3 1504
1767525951486 1767525951489 3 1504
1767525951489 1767525951493 4 1504
1767525951489 1767525951493 4 1504
1767525951493 1767525951496 3 1504
1767525951493 1767525951496 3 1504
1767525951494 1767525951496 2 1504
1767525951495 1767525951496 1 1504
1767525951495 1767525951496 1 1504
1767525951496 1767525951501 5 1504
1767525951496 1767525951501 5 1504
1767525951497 1767525951501 4 1504
1767525951497 1767525951501 4 1504
1767525951498 1767525951501 3 1504
1767525951498 1767525951501 3 1504
1767525951500 1767525951501 1 1504
1767525951501 1767525951504 3 1504
1767525951501 1767525951504 3 1504
1767525951502 1767525951504 2 1504
1767525951502 1767525951504 2 1504
1767525951503 1767525951504 1 1504
1767525951503 1767525951504 1 1504
1767525951504 1767525951509 5 1504
1767525951504 1767525951509 5 1504
1767525951509 1767525951512 3 1504
1767525951509 1767525951512 3 1504
1767525951510 1767525951512 2 1504
1767525951510 1767525951512 2 1504
1767525951511 1767525951512 1 1504
1767525951511 1767525951512 1 1504
1767525951517 1767525951520 3 1504
1767525951517 1767525951520 3 1504
1767525951521 1767525951527 6 1504
1767525951521 1767525951527 6 1504
1767525951521 1767525951527 6 1504
1767525951521 1767525951527 6 1504
1767525951527 1767525951529 2 1504
1767525951527 1767525951529 2 1504
1767525951528 1767525951529 1 1504
1767525951528 1767525951529 1 1504
1767525951529 1767525951535 6 1504
1767525951529 1767525951535 6 1504
1767525951531 1767525951535 4 1504
1767525951531 1767525951535 4 1504
1767525951533 1767525951535 2 1504
1767525951533 1767525951535 2 1504
1767525951534 1767525951535 1 1504
1767525951534 1767525951535 1 1504
1767525951536 1767525951537 1 1504
1767525951536 1767525951537 1 1504
1767525951538 1767525951541 3 1504
1767525951538 1767525951541 3 1504
1767525951539 1767525951541 2 1504
1767525951539 1767525951541 2 1504
1767525951541 1767525951545 4 1504
1767525951541 1767525951545 4 1504
1767525951543 1767525951545 2 1504
1767525951543 1767525951545 2 1504
1767525951544 1767525951545 1 1504
1767525951544 1767525951545 1 1504
1767525951549 1767525951553 4 1504
1767525951549 1767525951553 4 1504
1767525951550 1767525951553 3 1504
1767525951550 1767525951553 3 1504
1767525951553 1767525951557 4 1504
1767525951553 1767525951557 4 1504
1767525951554 1767525951557 3 1504
1767525951554 1767525951557 3 1504
1767525951557 1767525951561 4 1504
1767525951557 1767525951561 4 1504
1767525951558 1767525951561 3 1504
1767525951558 1767525951561 3 1504
1767525951561 1767525951565 4 1504
1767525951561 1767525951565 4 1504
1767525951562 1767525951565 3 1504
1767525951562 1767525951565 3 1504
1767525951564 1767525951565 1 1504
1767525951564 1767525951565 1 1504
1767525951565 1767525951569 4 1504
1767525951565 1767525951569 4 1504
1767525951567 1767525951569 2 1504
1767525951567 1767525951569 2 1504
1767525951568 1767525951569 1 1504
1767525951568 1767525951569 1 1504
1767525951570 1767525951573 3 1504
1767525951570 1767525951573 3 1504
1767525951571 1767525951573 2 1504
1767525951571 1767525951573 2 1504
1767525951573 1767525951577 4 1504
1767525951573 1767525951577 4 1504
1767525951574 1767525951577 3 1504
1767525951574 1767525951577 3 1504
1767525951577 1767525951580 3 1504
1767525951577 1767525951580 3 1504
1767525951577 1767525951580 3 1504
1767525951577 1767525951580 3 1504
1767525951580 1767525951585 5 1504
1767525951580 1767525951585 5 1504
1767525951581 1767525951585 4 1504
1767525951581 1767525951585 4 1504
1767525951585 1767525951588 3 1504
1767525951585 1767525951588 3 1504
1767525951586 1767525951588 2 1504
1767525951586 1767525951588 2 1504
1767525951587 1767525951588 1 1504
1767525951588 1767525951593 5 1504
1767525951588 1767525951593 5 1504
1767525951589 1767525951593 4 1504
1767525951589 1767525951593 4 1504
1767525951591 1767525951593 2 1504
1767525951591 1767525951593 2 1504
1767525951592 1767525951593 1 1504
1767525951592 1767525951593 1 1504
1767525951596 1767525951601 5 1504
1767525951596 1767525951601 5 1504
1767525951597 1767525951601 4 1504
1767525951597 1767525951601 4 1504
1767525951601 1767525951604 3 1504
1767525951601 1767525951604 3 1504
1767525951601 1767525951604 3 1504
1767525951601 1767525951604 3 1504
1767525951604 1767525951610 6 1504
1767525951604 1767525951610 6 1504
1767525951604 1767525951610 6 1504
1767525951604 1767525951610 6 1504
1767525951612 1767525951617 5 1504
1767525951612 1767525951617 5 1504
1767525951613 1767525951617 4 1504
1767525951613 1767525951617 4 1504
1767525951617 1767525951621 4 1504
1767525951617 1767525951621 4 1504
1767525951618 1767525951621 3 1504
1767525951618 1767525951621 3 1504
1767525951620 1767525951621 1 1504
1767525951620 1767525951621 1 1504
1767525951621 1767525951625 4 1504
1767525951621 1767525951625 4 1504
1767525951623 1767525951625 2 1504
1767525951623 1767525951625 2 1504
1767525951625 1767525951629 4 1504
1767525951625 1767525951629 4 1504
1767525951626 1767525951629 3 1504
1767525951626 1767525951629 3 1504
1767525951628 1767525951629 1 1504
1767525951628 1767525951629 1 1504
1767525951629 1767525951633 4 1504
1767525951629 1767525951633 4 1504
1767525951631 1767525951633 2 1504
1767525951631 1767525951633 2 1504
1767525951632 1767525951633 1 1504
1767525951633 1767525951637 4 1504
1767525951633 1767525951637 4 1504
1767525951635 1767525951637 2 1504
1767525951635 1767525951637 2 1504
1767525951641 1767525951645 4 1504
1767525951641 1767525951645 4 1504
1767525951642 1767525951645 3 1504
1767525951642 1767525951645 3 1504
1767525951645 1767525951649 4 1504
1767525951645 1767525951649 4 1504
1767525951646 1767525951649 3 1504
1767525951646 1767525951649 3 1504
1767525951648 1767525951649 1 1504
1767525951648 1767525951649 1 1504
1767525951649 1767525951653 4 1504
1767525951649 1767525951653 4 1504
1767525951651 1767525951653 2 1504
1767525951651 1767525951653 2 1504
1767525951653 1767525951657 4 1504
1767525951653 1767525951657 4 1504
1767525951654 1767525951657 3 1504
1767525951654 1767525951657 3 1504
1767525951656 1767525951657 1 1504
1767525951656 1767525951657 1 1504
1767525951657 1767525951661 4 1504
1767525951657 1767525951662 5 1504
1767525951659 1767525951662 3 1504
1767525951659 1767525951662 3 1504
1767525951660 1767525951662 2 1504
1767525951660 1767525951662 2 1504
1767525951662 1767525951665 3 1504
1767525951662 1767525951665 3 1504
1767525951663 1767525951665 2 1504
1767525951663 1767525951665 2 1504
1767525951665 1767525951669 4 1504
1767525951665 1767525951669 4 1504
1767525951666 1767525951669 3 1504
1767525951666 1767525951669 3 1504
1767525951670 1767525951673 3 1504
1767525951670 1767525951673 3 1504
1767525951671 1767525951673 2 1504
1767525951671 1767525951673 2 1504
1767525951672 1767525951673 1 1504
1767525951672 1767525951673 1 1504
1767525951673 1767525951677 4 1504
1767525951674 1767525951678 4 1504
1767525951674 1767525951678 4 1504
1767525951677 1767525951678 1 1504
1767525951677 1767525951678 1 1504
1767525951677 1767525951678 1 1504
1767525951677 1767525951678 1 1504
1767525951679 1767525951681 2 1504
1767525951679 1767525951681 2 1504
1767525951685 1767525951686 1 1504
1767525951685 1767525951686 1 1504
1767525951686 1767525951689 3 1504
1767525951686 1767525951689 3 1504
1767525951687 1767525951689 2 1504
1767525951687 1767525951689 2 1504
1767525951689 1767525951693 4 1504
1767525951689 1767525951694 5 1504
1767525951690 1767525951694 4 1504
1767525951690 1767525951694 4 1504
1767525951691 1767525951694 3 1504
1767525951691 1767525951694 3 1504
1767525951693 1767525951694 1 1504
1767525951693 1767525951694 1 1504
1767525951694 1767525951697 3 1504
1767525951694 1767525951697 3 1504
1767525951695 1767525951697 2 1504
1767525951695 1767525951697 2 1504
1767525951697 1767525951700 3 1504
1767525951697 1767525951700 3 1504
1767525951698 1767525951700 2 1504
1767525951698 1767525951700 2 1504
1767525951699 1767525951700 1 1504
1767525951699 1767525951700 1 1504
1767525951701 1767525951705 4 1504
1767525951701 1767525951705 4 1504
1767525951702 1767525951705 3 1504
1767525951702 1767525951705 3 1504
1767525951703 1767525951705 2 1504
1767525951703 1767525951705 2 1504
1767525951709 1767525951713 4 1504
1767525951709 1767525951713 4 1504
1767525951709 1767525951713 4 1504
1767525951709 1767525951713 4 1504
1767525951711 1767525951713 2 1504
1767525951711 1767525951713 2 1504
1767525951712 1767525951713 1 1504
1767525951717 1767525951721 4 1504
1767525951717 1767525951722 5 1504
1767525951718 1767525951722 4 1504
1767525951718 1767525951722 4 1504
1767525951719 1767525951722 3 1504
1767525951719 1767525951722 3 1504
1767525951720 1767525951722 2 1504
1767525951720 1767525951722 2 1504
1767525951722 1767525951725 3 1504
1767525951722 1767525951725 3 1504
1767525951723 1767525951725 2 1504
1767525951723 1767525951725 2 1504
1767525951725 1767525951729 4 1504
1767525951725 1767525951729 4 1504
1767525951726 1767525951729 3 1504
1767525951726 1767525951729 3 1504
1767525951727 1767525951729 2 1504
1767525951727 1767525951729 2 1504
1767525951729 1767525951733 4 1504
1767525951729 1767525951733 4 1504
1767525951730 1767525951733 3 1504
1767525951730 1767525951733 3 1504
1767525951731 1767525951733 2 1504
1767525951731 1767525951733 2 1504
1767525951733 1767525951738 5 1504
1767525951733 1767525951738 5 1504
1767525951734 1767525951738 4 1504
1767525951734 1767525951738 4 1504
1767525951735 1767525951738 3 1504
1767525951735 1767525951738 3 1504
1767525951741 1767525951745 4 1504
1767525951741 1767525951745 4 1504
1767525951745 1767525951749 4 1504
1767525951745 1767525951749 4 1504
1767525951746 1767525951749 3 1504
1767525951746 1767525951749 3 1504
1767525951747 1767525951749 2 1504
1767525951747 1767525951749 2 1504
1767525951749 1767525951753 4 1504
1767525951749 1767525951753 4 1504
1767525951750 1767525951753 3 1504
1767525951750 1767525951753 3 1504
1767525951751 1767525951753 2 1504
1767525951751 1767525951753 2 1504
1767525951753 1767525951757 4 1504
1767525951753 1767525951757 4 1504
1767525951753 1767525951757 4 1504
1767525951755 1767525951757 2 1504
1767525951755 1767525951757 2 1504
1767525951756 1767525951757 1 1504
1767525951756 1767525951757 1 1504
1767525951757 1767525951761 4 1504
1767525951757 1767525951761 4 1504
1767525951758 1767525951762 4 1504
1767525951758 1767525951762 4 1504
1767525951760 1767525951762 2 1504
1767525951760 1767525951762 2 1504
1767525951761 1767525951762 1 1504
1767525951761 1767525951762 1 1504
1767525951762 1767525951765 3 1504
1767525951762 1767525951765 3 1504
1767525951766 1767525951769 3 1504
1767525951766 1767525951770 4 1504
1767525951769 1767525951771 2 1504
1767525951769 1767525951771 2 1504
1767525951769 1767525951771 2 1504
1767525951769 1767525951771 2 1504
1767525951771 1767525951773 2 1504
1767525951771 1767525951773 2 1504
1767525951773 1767525951776 3 1504
1767525951773 1767525951776 3 1504
1767525951774 1767525951776 2 1504
1767525951774 1767525951776 2 1504
1767525951775 1767525951776 1 1504
1767525951775 1767525951776 1 1504
1767525951781 1767525951785 4 1504
1767525951781 1767525951785 4 1504
1767525951782 1767525951785 3 1504
1767525951782 1767525951785 3 1504
1767525951783 1767525951785 2 1504
1767525951783 1767525951785 2 1504
1767525951785 1767525951790 5 1504
1767525951785 1767525951790 5 1504
1767525951786 1767525951790 4 1504
1767525951786 1767525951790 4 1504
1767525951787 1767525951790 3 1504
1767525951787 1767525951790 3 1504
1767525951788 1767525951790 2 1504
1767525951788 1767525951790 2 1504
1767525951790 1767525951793 3 1504
1767525951790 1767525951793 3 1504
1767525951790 1767525951793 3 1504
1767525951792 1767525951793 1 1504
1767525951792 1767525951793 1 1504
1767525951793 1767525951797 4 1504
1767525951793 1767525951797 4 1504
1767525951794 1767525951797 3 1504
1767525951794 1767525951797 3 1504
1767525951795 1767525951797 2 1504
1767525951795 1767525951797 2 1504
1767525951797 1767525951801 4 1504
1767525951797 1767525951801 4 1504
1767525951798 1767525951801 3 1504
1767525951798 1767525951801 3 1504
1767525951799 1767525951801 2 1504
1767525951799 1767525951801 2 1504
1767525951810 1767525951813 3 1504
1767525951810 1767525951813 3 1504
1767525951810 1767525951813 3 1504
1767525951810 1767525951813 3 1504
1767525951811 1767525951813 2 1504
1767525951811 1767525951813 2 1504
1767525951813 1767525951817 4 1504
1767525951813 1767525951817 4 1504
1767525951814 1767525951817 3 1504
1767525951814 1767525951817 3 1504
1767525951815 1767525951817 2 1504
1767525951815 1767525951817 2 1504
1767525951816 1767525951817 1 1504
1767525951817 1767525951821 4 1504
1767525951818 1767525951821 3 1504
1767525951818 1767525951821 3 1504
1767525951819 1767525951822 3 1504
1767525951819 1767525951822 3 1504
1767525951820 1767525951822 2 1504
1767525951820 1767525951822 2 1504
1767525951822 1767525951825 3 1504
1767525951822 1767525951825 3 1504
1767525951823 1767525951825 2 1504
1767525951823 1767525951825 2 1504
1767525951824 1767525951825 1 1504
1767525951824 1767525951825 1 1504
1767525951825 1767525951829 4 1504
1767525951825 1767525951829 4 1504
1767525951827 1767525951829 2 1504
1767525951827 1767525951829 2 1504
1767525951827 1767525951829 2 1504
1767525951829 1767525951833 4 1504
1767525951829 1767525951833 4 1504
1767525951833 1767525951837 4 1504
1767525951833 1767525951838 5 1504
1767525951834 1767525951838 4 1504
1767525951834 1767525951838 4 1504
1767525951835 1767525951838 3 1504
1767525951835 1767525951838 3 1504
1767525951837 1767525951838 1 1504
1767525951837 1767525951838 1 1504
1767525951838 1767525951841 3 1504
1767525951838 1767525951841 3 1504
1767525951839 1767525951841 2 1504
1767525951839 1767525951841 2 1504
1767525951845 1767525951846 1 1504
1767525951845 1767525951846 1 1504
1767525951846 1767525951851 5 1504
1767525951846 1767525951851 5 1504
1767525951847 1767525951851 4 1504
1767525951847 1767525951851 4 1504
1767525951848 1767525951851 3 1504
1767525951848 1767525951851 3 1504
1767525951851 1767525951853 2 1504
1767525951851 1767525951853 2 1504
1767525951851 1767525951853 2 1504
1767525951851 1767525951853 2 1504
1767525951853 1767525951857 4 1504
1767525951853 1767525951857 4 1504
1767525951854 1767525951857 3 1504
1767525951854 1767525951857 3 1504
1767525951855 1767525951857 2 1504
1767525951855 1767525951857 2 1504
1767525951857 1767525951861 4 1504
1767525951857 1767525951861 4 1504
1767525951858 1767525951861 3 1504
1767525951858 1767525951861 3 1504
1767525951865 1767525951869 4 1504
1767525951865 1767525951869 4 1504
1767525951866 1767525951869 3 1504
1767525951866 1767525951869 3 1504
1767525951867 1767525951869 2 1504
1767525951867 1767525951869 2 1504
1767525951869 1767525951873 4 1504
1767525951869 1767525951873 4 1504
1767525951869 1767525951873 4 1504
1767525951871 1767525951873 2 1504
1767525951871 1767525951873 2 1504
1767525951872 1767525951873 1 1504
1767525951872 1767525951873 1 1504
1767525951874 1767525951877 3 1504
1767525951874 1767525951877 3 1504
1767525951875 1767525951877 2 1504
1767525951875 1767525951877 2 1504
1767525951876 1767525951877 1 1504
1767525951876 1767525951877 1 1504
1767525951877 1767525951881 4 1504
1767525951877 1767525951881 4 1504
1767525951879 1767525951881 2 1504
1767525951879 1767525951881 2 1504
1767525951880 1767525951881 1 1504
1767525951880 1767525951881 1 1504
1767525951881 1767525951885 4 1504
1767525951881 1767525951885 4 1504
1767525951882 1767525951885 3 1504
1767525951882 1767525951885 3 1504
1767525951884 1767525951885 1 1504
1767525951884 1767525951885 1 1504
1767525951885 1767525951889 4 1504
1767525951885 1767525951889 4 1504
1767525951889 1767525951894 5 1504
1767525951889 1767525951894 5 1504
1767525951890 1767525951894 4 1504
1767525951890 1767525951894 4 1504
1767525951891 1767525951894 3 1504
1767525951891 1767525951894 3 1504
1767525951892 1767525951894 2 1504
1767525951892 1767525951894 2 1504
1767525951894 1767525951897 3 1504
1767525951894 1767525951897 3 1504
1767525951895 1767525951897 2 1504
1767525951895 1767525951897 2 1504
1767525951896 1767525951897 1 1504
1767525951896 1767525951897 1 1504
1767525951897 1767525951901 4 1504
1767525951897 1767525951901 4 1504
1767525951898 1767525951901 3 1504
1767525951898 1767525951901 3 1504
1767525951900 1767525951901 1 1504
1767525951900 1767525951901 1 1504
1767525951900 1767525951901 1 1504
1767525951905 1767525951909 4 1504
1767525951905 1767525951909 4 1504
1767525951905 1767525951909 4 1504
1767525951905 1767525951909 4 1504
1767525951906 1767525951909 3 1504
1767525951907 1767525951909 2 1504
1767525951908 1767525951909 1 1504
1767525951908 1767525951909 1 1504
1767525951909 1767525951913 4 1504
1767525951909 1767525951914 5 1504
1767525951910 1767525951914 4 1504
1767525951910 1767525951914 4 1504
1767525951911 1767525951914 3 1504
1767525951911 1767525951914 3 1504
1767525951917 1767525951921 4 1504
1767525951917 1767525951922 5 1504
1767525951918 1767525951922 4 1504
1767525951918 1767525951922 4 1504
1767525951919 1767525951922 3 1504
1767525951919 1767525951922 3 1504
1767525951920 1767525951922 2 1504
1767525951920 1767525951922 2 1504
1767525951922 1767525951927 5 1504
1767525951922 1767525951927 5 1504
1767525951923 1767525951927 4 1504
1767525951923 1767525951927 4 1504
1767525951924 1767525951927 3 1504
1767525951924 1767525951927 3 1504
1767525951927 1767525951929 2 1504
1767525951927 1767525951929 2 1504
1767525951928 1767525951929 1 1504
1767525951928 1767525951929 1 1504
1767525951929 1767525951933 4 1504
1767525951929 1767525951933 4 1504
1767525951937 1767525951942 4 1504
1767525951937 1767525951942 5 1504
1767525951938 1767525951942 4 1504
1767525951938 1767525951942 4 1504
1767525951939 1767525951942 3 1504
1767525951939 1767525951942 3 1504
1767525951940 1767525951942 2 1504
1767525951940 1767525951942 2 1504
1767525951942 1767525951945 3 1504
1767525951942 1767525951945 3 1504
1767525951942 1767525951945 3 1504
1767525951944 1767525951945 1 1504
1767525951944 1767525951945 1 1504
1767525951945 1767525951949 4 1504
1767525951945 1767525951949 4 1504
1767525951946 1767525951949 3 1504
1767525951946 1767525951949 3 1504
1767525951948 1767525951949 1 1504
1767525951948 1767525951949 1 1504
1767525951949 1767525951953 4 1504
1767525951949 1767525951953 4 1504
1767525951951 1767525951953 2 1504
1767525951951 1767525951953 2 1504
1767525951953 1767525951957 4 1504
1767525951953 1767525951957 4 1504
1767525951953 1767525951957 4 1504
1767525951953 1767525951957 4 1504
1767525951955 1767525951957 2 1504
1767525951955 1767525951957 2 1504
1767525951956 1767525951957 1 1504
1767525951956 1767525951957 1 1504
1767525951957 1767525951961 4 1504
1767525951957 1767525951961 4 1504
1767525951959 1767525951961 2 1504
1767525951959 1767525951961 2 1504
1767525951961 1767525951965 4 1504
1767525951961 1767525951965 4 1504
1767525951962 1767525951965 3 1504
1767525951962 1767525951966 4 1504
1767525951963 1767525951966 3 1504
1767525951963 1767525951966 3 1504
1767525951964 1767525951966 2 1504
1767525951964 1767525951966 2 1504
1767525951966 1767525951969 3 1504
1767525951966 1767525951969 3 1504
1767525951967 1767525951969 2 1504
1767525951967 1767525951969 2 1504
1767525951968 1767525951969 1 1504
1767525951968 1767525951969 1 1504
1767525951969 1767525951973 4 1504
1767525951969 1767525951973 4 1504
1767525951970 1767525951973 3 1504
1767525951970 1767525951973 3 1504
1767525951972 1767525951973 1 1504
1767525951977 1767525951981 4 1504
1767525951977 1767525951981 4 1504
1767525951978 1767525951981 3 1504
1767525951978 1767525951981 3 1504
1767525951979 1767525951981 2 1504
1767525951979 1767525951981 2 1504
1767525951980 1767525951981 1 1504
1767525951980 1767525951982 2 1504
1767525951982 1767525951985 3 1504
1767525951982 1767525951985 3 1504
1767525951983 1767525951985 2 1504
1767525951983 1767525951985 2 1504
1767525951984 1767525951985 1 1504
1767525951984 1767525951985 1 1504
1767525951985 1767525951989 4 1504
1767525951985 1767525951990 5 1504
1767525951986 1767525951990 4 1504
1767525951986 1767525951990 4 1504
1767525951987 1767525951990 3 1504
1767525951987 1767525951990 3 1504
1767525951988 1767525951990 2 1504
1767525951988 1767525951990 2 1504
1767525951990 1767525951993 3 1504
1767525951990 1767525951993 3 1504
1767525951991 1767525951993 2 1504
1767525951991 1767525951993 2 1504
1767525951992 1767525951993 1 1504
1767525951992 1767525951993 1 1504
1767525951993 1767525951997 4 1504
1767525951993 1767525951998 5 1504
1767525951997 1767525951998 1 1504
1767525951997 1767525951998 1 1504
1767525951998 1767525952003 5 1504
1767525951998 1767525952003 5 1504
1767525951999 1767525952003 4 1504
1767525951999 1767525952003 4 1504
1767525952009 1767525952014 5 1504
1767525952009 1767525952014 5 1504
1767525952010 1767525952014 4 1504
1767525952010 1767525952014 4 1504
1767525952011 1767525952014 3 1504
1767525952011 1767525952014 3 1504
1767525952012 1767525952014 2 1504
1767525952012 1767525952014 2 1504
1767525952014 1767525952017 3 1504
1767525952014 1767525952017 3 1504
1767525952014 1767525952017 3 1504
1767525952016 1767525952017 1 1504
1767525952016 1767525952017 1 1504
1767525952017 1767525952021 4 1504
1767525952017 1767525952021 4 1504
1767525952018 1767525952021 3 1504
1767525952018 1767525952021 3 1504
1767525952019 1767525952021 2 1504
1767525952019 1767525952021 2 1504
1767525952021 1767525952025 4 1504
1767525952021 1767525952025 4 1504
1767525952022 1767525952025 3 1504
1767525952022 1767525952025 3 1504
1767525952023 1767525952025 2 1504
1767525952023 1767525952025 2 1504
1767525952024 1767525952025 1 1504
1767525952025 1767525952029 4 1504
1767525952026 1767525952029 3 1504
1767525952026 1767525952029 3 1504
1767525952027 1767525952029 2 1504
1767525952027 1767525952029 2 1504
1767525952028 1767525952029 1 1504
1767525952028 1767525952029 1 1504
1767525952030 1767525952033 3 1504
1767525952030 1767525952033 3 1504
1767525952031 1767525952033 2 1504
1767525952031 1767525952033 2 1504
1767525952038 1767525952041 3 1504
1767525952038 1767525952041 3 1504
1767525952038 1767525952041 3 1504
1767525952038 1767525952041 3 1504
1767525952039 1767525952041 2 1504
1767525952039 1767525952041 2 1504
1767525952041 1767525952045 4 1504
1767525952041 1767525952045 4 1504
1767525952042 1767525952045 3 1504
1767525952042 1767525952045 3 1504
1767525952043 1767525952045 2 1504
1767525952043 1767525952045 2 1504
1767525952044 1767525952045 1 1504
1767525952044 1767525952045 1 1504
1767525952046 1767525952052 6 1504
1767525952046 1767525952052 6 1504
1767525952047 1767525952052 5 1504
1767525952047 1767525952052 5 1504
1767525952047 1767525952052 5 1504
1767525952048 1767525952052 4 1504
1767525952048 1767525952052 4 1504
1767525952049 1767525952052 3 1504
1767525952049 1767525952052 3 1504
1767525952050 1767525952052 2 1504
1767525952050 1767525952052 2 1504
1767525952052 1767525952053 1 1504
1767525952052 1767525952053 1 1504
1767525952053 1767525952059 6 1504
1767525952053 1767525952059 6 1504
1767525952054 1767525952059 5 1504
1767525952054 1767525952059 5 1504
1767525952055 1767525952059 4 1504
1767525952055 1767525952059 4 1504
1767525952056 1767525952059 3 1504
1767525952056 1767525952059 3 1504
1767525952057 1767525952059 2 1504
1767525952057 1767525952059 2 1504
1767525952059 1767525952061 2 1504
1767525952059 1767525952061 2 1504
1767525952060 1767525952061 1 1504
1767525952060 1767525952061 1 1504
1767525952061 1767525952067 6 1504
1767525952061 1767525952067 6 1504
1767525952068 1767525952069 1 1504
1767525952068 1767525952069 1 1504
1767525952068 1767525952069 1 1504
1767525952068 1767525952069 1 1504
1767525952069 1767525952073 4 1504
1767525952069 1767525952073 4 1504
1767525952070 1767525952073 3 1504
1767525952070 1767525952073 3 1504
1767525952077 1767525952081 4 1504
1767525952077 1767525952081 4 1504
1767525952077 1767525952081 4 1504
1767525952078 1767525952081 3 1504
1767525952079 1767525952081 2 1504
1767525952079 1767525952081 2 1504
1767525952080 1767525952081 1 1504
1767525952080 1767525952081 1 1504
1767525952081 1767525952085 4 1504
1767525952081 1767525952085 4 1504
1767525952082 1767525952085 3 1504
1767525952082 1767525952085 3 1504
1767525952083 1767525952085 2 1504
1767525952085 1767525952089 4 1504
1767525952085 1767525952089 4 1504
1767525952086 1767525952089 3 1504
1767525952086 1767525952089 3 1504
1767525952087 1767525952089 2 1504
1767525952087 1767525952089 2 1504
1767525952088 1767525952089 1 1504
1767525952088 1767525952089 1 1504
1767525952089 1767525952093 4 1504
1767525952089 1767525952093 4 1504
1767525952090 1767525952093 3 1504
1767525952090 1767525952093 3 1504
1767525952092 1767525952093 1 1504
1767525952092 1767525952093 1 1504
1767525952093 1767525952097 4 1504
1767525952093 1767525952097 4 1504
1767525952094 1767525952098 4 1504
1767525952094 1767525952098 4 1504
1767525952095 1767525952098 3 1504
1767525952095 1767525952098 3 1504
1767525952096 1767525952098 2 1504
1767525952096 1767525952098 2 1504
1767525952098 1767525952101 3 1504
1767525952098 1767525952101 3 1504
1767525952101 1767525952105 4 1504
1767525952101 1767525952105 4 1504
1767525952105 1767525952109 4 1504
1767525952105 1767525952109 4 1504
1767525952106 1767525952109 3 1504
1767525952106 1767525952109 3 1504
1767525952107 1767525952109 2 1504
1767525952107 1767525952109 2 1504
1767525952108 1767525952109 1 1504
1767525952108 1767525952109 1 1504
1767525952109 1767525952113 4 1504
1767525952109 1767525952113 4 1504
1767525952110 1767525952113 3 1504
1767525952110 1767525952113 3 1504
1767525952112 1767525952113 1 1504
1767525952112 1767525952113 1 1504
1767525952113 1767525952118 5 1504
1767525952113 1767525952118 5 1504
1767525952114 1767525952118 4 1504
1767525952114 1767525952118 4 1504
1767525952114 1767525952118 4 1504
1767525952115 1767525952118 3 1504
1767525952115 1767525952118 3 1504
1767525952116 1767525952118 2 1504
1767525952116 1767525952118 2 1504
1767525952118 1767525952121 3 1504
1767525952118 1767525952121 3 1504
1767525952119 1767525952121 2 1504
1767525952119 1767525952121 2 1504
1767525952120 1767525952121 1 1504
1767525952120 1767525952121 1 1504
1767525952121 1767525952125 4 1504
1767525952121 1767525952126 5 1504
1767525952122 1767525952126 4 1504
1767525952122 1767525952126 4 1504
1767525952123 1767525952126 3 1504
1767525952123 1767525952126 3 1504
1767525952124 1767525952126 2 1504
1767525952124 1767525952126 2 1504
1767525952125 1767525952126 1 1504
1767525952125 1767525952126 1 1504
1767525952129 1767525952133 4 1504
1767525952129 1767525952133 4 1504
1767525952130 1767525952134 4 1504
1767525952130 1767525952134 4 1504
1767525952131 1767525952134 3 1504
1767525952131 1767525952134 3 1504
1767525952132 1767525952134 2 1504
1767525952132 1767525952134 2 1504
1767525952133 1767525952134 1 1504
1767525952133 1767525952134 1 1504
1767525952134 1767525952137 3 1504
1767525952134 1767525952137 3 1504
1767525952135 1767525952137 2 1504
1767525952135 1767525952137 2 1504
1767525952141 1767525952145 4 1504
1767525952141 1767525952145 4 1504
1767525952141 1767525952145 4 1504
1767525952141 1767525952145 4 1504
1767525952142 1767525952145 3 1504
1767525952142 1767525952145 3 1504
1767525952143 1767525952145 2 1504
1767525952143 1767525952145 2 1504
1767525952144 1767525952145 1 1504
1767525952145 1767525952149 4 1504
1767525952145 1767525952149 4 1504
1767525952146 1767525952149 3 1504
1767525952146 1767525952149 3 1504
1767525952147 1767525952149 2 1504
1767525952147 1767525952149 2 1504
1767525952149 1767525952153 4 1504
1767525952149 1767525952153 4 1504
1767525952149 1767525952153 4 1504
1767525952149 1767525952153 4 1504
1767525952150 1767525952153 3 1504
1767525952150 1767525952153 3 1504
1767525952151 1767525952153 2 1504
1767525952151 1767525952153 2 1504
1767525952153 1767525952156 3 1504
1767525952153 1767525952156 3 1504
1767525952157 1767525952162 5 1504
1767525952157 1767525952162 5 1504
1767525952157 1767525952162 5 1504
1767525952157 1767525952162 5 1504
1767525952158 1767525952162 4 1504
1767525952158 1767525952162 4 1504
1767525952159 1767525952162 3 1504
1767525952159 1767525952162 3 1504
1767525952160 1767525952162 2 1504
1767525952160 1767525952162 2 1504
1767525952162 1767525952165 3 1504
1767525952162 1767525952165 3 1504
1767525952163 1767525952165 2 1504
1767525952163 1767525952165 2 1504
1767525952169 1767525952173 4 1504
1767525952169 1767525952173 4 1504
1767525952170 1767525952173 3 1504
1767525952170 1767525952173 3 1504
1767525952171 1767525952173 2 1504
1767525952171 1767525952173 2 1504
1767525952172 1767525952173 1 1504
1767525952172 1767525952173 1 1504
1767525952173 1767525952177 4 1504
1767525952173 1767525952177 4 1504
1767525952175 1767525952177 2 1504
1767525952175 1767525952177 2 1504
1767525952176 1767525952177 1 1504
1767525952176 1767525952177 1 1504
1767525952177 1767525952181 4 1504
1767525952177 1767525952181 4 1504
1767525952177 1767525952181 4 1504
1767525952179 1767525952181 2 1504
1767525952179 1767525952181 2 1504
1767525952180 1767525952181 1 1504
1767525952180 1767525952181 1 1504
1767525952181 1767525952185 4 1504
1767525952181 1767525952185 4 1504
1767525952182 1767525952186 4 1504
1767525952182 1767525952186 4 1504
1767525952185 1767525952186 1 1504
1767525952185 1767525952186 1 1504
1767525952186 1767525952189 3 1504
1767525952186 1767525952189 3 1504
1767525952187 1767525952189 2 1504
1767525952187 1767525952189 2 1504
1767525952188 1767525952189 1 1504
1767525952188 1767525952189 1 1504
1767525952189 1767525952193 4 1504
1767525952189 1767525952194 5 1504
1767525952190 1767525952194 4 1504
1767525952190 1767525952194 4 1504
1767525952191 1767525952194 3 1504
1767525952192 1767525952194 2 1504
1767525952194 1767525952197 3 1504
1767525952194 1767525952197 3 1504
1767525952194 1767525952197 3 1504
1767525952194 1767525952197 3 1504
1767525952195 1767525952197 2 1504
1767525952195 1767525952197 2 1504
1767525952196 1767525952197 1 1504
1767525952196 1767525952198 2 1504
1767525952197 1767525952201 4 1504
1767525952198 1767525952201 3 1504
1767525952198 1767525952201 3 1504
1767525952198 1767525952201 3 1504
1767525952199 1767525952201 2 1504
1767525952200 1767525952201 1 1504
1767525952201 1767525952205 4 1504
1767525952201 1767525952205 4 1504
1767525952202 1767525952205 3 1504
1767525952202 1767525952205 3 1504
1767525952203 1767525952205 2 1504
1767525952203 1767525952205 2 1504
1767525952204 1767525952205 1 1504
1767525952205 1767525952209 4 1504
1767525952205 1767525952209 4 1504
1767525952206 1767525952209 3 1504
1767525952206 1767525952209 3 1504
1767525952207 1767525952209 2 1504
1767525952207 1767525952209 2 1504
1767525952209 1767525952213 4 1504
1767525952209 1767525952213 4 1504
1767525952210 1767525952213 3 1504
1767525952210 1767525952213 3 1504
1767525952211 1767525952213 2 1504
1767525952211 1767525952213 2 1504
1767525952217 1767525952221 4 1504
1767525952217 1767525952221 4 1504
1767525952218 1767525952221 3 1504
1767525952218 1767525952221 3 1504
1767525952219 1767525952221 2 1504
1767525952219 1767525952221 2 1504
1767525952220 1767525952221 1 1504
1767525952220 1767525952221 1 1504
1767525952221 1767525952225 4 1504
1767525952221 1767525952225 4 1504
1767525952222 1767525952225 3 1504
1767525952222 1767525952225 3 1504
1767525952223 1767525952225 2 1504
1767525952223 1767525952225 2 1504
1767525952225 1767525952229 4 1504
1767525952225 1767525952229 4 1504
1767525952226 1767525952229 3 1504
1767525952226 1767525952229 3 1504
1767525952227 1767525952229 2 1504
1767525952227 1767525952229 2 1504
1767525952229 1767525952232 3 1504
1767525952229 1767525952233 4 1504
1767525952230 1767525952233 3 1504
1767525952230 1767525952233 3 1504
1767525952231 1767525952233 2 1504
1767525952231 1767525952233 2 1504
1767525952232 1767525952233 1 1504
1767525952232 1767525952233 1 1504
1767525952233 1767525952237 4 1504
1767525952233 1767525952237 4 1504
1767525952234 1767525952237 3 1504
1767525952234 1767525952237 3 1504
1767525952235 1767525952237 2 1504
1767525952236 1767525952237 1 1504
1767525952236 1767525952237 1 1504
1767525952237 1767525952241 4 1504
1767525952237 1767525952241 4 1504
1767525952238 1767525952241 3 1504
1767525952238 1767525952241 3 1504
1767525952239 1767525952241 2 1504
1767525952239 1767525952241 2 1504
1767525952249 1767525952253 4 1504
1767525952249 1767525952253 4 1504
1767525952249 1767525952253 4 1504
1767525952249 1767525952253 4 1504
1767525952250 1767525952253 3 1504
1767525952251 1767525952253 2 1504
1767525952252 1767525952253 1 1504
1767525952252 1767525952253 1 1504
1767525952253 1767525952257 4 1504
1767525952253 1767525952257 4 1504
1767525952254 1767525952257 3 1504
1767525952254 1767525952257 3 1504
1767525952255 1767525952257 2 1504
1767525952255 1767525952257 2 1504
1767525952256 1767525952257 1 1504
1767525952256 1767525952257 1 1504
1767525952257 1767525952261 4 1504
1767525952257 1767525952261 4 1504
1767525952259 1767525952261 2 1504
1767525952259 1767525952261 2 1504
1767525952260 1767525952261 1 1504
1767525952260 1767525952261 1 1504
1767525952261 1767525952265 4 1504
1767525952261 1767525952265 4 1504
1767525952261 1767525952265 4 52
1767525952262 1767525952265 3 1504
1767525952262 1767525952265 3 1504
1767525952263 1767525952265 2 1504
1767525952263 1767525952265 2 1504
1767525952264 1767525952265 1 1504
1767525952264 1767525952265 1 1504
1767525952265 1767525952271 6 1504
1767525952265 1767525952271 6 1504
1767525952266 1767525952271 5 1504
1767525952266 1767525952271 5 1504
1767525952267 1767525952271 4 1504
1767525952267 1767525952271 4 1504
1767525952268 1767525952271 3 1504
1767525952269 1767525952271 2 1504
1767525952269 1767525952271 2 1504
1767525952270 1767525952271 1 1504
1767525952270 1767525952271 1 1504
1767525952279 1767525952281 2 1504
1767525952279 1767525952281 2 1504
1767525952279 1767525952281 2 1504
1767525952279 1767525952281 2 1504
1767525952281 1767525952287 6 1504
1767525952281 1767525952287 6 1504
1767525952282 1767525952287 5 1504
1767525952282 1767525952287 5 1504
1767525952283 1767525952287 4 1504
1767525952283 1767525952287 4 1504
1767525952284 1767525952287 3 1504
1767525952284 1767525952287 3 1504
1767525952285 1767525952287 2 1504
1767525952285 1767525952287 2 1504
1767525952286 1767525952287 1 1504
1767525952286 1767525952287 1 1504
1767525952287 1767525952289 2 1504
1767525952287 1767525952289 2 1504
1767525952288 1767525952289 1 1504
1767525952288 1767525952289 1 1504
1767525952289 1767525952295 6 1504
1767525952289 1767525952295 6 1504
1767525952290 1767525952295 5 1504
1767525952290 1767525952295 5 1504
1767525952291 1767525952295 4 1504
1767525952291 1767525952295 4 1504
1767525952292 1767525952295 3 1504
1767525952292 1767525952295 3 1504
1767525952294 1767525952295 1 1504
1767525952294 1767525952295 1 1504
1767525952295 1767525952297 2 1504
1767525952295 1767525952297 2 1504
1767525952296 1767525952297 1 1504
1767525952296 1767525952297 1 1504
1767525952297 1767525952301 4 1504
1767525952297 1767525952301 4 1504
1767525952298 1767525952301 3 1504
1767525952298 1767525952301 3 1504
1767525952299 1767525952301 2 1504
1767525952299 1767525952301 2 1504
1767525952300 1767525952301 1 1504
1767525952305 1767525952309 4 1504
1767525952305 1767525952309 4 1504
1767525952305 1767525952309 4 1504
1767525952305 1767525952309 4 1504
1767525952313 1767525952317 4 1504
1767525952313 1767525952317 4 1504
1767525952313 1767525952317 4 1504
1767525952313 1767525952317 4 1504
1767525952314 1767525952317 3 1504
1767525952314 1767525952317 3 1504
1767525952316 1767525952317 1 1504
1767525952316 1767525952317 1 1504
1767525952317 1767525952321 4 1504
1767525952317 1767525952321 4 1504
1767525952318 1767525952321 3 1504
1767525952318 1767525952321 3 1504
1767525952319 1767525952321 2 1504
1767525952319 1767525952321 2 1504
1767525952320 1767525952321 1 1504
1767525952320 1767525952321 1 1504
1767525952321 1767525952325 4 1504
1767525952321 1767525952325 4 1504
1767525952322 1767525952325 3 1504
1767525952322 1767525952325 3 1504
1767525952323 1767525952325 2 1504
1767525952323 1767525952325 2 1504
1767525952324 1767525952325 1 1504
1767525952324 1767525952326 2 1504
1767525952326 1767525952329 3 1504
1767525952326 1767525952329 3 1504
1767525952326 1767525952329 3 1504
1767525952326 1767525952329 3 1504
1767525952328 1767525952329 1 1504
1767525952328 1767525952329 1 1504
1767525952329 1767525952333 4 1504
1767525952329 1767525952333 4 1504
1767525952330 1767525952333 3 1504
1767525952330 1767525952333 3 1504
1767525952331 1767525952333 2 1504
1767525952331 1767525952333 2 1504
1767525952332 1767525952333 1 1504
1767525952332 1767525952333 1 1504
1767525952333 1767525952337 4 1504
1767525952333 1767525952337 4 1504
1767525952334 1767525952337 3 1504
1767525952341 1767525952345 4 1504
1767525952341 1767525952345 4 1504
1767525952341 1767525952345 4 1504
1767525952341 1767525952345 4 1504
1767525952342 1767525952345 3 1504
1767525952342 1767525952345 3 1504
1767525952343 1767525952345 2 1504
1767525952343 1767525952345 2 1504
1767525952345 1767525952349 4 1504
1767525952345 1767525952349 4 1504
1767525952346 1767525952349 3 1504
1767525952346 1767525952349 3 1504
1767525952347 1767525952349 2 1504
1767525952347 1767525952349 2 1504
1767525952348 1767525952349 1 1504
1767525952348 1767525952349 1 1504
1767525952349 1767525952355 6 1504
1767525952349 1767525952355 6 1504
1767525952350 1767525952355 5 1504
1767525952350 1767525952355 5 1504
1767525952351 1767525952355 4 1504
1767525952351 1767525952355 4 1504
1767525952352 1767525952355 3 1504
1767525952352 1767525952355 3 1504
1767525952353 1767525952355 2 1504
1767525952353 1767525952355 2 1504
1767525952355 1767525952357 2 1504
1767525952355 1767525952357 2 1504
1767525952356 1767525952357 1 1504
1767525952356 1767525952357 1 1504
1767525952357 1767525952363 6 1504
1767525952357 1767525952363 6 1504
1767525952358 1767525952363 5 1504
1767525952358 1767525952363 5 1504
1767525952359 1767525952363 4 1504
1767525952359 1767525952363 4 1504
1767525952360 1767525952363 3 1504
1767525952360 1767525952363 3 1504
1767525952361 1767525952363 2 1504
1767525952361 1767525952363 2 1504
1767525952363 1767525952365 2 1504
1767525952363 1767525952365 2 1504
1767525952365 1767525952371 6 1504
1767525952365 1767525952371 6 1504
1767525952365 1767525952371 6 1504
1767525952366 1767525952371 5 1504
1767525952366 1767525952371 5 1504
1767525952367 1767525952371 4 1504
1767525952367 1767525952371 4 1504
1767525952368 1767525952371 3 1504
1767525952368 1767525952371 3 1504
1767525952371 1767525952373 2 1504
1767525952371 1767525952373 2 1504
1767525952372 1767525952373 1 1504
1767525952372 1767525952373 1 1504
1767525952373 1767525952377 4 1504
1767525952373 1767525952377 4 1504
1767525952374 1767525952377 3 1504
1767525952374 1767525952377 3 1504
1767525952382 1767525952385 3 1504
1767525952382 1767525952385 3 1504
1767525952382 1767525952385 3 1504
1767525952382 1767525952385 3 1504
1767525952383 1767525952385 2 1504
1767525952383 1767525952385 2 1504
1767525952384 1767525952385 1 1504
1767525952384 1767525952385 1 1504
1767525952385 1767525952389 4 1504
1767525952385 1767525952389 4 1504
1767525952386 1767525952389 3 1504
1767525952386 1767525952389 3 1504
1767525952387 1767525952389 2 1504
1767525952387 1767525952389 2 1504
1767525952389 1767525952393 4 1504
1767525952389 1767525952393 4 1504
1767525952390 1767525952393 3 1504
1767525952390 1767525952393 3 1504
1767525952391 1767525952393 2 1504
1767525952391 1767525952393 2 1504
1767525952392 1767525952393 1 1504
1767525952392 1767525952393 1 1504
1767525952393 1767525952397 4 1504
1767525952393 1767525952397 4 1504
1767525952394 1767525952397 3 1504
1767525952394 1767525952397 3 1504
1767525952395 1767525952397 2 1504
1767525952395 1767525952397 2 1504
1767525952396 1767525952397 1 1504
1767525952396 1767525952397 1 1504
1767525952397 1767525952401 4 1504
1767525952398 1767525952401 3 1504
1767525952398 1767525952401 3 1504
1767525952399 1767525952401 2 1504
1767525952399 1767525952401 2 1504
1767525952400 1767525952401 1 1504
1767525952400 1767525952401 1 1504
1767525952401 1767525952405 4 1504
1767525952401 1767525952405 4 1504
1767525952402 1767525952405 3 1504
1767525952402 1767525952405 3 1504
1767525952403 1767525952405 2 1504
1767525952403 1767525952405 2 1504
1767525952405 1767525952409 4 1504
1767525952405 1767525952409 4 1504
1767525952405 1767525952409 4 1504
1767525952405 1767525952409 4 1504
1767525952406 1767525952409 3 1504
1767525952406 1767525952410 4 1504
1767525952407 1767525952410 3 1504
1767525952407 1767525952410 3 1504
1767525952409 1767525952413 4 1504
1767525952409 1767525952413 4 1504
1767525952410 1767525952413 3 1504
1767525952410 1767525952413 3 1504
1767525952411 1767525952413 2 1504
1767525952411 1767525952413 2 1504
1767525952413 1767525952417 4 1504
1767525952413 1767525952417 4 1504
1767525952414 1767525952417 3 1504
1767525952414 1767525952417 3 1504
1767525952415 1767525952417 2 1504
1767525952415 1767525952417 2 1504
1767525952416 1767525952417 1 1504
1767525952416 1767525952417 1 1504
1767525952418 1767525952421 3 1504
1767525952418 1767525952421 3 1504
1767525952418 1767525952421 3 1504
1767525952418 1767525952421 3 1504
1767525952419 1767525952421 2 1504
1767525952419 1767525952421 2 1504
1767525952420 1767525952421 1 1504
1767525952420 1767525952421 1 1504
1767525952421 1767525952425 4 1504
1767525952421 1767525952425 4 1504
1767525952422 1767525952425 3 1504
1767525952422 1767525952425 3 1504
1767525952422 1767525952425 3 1504
1767525952423 1767525952425 2 1504
1767525952423 1767525952425 2 1504
1767525952429 1767525952433 4 1504
1767525952429 1767525952433 4 1504
1767525952429 1767525952433 4 1504
1767525952429 1767525952433 4 1504
1767525952430 1767525952433 3 1504
1767525952430 1767525952433 3 1504
1767525952433 1767525952437 4 1504
1767525952433 1767525952437 4 1504
1767525952434 1767525952437 3 1504
1767525952434 1767525952437 3 1504
1767525952435 1767525952437 2 1504
1767525952435 1767525952437 2 1504
1767525952436 1767525952437 1 1504
1767525952436 1767525952437 1 1504
1767525952437 1767525952440 3 1504
1767525952437 1767525952440 3 1504
1767525952438 1767525952440 2 1504
1767525952438 1767525952440 2 1504
1767525952438 1767525952440 2 1504
1767525952438 1767525952440 2 1504
1767525952439 1767525952440 1 1504
1767525952439 1767525952441 2 1504
1767525952440 1767525952445 5 1504
1767525952440 1767525952445 5 1504
1767525952441 1767525952445 4 1504
1767525952441 1767525952445 4 1504
1767525952442 1767525952445 3 1504
1767525952442 1767525952445 3 1504
1767525952443 1767525952445 2 1504
1767525952443 1767525952445 2 1504
1767525952444 1767525952445 1 1504
1767525952444 1767525952445 1 1504
1767525952445 1767525952448 3 1504
1767525952445 1767525952448 3 1504
1767525952446 1767525952448 2 1504
1767525952446 1767525952448 2 1504
1767525952447 1767525952448 1 1504
1767525952447 1767525952448 1 1504
1767525952448 1767525952453 5 1504
1767525952448 1767525952453 5 1504
1767525952449 1767525952453 4 1504
1767525952449 1767525952453 4 1504
1767525952449 1767525952457 8 1504
1767525952457 1767525952461 4 1504
1767525952457 1767525952461 4 1504
1767525952457 1767525952461 4 1504
1767525952457 1767525952461 4 1504
1767525952458 1767525952461 3 1504
1767525952458 1767525952461 3 1504
1767525952459 1767525952461 2 1504
1767525952459 1767525952461 2 1504
1767525952461 1767525952465 4 1504
1767525952461 1767525952465 4 1504
1767525952462 1767525952465 3 1504
1767525952462 1767525952465 3 1504
1767525952463 1767525952465 2 1504
1767525952463 1767525952465 2 1504
1767525952464 1767525952465 1 1504
1767525952464 1767525952465 1 1504
1767525952465 1767525952469 4 1504
1767525952465 1767525952469 4 1504
1767525952466 1767525952469 3 1504
1767525952466 1767525952469 3 1504
1767525952467 1767525952469 2 1504
1767525952467 1767525952469 2 1504
1767525952468 1767525952469 1 1504
1767525952468 1767525952469 1 1504
1767525952469 1767525952473 4 1504
1767525952469 1767525952473 4 1504
1767525952470 1767525952473 3 1504
1767525952470 1767525952473 3 1504
1767525952471 1767525952473 2 1504
1767525952471 1767525952473 2 1504
1767525952472 1767525952473 1 1504
1767525952472 1767525952473 1 1504
1767525952473 1767525952477 4 1504
1767525952473 1767525952477 4 1504
1767525952474 1767525952477 3 1504
1767525952474 1767525952477 3 1504
1767525952475 1767525952477 2 1504
1767525952475 1767525952477 2 1504
1767525952476 1767525952477 1 1504
1767525952476 1767525952477 1 1504
1767525952477 1767525952481 4 1504
1767525952477 1767525952481 4 1504
1767525952478 1767525952481 3 1504
1767525952478 1767525952481 3 1504
1767525952478 1767525952481 3 1504
1767525952481 1767525952485 4 1504
1767525952481 1767525952485 4 1504
1767525952481 1767525952485 4 1504
1767525952481 1767525952485 4 1504
1767525952482 1767525952485 3 1504
1767525952482 1767525952485 3 1504
1767525952483 1767525952485 2 1504
1767525952483 1767525952485 2 1504
1767525952485 1767525952489 4 1504
1767525952485 1767525952489 4 1504
1767525952486 1767525952489 3 1504
1767525952486 1767525952489 3 1504
1767525952486 1767525952489 3 1504
1767525952486 1767525952489 3 1504
1767525952487 1767525952489 2 1504
1767525952487 1767525952489 2 1504
1767525952489 1767525952492 3 1504
1767525952489 1767525952492 3 1504
1767525952489 1767525952492 3 1504
1767525952489 1767525952492 3 1504
1767525952490 1767525952492 2 1504
1767525952490 1767525952492 2 1504
1767525952491 1767525952492 1 1504
1767525952491 1767525952492 1 1504
1767525952497 1767525952500 3 1504
1767525952497 1767525952500 3 1504
1767525952497 1767525952500 3 1504
1767525952497 1767525952500 3 1504
1767525952498 1767525952500 2 1504
1767525952498 1767525952500 2 1504
1767525952499 1767525952500 1 1504
1767525952499 1767525952500 1 1504
1767525952500 1767525952501 1 1504
1767525952500 1767525952501 1 1504
1767525952501 1767525952505 4 1504
1767525952501 1767525952505 4 1504
1767525952502 1767525952505 3 1504
1767525952502 1767525952505 3 1504
1767525952503 1767525952505 2 1504
1767525952503 1767525952505 2 1504
1767525952504 1767525952505 1 1504
1767525952504 1767525952505 1 1504
1767525952505 1767525952508 3 1504
1767525952505 1767525952508 3 1504
1767525952505 1767525952508 3 1504
1767525952508 1767525952509 1 1504
1767525952508 1767525952509 1 1504
1767525952509 1767525952513 4 1504
1767525952509 1767525952513 4 1504
1767525952510 1767525952513 3 1504
1767525952510 1767525952513 3 1504
1767525952511 1767525952513 2 1504
1767525952511 1767525952513 2 1504
1767525952512 1767525952513 1 1504
1767525952512 1767525952513 1 1504
1767525952513 1767525952516 3 1504
1767525952513 1767525952516 3 1504
1767525952513 1767525952516 3 1504
1767525952513 1767525952516 3 1504
1767525952514 1767525952516 2 1504
1767525952514 1767525952516 2 1504
1767525952516 1767525952524 8 1504
1767525952516 1767525952524 8 1504
1767525952516 1767525952524 8 1504
1767525952516 1767525952524 8 1504
1767525952517 1767525952524 7 1504
1767525952517 1767525952524 7 1504
1767525952518 1767525952524 6 1504
1767525952518 1767525952529 11 1504
1767525952524 1767525952529 5 1504
1767525952524 1767525952529 5 1504
1767525952524 1767525952529 5 1504
1767525952524 1767525952529 5 1504
1767525952525 1767525952529 4 1504
1767525952525 1767525952529 4 1504
1767525952526 1767525952529 3 1504
1767525952526 1767525952529 3 1504
1767525952529 1767525952533 4 1504
1767525952529 1767525952533 4 1504
1767525952533 1767525952537 4 1504
1767525952533 1767525952537 4 1504
1767525952533 1767525952537 4 1504
1767525952533 1767525952537 4 1504
1767525952534 1767525952537 3 1504
1767525952534 1767525952537 3 1504
1767525952535 1767525952537 2 1504
1767525952535 1767525952537 2 1504
1767525952536 1767525952537 1 1504
1767525952537 1767525952541 4 1504
1767525952537 1767525952541 4 1504
1767525952538 1767525952541 3 1504
1767525952538 1767525952541 3 1504
1767525952539 1767525952541 2 1504
1767525952539 1767525952541 2 1504
1767525952540 1767525952541 1 1504
1767525952540 1767525952541 1 1504
1767525952541 1767525952545 4 1504
1767525952541 1767525952545 4 1504
1767525952542 1767525952545 3 1504
1767525952542 1767525952545 3 1504
1767525952543 1767525952545 2 1504
1767525952543 1767525952545 2 1504
1767525952544 1767525952545 1 1504
1767525952544 1767525952545 1 1504
1767525952545 1767525952549 4 1504
1767525952545 1767525952549 4 1504
1767525952546 1767525952549 3 1504
1767525952546 1767525952549 3 1504
1767525952547 1767525952549 2 1504
1767525952547 1767525952549 2 1504
1767525952548 1767525952549 1 1504
1767525952548 1767525952549 1 1504
1767525952549 1767525952553 4 1504
1767525952549 1767525952553 4 1504
1767525952550 1767525952553 3 1504
1767525952550 1767525952553 3 1504
1767525952551 1767525952553 2 1504
1767525952551 1767525952553 2 1504
1767525952552 1767525952553 1 1504
1767525952552 1767525952553 1 1504
1767525952553 1767525952557 4 1504
1767525952553 1767525952557 4 1504
1767525952554 1767525952557 3 1504
1767525952554 1767525952557 3 1504
1767525952557 1767525952561 4 1504
1767525952557 1767525952561 4 1504
1767525952557 1767525952561 4 1504
1767525952557 1767525952561 4 1504
1767525952558 1767525952561 3 1504
1767525952558 1767525952561 3 1504
1767525952559 1767525952561 2 1504
1767525952559 1767525952561 2 1504
1767525952560 1767525952561 1 1504
1767525952561 1767525952565 4 1504
1767525952561 1767525952565 4 1504
1767525952562 1767525952565 3 1504
1767525952562 1767525952565 3 1504
1767525952563 1767525952565 2 1504
1767525952563 1767525952565 2 1504
1767525952564 1767525952565 1 1504
1767525952564 1767525952565 1 1504
1767525952565 1767525952569 4 1504
1767525952565 1767525952569 4 1504
1767525952566 1767525952569 3 1504
1767525952566 1767525952569 3 1504
1767525952567 1767525952569 2 1504
1767525952567 1767525952569 2 1504
1767525952567 1767525952569 2 1504
1767525952567 1767525952570 3 1504
1767525952568 1767525952570 2 1504
1767525952568 1767525952570 2 1504
1767525952570 1767525952573 3 1504
1767525952570 1767525952573 3 1504
1767525952570 1767525952573 3 1504
1767525952570 1767525952573 3 1504
1767525952571 1767525952573 2 1504
1767525952571 1767525952573 2 1504
1767525952572 1767525952573 1 1504
1767525952572 1767525952573 1 1504
1767525952577 1767525952581 4 1504
1767525952577 1767525952582 5 1504
1767525952577 1767525952582 5 1504
1767525952578 1767525952582 4 1504
1767525952578 1767525952582 4 1504
1767525952579 1767525952582 3 1504
1767525952579 1767525952582 3 1504
1767525952581 1767525952582 1 1504
1767525952581 1767525952582 1 1504
1767525952581 1767525952582 1 1504
1767525952581 1767525952582 1 1504
1767525952582 1767525952585 3 1504
1767525952582 1767525952585 3 1504
1767525952583 1767525952585 2 1504
1767525952583 1767525952585 2 1504
1767525952584 1767525952585 1 1504
1767525952584 1767525952585 1 1504
1767525952585 1767525952589 4 1504
1767525952585 1767525952590 5 1504
1767525952586 1767525952590 4 1504
1767525952586 1767525952590 4 1504
1767525952589 1767525952590 1 1504
1767525952589 1767525952590 1 1504
1767525952590 1767525952593 3 1504
1767525952590 1767525952593 3 1504
1767525952591 1767525952593 2 1504
1767525952591 1767525952593 2 1504
1767525952592 1767525952593 1 1504
1767525952592 1767525952593 1 1504
1767525952594 1767525952597 3 1504
1767525952594 1767525952598 4 1504
1767525952594 1767525952598 4 1504
1767525952594 1767525952598 4 1504
1767525952595 1767525952598 3 1504
1767525952595 1767525952598 3 1504
1767525952596 1767525952598 2 1504
1767525952596 1767525952598 2 1504
1767525952597 1767525952598 1 1504
1767525952597 1767525952598 1 1504
1767525952598 1767525952601 3 1504
1767525952598 1767525952601 3 1504
1767525952599 1767525952601 2 1504
1767525952599 1767525952601 2 1504
1767525952600 1767525952601 1 1504
1767525952600 1767525952601 1 1504
1767525952601 1767525952605 4 1504
1767525952601 1767525952606 5 1504
1767525952605 1767525952606 1 1504
1767525952605 1767525952606 1 1504
1767525952606 1767525952609 3 1504
1767525952606 1767525952609 3 1504
1767525952607 1767525952609 2 1504
1767525952607 1767525952609 2 1504
1767525952608 1767525952609 1 1504
1767525952608 1767525952609 1 1504
1767525952608 1767525952609 1 1504
1767525952608 1767525952610 2 1504
1767525952609 1767525952612 3 1504
1767525952609 1767525952612 3 1504
1767525952610 1767525952612 2 1504
1767525952610 1767525952612 2 1504
1767525952611 1767525952612 1 1504
1767525952611 1767525952612 1 1504
1767525952612 1767525952617 5 1504
1767525952613 1767525952617 4 1504
1767525952613 1767525952617 4 1504
1767525952613 1767525952617 4 1504
1767525952613 1767525952617 4 1504
1767525952614 1767525952617 3 1504
1767525952614 1767525952617 3 1504
1767525952615 1767525952617 2 1504
1767525952615 1767525952617 2 1504
1767525952616 1767525952617 1 1504
1767525952616 1767525952617 1 1504
1767525952617 1767525952621 4 1504
1767525952617 1767525952621 4 1504
1767525952621 1767525952625 4 1504
1767525952621 1767525952625 4 1504
1767525952621 1767525952625 4 1504
1767525952621 1767525952625 4 1504
1767525952622 1767525952625 3 1504
1767525952622 1767525952625 3 1504
1767525952623 1767525952625 2 1504
1767525952623 1767525952625 2 1504
1767525952624 1767525952625 1 1504
1767525952624 1767525952625 1 1504
1767525952625 1767525952629 4 1504
1767525952625 1767525952629 4 1504
1767525952625 1767525952629 4 1504
1767525952625 1767525952629 4 1504
1767525952626 1767525952629 3 1504
1767525952626 1767525952629 3 1504
1767525952629 1767525952633 4 1504
1767525952629 1767525952633 4 1504
1767525952630 1767525952633 3 1504
1767525952630 1767525952633 3 1504
1767525952633 1767525952637 4 1504
1767525952633 1767525952637 4 1504
1767525952634 1767525952637 3 1504
1767525952634 1767525952637 3 1504
1767525952635 1767525952637 2 1504
1767525952635 1767525952637 2 1504
1767525952636 1767525952637 1 1504
1767525952636 1767525952637 1 1504
1767525952637 1767525952641 4 1504
1767525952637 1767525952641 4 1504
1767525952637 1767525952641 4 1504
1767525952637 1767525952641 4 1504
1767525952638 1767525952641 3 1504
1767525952639 1767525952641 2 1504
1767525952639 1767525952641 2 1504
1767525952641 1767525952645 4 1504
1767525952641 1767525952645 4 1504
1767525952642 1767525952645 3 1504
1767525952642 1767525952645 3 1504
1767525952643 1767525952645 2 1504
1767525952643 1767525952645 2 1504
1767525952643 1767525952645 2 1504
1767525952643 1767525952645 2 1504
1767525952644 1767525952645 1 1504
1767525952644 1767525952645 1 1504
1767525952645 1767525952649 4 1504
1767525952645 1767525952649 4 1504
1767525952646 1767525952649 3 1504
1767525952646 1767525952649 3 1504
1767525952649 1767525952653 4 1504
1767525952649 1767525952653 4 1504
1767525952649 1767525952653 4 1504
1767525952649 1767525952653 4 1504
1767525952650 1767525952653 3 1504
1767525952650 1767525952653 3 1504
1767525952651 1767525952653 2 1504
1767525952651 1767525952653 2 1504
1767525952652 1767525952653 1 1504
1767525952652 1767525952653 1 1504
1767525952653 1767525952657 4 1504
1767525952653 1767525952657 4 1504
1767525952654 1767525952657 3 1504
1767525952654 1767525952657 3 1504
1767525952655 1767525952657 2 1504
1767525952655 1767525952657 2 1504
1767525952656 1767525952657 1 1504
1767525952656 1767525952657 1 1504
1767525952657 1767525952661 4 1504
1767525952657 1767525952661 4 1504
1767525952658 1767525952661 3 1504
1767525952658 1767525952661 3 1504
1767525952658 1767525952661 3 1504
1767525952658 1767525952661 3 1504
1767525952659 1767525952661 2 1504
1767525952659 1767525952661 2 1504
1767525952660 1767525952661 1 1504
1767525952660 1767525952661 1 1504
1767525952661 1767525952665 4 1504
1767525952661 1767525952666 5 1504
1767525952662 1767525952666 4 1504
1767525952662 1767525952666 4 1504
1767525952662 1767525952666 4 1504
1767525952663 1767525952666 3 1504
1767525952663 1767525952666 3 1504
1767525952665 1767525952666 1 1504
1767525952665 1767525952666 1 1504
1767525952666 1767525952669 3 1504
1767525952666 1767525952669 3 1504
1767525952667 1767525952669 2 1504
1767525952667 1767525952669 2 1504
1767525952667 1767525952669 2 1504
1767525952667 1767525952669 2 1504
1767525952668 1767525952669 1 1504
1767525952668 1767525952669 1 1504
1767525952669 1767525952673 4 1504
1767525952669 1767525952673 4 1504
1767525952670 1767525952674 4 1504
1767525952670 1767525952674 4 1504
1767525952673 1767525952674 1 1504
1767525952673 1767525952674 1 1504
1767525952673 1767525952674 1 1504
1767525952673 1767525952674 1 1504
1767525952674 1767525952677 3 1504
1767525952674 1767525952677 3 1504
1767525952675 1767525952677 2 1504
1767525952675 1767525952677 2 1504
1767525952675 1767525952677 2 1504
1767525952675 1767525952677 2 1504
1767525952677 1767525952681 4 1504
1767525952677 1767525952682 5 1504
1767525952677 1767525952682 5 1504
1767525952677 1767525952682 5 1504
1767525952678 1767525952682 4 1504
1767525952678 1767525952682 4 1504
1767525952679 1767525952682 3 1504
1767525952679 1767525952682 3 1504
1767525952681 1767525952682 1 1504
1767525952681 1767525952682 1 1504
1767525952682 1767525952685 3 1504
1767525952682 1767525952685 3 1504
1767525952683 1767525952685 2 1504
1767525952683 1767525952685 2 1504
1767525952683 1767525952685 2 1504
1767525952684 1767525952685 1 1504
1767525952684 1767525952685 1 1504
1767525952685 1767525952688 3 1504
1767525952685 1767525952688 3 1504
1767525952686 1767525952688 2 1504
1767525952686 1767525952688 2 1504
1767525952688 1767525952693 5 1504
1767525952688 1767525952693 5 1504
1767525952689 1767525952693 4 1504
1767525952689 1767525952693 4 1504
1767525952690 1767525952693 3 1504
1767525952690 1767525952693 3 1504
1767525952690 1767525952693 3 1504
1767525952690 1767525952694 4 1504
1767525952694 1767525952697 3 1504
1767525952694 1767525952697 3 1504
1767525952694 1767525952697 3 1504
1767525952694 1767525952697 3 1504
1767525952694 1767525952697 3 1504
1767525952695 1767525952697 2 1504
1767525952697 1767525952701 4 1504
1767525952697 1767525952701 4 1504
1767525952697 1767525952701 4 1504
1767525952697 1767525952701 4 1504
1767525952697 1767525952701 4 1504
1767525952698 1767525952701 3 1504
1767525952701 1767525952705 4 1504
1767525952701 1767525952705 4 1504
1767525952705 1767525952709 4 1504
1767525952705 1767525952709 4 1504
1767525952705 1767525952709 4 1504
1767525952705 1767525952709 4 1504
1767525952709 1767525952713 4 1504
1767525952709 1767525952713 4 1504
1767525952709 1767525952713 4 1504
1767525952710 1767525952713 3 1504
1767525952710 1767525952713 3 1504
1767525952710 1767525952713 3 1504
1767525952710 1767525952713 3 1504
1767525952710 1767525952713 3 1504
1767525952717 1767525952722 5 1504
1767525952717 1767525952722 5 1504
1767525952717 1767525952722 5 1504
1767525952717 1767525952722 5 1504
1767525952717 1767525952722 5 1504
1767525952719 1767525952722 3 1504
1767525952719 1767525952722 3 1504
1767525952719 1767525952722 3 1504
1767525952720 1767525952722 2 1504
1767525952720 1767525952722 2 1504
1767525952722 1767525952725 3 1504
1767525952722 1767525952725 3 1504
1767525952723 1767525952725 2 1504
1767525952723 1767525952725 2 1504
1767525952724 1767525952725 1 1504
1767525952724 1767525952725 1 1504
1767525952725 1767525952729 4 1504
1767525952725 1767525952729 4 1504
1767525952726 1767525952729 3 1504
1767525952726 1767525952729 3 1504
1767525952728 1767525952729 1 1504
1767525952728 1767525952729 1 1504
1767525952729 1767525952733 4 1504
1767525952729 1767525952733 4 1504
1767525952730 1767525952733 3 1504
1767525952730 1767525952733 3 1504
1767525952733 1767525952736 3 1504
1767525952733 1767525952736 3 1504
1767525952736 1767525952737 1 1504
1767525952736 1767525952737 1 1504
1767525952737 1767525952741 4 1504
1767525952737 1767525952741 4 1504
1767525952738 1767525952741 3 1504
1767525952738 1767525952741 3 1504
1767525952744 1767525952749 5 1504
1767525952744 1767525952749 5 1504
1767525952744 1767525952749 5 1504
1767525952744 1767525952749 5 1504
1767525952746 1767525952749 3 1504
1767525952746 1767525952749 3 1504
1767525952747 1767525952749 2 1504
1767525952747 1767525952749 2 1504
1767525952748 1767525952749 1 1504
1767525952748 1767525952749 1 1504
1767525952749 1767525952752 3 1504
1767525952749 1767525952752 3 1504
1767525952750 1767525952752 2 1504
1767525952750 1767525952752 2 1504
1767525952752 1767525952757 5 1504
1767525952752 1767525952757 5 1504
1767525952753 1767525952757 4 1504
1767525952754 1767525952757 3 1504
1767525952754 1767525952757 3 1504
1767525952755 1767525952757 2 1504
1767525952755 1767525952757 2 1504
1767525952756 1767525952757 1 1504
1767525952756 1767525952757 1 1504
1767525952757 1767525952761 4 1504
1767525952757 1767525952761 4 1504
1767525952758 1767525952761 3 1504
1767525952758 1767525952761 3 1504
1767525952760 1767525952761 1 1504
1767525952760 1767525952761 1 1504
1767525952761 1767525952765 4 1504
1767525952761 1767525952765 4 1504
1767525952762 1767525952765 3 1504
1767525952762 1767525952765 3 1504
1767525952763 1767525952765 2 1504
1767525952763 1767525952765 2 1504
1767525952769 1767525952773 4 1504
1767525952769 1767525952773 4 1504
1767525952769 1767525952773 4 1504
1767525952769 1767525952773 4 1504
1767525952771 1767525952773 2 1504
1767525952771 1767525952773 2 1504
1767525952773 1767525952777 4 1504
1767525952773 1767525952777 4 1504
1767525952774 1767525952777 3 1504
1767525952774 1767525952777 3 1504
1767525952775 1767525952777 2 1504
1767525952775 1767525952777 2 1504
1767525952776 1767525952777 1 1504
1767525952776 1767525952777 1 1504
1767525952781 1767525952785 4 1504
1767525952781 1767525952785 4 1504
1767525952782 1767525952785 3 1504
1767525952782 1767525952785 3 1504
1767525952783 1767525952785 2 1504
1767525952783 1767525952785 2 1504
1767525952784 1767525952785 1 1504
1767525952784 1767525952786 2 1504
1767525952786 1767525952789 3 1504
1767525952786 1767525952789 3 1504
1767525952787 1767525952790 3 1504
1767525952787 1767525952790 3 1504
1767525952788 1767525952790 2 1504
1767525952788 1767525952790 2 1504
1767525952788 1767525952790 2 1504
1767525952790 1767525952793 3 1504
1767525952790 1767525952793 3 1504
1767525952791 1767525952793 2 1504
1767525952791 1767525952793 2 1504
1767525952792 1767525952793 1 1504
1767525952792 1767525952793 1 1504
1767525952793 1767525952797 4 1504
1767525952793 1767525952797 4 1504
1767525952794 1767525952797 3 1504
1767525952794 1767525952797 3 1504
1767525952795 1767525952797 2 1504
1767525952795 1767525952797 2 1504
1767525952797 1767525952801 4 1504
1767525952797 1767525952801 4 1504
1767525952798 1767525952801 3 1504
1767525952798 1767525952801 3 1504
1767525952799 1767525952801 2 1504
1767525952799 1767525952801 2 1504
1767525952800 1767525952801 1 1504
1767525952800 1767525952801 1 1504
1767525952805 1767525952809 4 1504
1767525952805 1767525952809 4 1504
1767525952805 1767525952809 4 1504
1767525952805 1767525952809 4 1504
1767525952809 1767525952813 4 1504
1767525952809 1767525952813 4 1504
1767525952809 1767525952813 4 1504
1767525952809 1767525952813 4 1504
1767525952813 1767525952817 4 1504
1767525952813 1767525952817 4 1504
1767525952814 1767525952817 3 1504
1767525952814 1767525952817 3 1504
1767525952815 1767525952817 2 1504
1767525952815 1767525952817 2 1504
1767525952816 1767525952817 1 1504
1767525952816 1767525952817 1 1504
1767525952817 1767525952821 4 1504
1767525952817 1767525952821 4 1504
1767525952818 1767525952821 3 1504
1767525952818 1767525952821 3 1504
1767525952819 1767525952821 2 1504
1767525952819 1767525952821 2 1504
1767525952821 1767525952826 5 1504
1767525952821 1767525952826 5 1504
1767525952821 1767525952826 5 1504
1767525952822 1767525952826 4 1504
1767525952822 1767525952826 4 1504
1767525952823 1767525952826 3 1504
1767525952823 1767525952826 3 1504
1767525952824 1767525952826 2 1504
1767525952824 1767525952826 2 1504
1767525952826 1767525952829 3 1504
1767525952826 1767525952829 3 1504
1767525952827 1767525952829 2 1504
1767525952827 1767525952829 2 1504
1767525952829 1767525952834 5 1504
1767525952829 1767525952834 5 1504
1767525952829 1767525952834 5 1504
1767525952829 1767525952834 5 1504
1767525952834 1767525952839 5 1504
1767525952834 1767525952839 5 1504
1767525952835 1767525952839 4 1504
1767525952835 1767525952839 4 1504
1767525952839 1767525952841 2 1504
1767525952839 1767525952841 2 1504
1767525952839 1767525952841 2 1504
1767525952839 1767525952841 2 1504
1767525952841 1767525952845 4 1504
1767525952841 1767525952845 4 1504
1767525952842 1767525952845 3 1504
1767525952842 1767525952845 3 1504
1767525952843 1767525952845 2 1504
1767525952843 1767525952845 2 1504
1767525952844 1767525952845 1 1504
1767525952844 1767525952845 1 1504
1767525952845 1767525952849 4 1504
1767525952845 1767525952849 4 1504
1767525952849 1767525952853 4 1504
1767525952849 1767525952853 4 1504
1767525952850 1767525952853 3 1504
1767525952850 1767525952853 3 1504
1767525952851 1767525952853 2 1504
1767525952851 1767525952853 2 1504
1767525952852 1767525952853 1 1504
1767525952852 1767525952853 1 1504
1767525952853 1767525952857 4 1504
1767525952853 1767525952857 4 1504
1767525952854 1767525952857 3 1504
1767525952855 1767525952857 2 1504
1767525952855 1767525952857 2 1504
1767525952857 1767525952861 4 1504
1767525952857 1767525952861 4 1504
1767525952857 1767525952861 4 1504
1767525952857 1767525952861 4 1504
1767525952861 1767525952864 3 1504
1767525952861 1767525952864 3 1504
1767525952861 1767525952864 3 1504
1767525952861 1767525952864 3 1504
1767525952862 1767525952864 2 1504
1767525952862 1767525952864 2 1504
1767525952864 1767525952869 5 1504
1767525952864 1767525952869 5 1504
1767525952865 1767525952869 4 1504
1767525952865 1767525952869 4 1504
1767525952869 1767525952872 3 1504
1767525952869 1767525952872 3 1504
1767525952869 1767525952872 3 1504
1767525952869 1767525952872 3 1504
1767525952871 1767525952872 1 1504
1767525952871 1767525952872 1 1504
1767525952872 1767525952877 5 1504
1767525952872 1767525952877 5 1504
1767525952873 1767525952877 4 1504
1767525952873 1767525952877 4 1504
1767525952877 1767525952880 3 1504
1767525952877 1767525952880 3 1504
1767525952878 1767525952880 2 1504
1767525952878 1767525952880 2 1504
1767525952879 1767525952880 1 1504
1767525952879 1767525952880 1 1504
1767525952880 1767525952885 5 1504
1767525952880 1767525952885 5 1504
1767525952881 1767525952885 4 1504
1767525952881 1767525952885 4 1504
1767525952882 1767525952885 3 1504
1767525952882 1767525952885 3 1504
1767525952885 1767525952888 3 1504
1767525952885 1767525952888 3 1504
1767525952885 1767525952888 3 1504
1767525952885 1767525952888 3 1504
1767525952886 1767525952888 2 1504
1767525952886 1767525952888 2 1504
1767525952887 1767525952888 1 1504
1767525952888 1767525952893 5 1504
1767525952888 1767525952893 5 1504
1767525952889 1767525952893 4 1504
1767525952889 1767525952893 4 1504
1767525952893 1767525952896 3 1504
1767525952893 1767525952896 3 1504
1767525952894 1767525952896 2 1504
1767525952894 1767525952896 2 1504
1767525952895 1767525952896 1 1504
1767525952895 1767525952896 1 1504
1767525952896 1767525952901 5 1504
1767525952896 1767525952901 5 1504
1767525952897 1767525952901 4 1504
1767525952897 1767525952901 4 1504
1767525952899 1767525952901 2 1504
1767525952899 1767525952901 2 1504
1767525952900 1767525952901 1 1504
1767525952900 1767525952901 1 1504
1767525952901 1767525952904 3 1504
1767525952901 1767525952904 3 1504
1767525952902 1767525952904 2 1504
1767525952902 1767525952904 2 1504
1767525952903 1767525952904 1 1504
1767525952903 1767525952904 1 1504
1767525952904 1767525952909 5 1504
1767525952904 1767525952910 6 1504
1767525952905 1767525952910 5 1504
1767525952905 1767525952913 8 1504
1767525952906 1767525952913 7 1504
1767525952906 1767525952913 7 1504
1767525952909 1767525952913 4 1504
1767525952909 1767525952913 4 1504
1767525952910 1767525952913 3 1504
1767525952910 1767525952913 3 1504
1767525952911 1767525952913 2 1504
1767525952911 1767525952913 2 1504
1767525952913 1767525952917 4 1504
1767525952913 1767525952917 4 1504
1767525952917 1767525952922 5 1504
1767525952917 1767525952922 5 1504
1767525952918 1767525952922 4 1504
1767525952918 1767525952922 4 1504
1767525952919 1767525952922 3 1504
1767525952919 1767525952922 3 1504
1767525952920 1767525952922 2 1504
1767525952920 1767525952922 2 1504
1767525952920 1767525952922 2 1504
1767525952925 1767525952929 4 1504
1767525952925 1767525952929 4 1504
1767525952925 1767525952929 4 1504
1767525952925 1767525952929 4 1504
1767525952926 1767525952929 3 1504
1767525952926 1767525952929 3 1504
1767525952927 1767525952929 2 1504
1767525952927 1767525952929 2 1504
1767525952929 1767525952933 4 1504
1767525952929 1767525952933 4 1504
1767525952930 1767525952933 3 1504
1767525952930 1767525952933 3 1504
1767525952931 1767525952933 2 1504
1767525952931 1767525952933 2 1504
1767525952933 1767525952937 4 1504
1767525952933 1767525952937 4 1504
1767525952934 1767525952937 3 1504
1767525952934 1767525952937 3 1504
1767525952937 1767525952941 4 1504
1767525952937 1767525952941 4 1504
1767525952938 1767525952941 3 1504
1767525952938 1767525952941 3 1504
1767525952939 1767525952941 2 1504
1767525952939 1767525952941 2 1504
1767525952940 1767525952941 1 1504
1767525952940 1767525952941 1 1504
1767525952941 1767525952945 4 1504
1767525952941 1767525952945 4 1504
1767525952945 1767525952949 4 1504
1767525952945 1767525952949 4 1504
1767525952945 1767525952949 4 1504
1767525952945 1767525952949 4 1504
1767525952946 1767525952949 3 1504
1767525952946 1767525952949 3 1504
1767525952948 1767525952949 1 1504
1767525952948 1767525952949 1 1504
1767525952949 1767525952953 4 1504
1767525952949 1767525952953 4 1504
1767525952953 1767525952957 4 1504
1767525952953 1767525952957 4 1504
1767525952954 1767525952957 3 1504
1767525952954 1767525952957 3 1504
1767525952955 1767525952957 2 1504
1767525952956 1767525952957 1 1504
1767525952956 1767525952957 1 1504
1767525952957 1767525952961 4 1504
1767525952957 1767525952962 5 1504
1767525952958 1767525952962 4 1504
1767525952958 1767525952962 4 1504
1767525952959 1767525952962 3 1504
1767525952959 1767525952962 3 1504
1767525952961 1767525952962 1 1504
1767525952961 1767525952962 1 1504
1767525952962 1767525952966 4 1504
1767525952962 1767525952966 4 1504
1767525952963 1767525952966 3 1504
1767525952963 1767525952966 3 1504
1767525952963 1767525952966 3 1504
1767525952964 1767525952966 2 1504
1767525952964 1767525952966 2 1504
1767525952969 1767525952970 1 1504
1767525952969 1767525952970 1 1504
1767525952970 1767525952973 3 1504
1767525952970 1767525952973 3 1504
1767525952970 1767525952973 3 1504
1767525952970 1767525952973 3 1504
1767525952971 1767525952973 2 1504
1767525952977 1767525952978 1 1504
1767525952978 1767525952981 3 1504
1767525952978 1767525952981 3 1504
1767525952981 1767525952985 4 1504
1767525952985 1767525952986 1 1504
1767525952985 1767525952986 1 1504
1767525952986 1767525952989 3 1504
1767525952986 1767525952989 3 1504
1767525952986 1767525952989 3 1504
1767525952986 1767525952989 3 1504
1767525952987 1767525952989 2 1504
1767525952987 1767525952989 2 1504
1767525952992 1767525952997 5 1504
1767525952992 1767525952997 5 1504
1767525952993 1767525952997 4 1504
1767525952993 1767525952997 4 1504
1767525952995 1767525952997 2 1504
1767525952995 1767525952997 2 1504
1767525952998 1767525953001 3 1504
1767525952998 1767525953001 3 1504
1767525953001 1767525953005 4 1504
1767525953001 1767525953005 4 1504
1767525953002 1767525953005 3 1504
1767525953002 1767525953005 3 1504
1767525953003 1767525953005 2 1504
1767525953003 1767525953005 2 1504
1767525953005 1767525953009 4 1504
1767525953005 1767525953009 4 1504
1767525953009 1767525953013 4 1504
1767525953009 1767525953013 4 1504
1767525953010 1767525953013 3 1504
1767525953010 1767525953013 3 1504
1767525953013 1767525953017 4 1504
1767525953013 1767525953017 4 1504
1767525953014 1767525953017 3 1504
1767525953014 1767525953017 3 1504
1767525953016 1767525953017 1 1504
1767525953016 1767525953017 1 1504
1767525953021 1767525953025 4 1504
1767525953022 1767525953025 3 1504
1767525953022 1767525953025 3 1504
1767525953023 1767525953025 2 1504
1767525953023 1767525953025 2 1504
1767525953025 1767525953029 4 1504
1767525953025 1767525953030 5 1504
1767525953027 1767525953030 3 1504
1767525953027 1767525953030 3 1504
1767525953028 1767525953030 2 1504
1767525953028 1767525953030 2 1504
1767525953030 1767525953033 3 1504
1767525953030 1767525953033 3 1504
1767525953032 1767525953033 1 1504
1767525953032 1767525953033 1 1504
1767525953033 1767525953038 5 1504
1767525953033 1767525953038 5 1504
1767525953035 1767525953038 3 1504
1767525953035 1767525953038 3 1504
1767525953036 1767525953038 2 1504
1767525953036 1767525953038 2 1504
1767525953038 1767525953041 3 1504
1767525953038 1767525953041 3 1504
1767525953040 1767525953041 1 1504
1767525953040 1767525953041 1 1504
1767525953041 1767525953045 4 1504
1767525953041 1767525953045 4 1504
1767525953049 1767525953053 4 1504
1767525953049 1767525953053 4 1504
1767525953050 1767525953053 3 1504
1767525953050 1767525953053 3 1504
1767525953053 1767525953057 4 1504
1767525953053 1767525953057 4 1504
1767525953054 1767525953057 3 1504
1767525953054 1767525953057 3 1504
1767525953055 1767525953057 2 1504
1767525953055 1767525953057 2 1504
1767525953057 1767525953063 6 1504
1767525953057 1767525953063 6 1504
1767525953058 1767525953063 5 1504
1767525953058 1767525953063 5 1504
1767525953063 1767525953065 2 1504
1767525953063 1767525953065 2 1504
1767525953064 1767525953065 1 1504
1767525953064 1767525953065 1 1504
1767525953066 1767525953069 3 1504
1767525953066 1767525953069 3 1504
1767525953067 1767525953069 2 1504
1767525953067 1767525953069 2 1504
1767525953069 1767525953073 4 1504
1767525953069 1767525953073 4 1504
1767525953071 1767525953073 2 1504
1767525953071 1767525953073 2 1504
1767525953077 1767525953081 4 1504
1767525953077 1767525953081 4 1504
1767525953078 1767525953081 3 1504
1767525953078 1767525953081 3 1504
1767525953080 1767525953081 1 1504
1767525953080 1767525953081 1 1504
1767525953081 1767525953085 4 1504
1767525953081 1767525953085 4 1504
1767525953083 1767525953085 2 1504
1767525953083 1767525953085 2 1504
1767525953085 1767525953089 4 1504
1767525953085 1767525953089 4 1504
1767525953086 1767525953089 3 1504
1767525953086 1767525953089 3 1504
1767525953090 1767525953093 3 1504
1767525953090 1767525953093 3 1504
1767525953090 1767525953093 3 1504
1767525953090 1767525953093 3 1504
1767525953093 1767525953097 4 1504
1767525953093 1767525953097 4 1504
1767525953094 1767525953097 3 1504
1767525953094 1767525953097 3 1504
1767525953094 1767525953097 3 1504
1767525953097 1767525953100 3 1504
1767525953097 1767525953100 3 1504
1767525953098 1767525953100 2 1504
1767525953098 1767525953100 2 1504
1767525953101 1767525953105 4 1504
1767525953101 1767525953105 4 1504
1767525953101 1767525953105 4 1504
1767525953101 1767525953105 4 1504
1767525953103 1767525953105 2 1504
1767525953103 1767525953105 2 1504
1767525953105 1767525953108 3 1504
1767525953105 1767525953108 3 1504
1767525953106 1767525953108 2 1504
1767525953106 1767525953108 2 1504
1767525953109 1767525953113 4 1504
1767525953109 1767525953113 4 1504
1767525953109 1767525953113 4 1504
1767525953109 1767525953113 4 1504
1767525953113 1767525953116 3 1504
1767525953113 1767525953116 3 1504
1767525953113 1767525953116 3 1504
1767525953116 1767525953121 5 1504
1767525953116 1767525953121 5 1504
1767525953117 1767525953121 4 1504
1767525953117 1767525953121 4 1504
1767525953118 1767525953121 3 1504
1767525953118 1767525953121 3 1504
1767525953121 1767525953124 3 1504
1767525953121 1767525953124 3 1504
1767525953122 1767525953124 2 1504
1767525953122 1767525953124 2 1504
1767525953129 1767525953132 3 1504
1767525953129 1767525953132 3 1504
1767525953130 1767525953132 2 1504
1767525953130 1767525953132 2 1504
1767525953132 1767525953137 5 1504
1767525953132 1767525953137 5 1504
1767525953133 1767525953137 4 1504
1767525953133 1767525953137 4 1504
1767525953135 1767525953141 6 1504
1767525953135 1767525953141 6 1504
1767525953141 1767525953145 4 1504
1767525953141 1767525953145 4 1504
1767525953142 1767525953145 3 1504
1767525953142 1767525953145 3 1504
1767525953144 1767525953145 1 1504
1767525953144 1767525953145 1 1504
1767525953145 1767525953150 5 1504
1767525953145 1767525953150 5 1504
1767525953147 1767525953150 3 1504
1767525953147 1767525953150 3 1504
1767525953148 1767525953150 2 1504
1767525953148 1767525953150 2 1504
1767525953150 1767525953153 3 1504
1767525953150 1767525953153 3 1504
1767525953152 1767525953153 1 1504
1767525953152 1767525953153 1 1504
1767525953153 1767525953158 5 1504
1767525953153 1767525953158 5 1504
1767525953155 1767525953158 3 1504
1767525953155 1767525953158 3 1504
1767525953156 1767525953158 2 1504
1767525953156 1767525953158 2 1504
1767525953161 1767525953165 4 1504
1767525953161 1767525953165 4 1504
1767525953162 1767525953165 3 1504
1767525953162 1767525953165 3 1504
1767525953165 1767525953169 4 1504
1767525953165 1767525953169 4 1504
1767525953169 1767525953173 4 1504
1767525953169 1767525953173 4 1504
1767525953170 1767525953173 3 1504
1767525953170 1767525953173 3 1504
1767525953172 1767525953173 1 1504
1767525953172 1767525953173 1 1504
1767525953174 1767525953177 3 1504
1767525953174 1767525953177 3 1504
1767525953175 1767525953178 2 1504
1767525953175 1767525953178 3 1504
1767525953176 1767525953178 2 1504
1767525953176 1767525953178 2 1504
1767525953178 1767525953181 3 1504
1767525953178 1767525953181 3 1504
1767525953179 1767525953181 2 1504
1767525953179 1767525953181 2 1504
1767525953181 1767525953185 4 1504
1767525953181 1767525953185 4 1504
1767525953183 1767525953185 2 1504
1767525953183 1767525953185 2 1504
1767525953183 1767525953185 2 1504
1767525953185 1767525953189 4 1504
1767525953185 1767525953189 4 1504
1767525953186 1767525953189 3 1504
1767525953186 1767525953189 3 1504
1767525953188 1767525953189 1 1504
1767525953188 1767525953189 1 1504
1767525953189 1767525953194 5 1504
1767525953189 1767525953194 5 1504
1767525953197 1767525953201 4 1504
1767525953197 1767525953201 4 1504
1767525953197 1767525953201 4 1504
1767525953197 1767525953201 4 1504
1767525953199 1767525953201 2 1504
1767525953199 1767525953201 2 1504
1767525953201 1767525953205 4 1504
1767525953201 1767525953206 5 1504
1767525953202 1767525953206 4 1504
1767525953202 1767525953206 4 1504
1767525953203 1767525953206 3 1504
1767525953203 1767525953206 3 1504
1767525953205 1767525953206 1 1504
1767525953205 1767525953206 1 1504
1767525953206 1767525953209 3 1504
1767525953206 1767525953209 3 1504
1767525953208 1767525953209 1 1504
1767525953208 1767525953209 1 1504
1767525953209 1767525953214 5 1504
1767525953209 1767525953214 5 1504
1767525953214 1767525953217 3 1504
1767525953214 1767525953217 3 1504
1767525953215 1767525953217 2 1504
1767525953215 1767525953217 2 1504
1767525953217 1767525953220 3 1504
1767525953217 1767525953220 3 1504
1767525953218 1767525953220 2 1504
1767525953218 1767525953220 2 1504
1767525953220 1767525953225 5 1504
1767525953220 1767525953225 5 1504
1767525953221 1767525953225 4 1504
1767525953221 1767525953225 4 1504
1767525953222 1767525953225 3 1504
1767525953222 1767525953225 3 1504
1767525953224 1767525953225 1 1504
1767525953230 1767525953233 3 1504
1767525953230 1767525953233 3 1504
1767525953230 1767525953233 3 1504
1767525953230 1767525953233 3 1504
1767525953232 1767525953233 1 1504
1767525953232 1767525953233 1 1504
1767525953233 1767525953237 4 1504
1767525953233 1767525953237 4 1504
1767525953235 1767525953237 2 1504
1767525953235 1767525953237 2 1504
1767525953236 1767525953237 1 1504
1767525953236 1767525953237 1 1504
1767525953238 1767525953241 3 1504
1767525953238 1767525953241 3 1504
1767525953242 1767525953245 3 1504
1767525953242 1767525953245 3 1504
1767525953242 1767525953245 3 1504
1767525953242 1767525953245 3 1504
1767525953245 1767525953249 4 1504
1767525953245 1767525953249 4 1504
1767525953246 1767525953249 3 1504
1767525953246 1767525953249 3 1504
1767525953247 1767525953249 2 1504
1767525953247 1767525953249 2 1504
1767525953249 1767525953253 4 1504
1767525953249 1767525953253 4 1504
1767525953250 1767525953253 3 1504
1767525953250 1767525953253 3 1504
1767525953252 1767525953253 1 1504
1767525953252 1767525953253 1 1504
1767525953257 1767525953261 4 1504
1767525953258 1767525953261 3 1504
1767525953258 1767525953261 3 1504
1767525953259 1767525953261 2 1504
1767525953259 1767525953261 2 1504
1767525953262 1767525953265 3 1504
1767525953262 1767525953265 3 1504
1767525953262 1767525953265 3 1504
1767525953262 1767525953265 3 1504
1767525953264 1767525953265 1 1504
1767525953264 1767525953265 1 1504
1767525953265 1767525953268 3 1504
1767525953265 1767525953268 3 1504
1767525953267 1767525953268 1 1504
1767525953267 1767525953268 1 1504
1767525953268 1767525953269 1 1504
1767525953268 1767525953269 1 1504
1767525953270 1767525953274 4 1504
1767525953270 1767525953274 4 1504
1767525953271 1767525953274 3 1504
1767525953271 1767525953274 3 1504
1767525953272 1767525953274 2 1504
1767525953272 1767525953274 2 1504
1767525953276 1767525953277 1 1504
1767525953276 1767525953277 1 1504
1767525953277 1767525953281 4 1504
1767525953277 1767525953281 4 1504
1767525953278 1767525953281 3 1504
1767525953278 1767525953281 3 1504
1767525953279 1767525953281 2 1504
1767525953279 1767525953281 2 1504
1767525953284 1767525953285 1 1504
1767525953284 1767525953285 1 1504
1767525953285 1767525953289 4 1504
1767525953285 1767525953289 4 1504
1767525953289 1767525953293 4 1504
1767525953289 1767525953293 4 1504
1767525953290 1767525953293 3 1504
1767525953290 1767525953293 3 1504
1767525953291 1767525953293 2 1504
1767525953291 1767525953293 2 1504
1767525953293 1767525953297 4 1504
1767525953293 1767525953297 4 1504
1767525953294 1767525953297 3 1504
1767525953294 1767525953297 3 1504
1767525953296 1767525953297 1 1504
1767525953296 1767525953297 1 1504
1767525953297 1767525953301 4 1504
1767525953297 1767525953301 4 1504
1767525953298 1767525953301 3 1504
1767525953298 1767525953301 3 1504
1767525953300 1767525953301 1 1504
1767525953300 1767525953301 1 1504
1767525953301 1767525953305 4 1504
1767525953301 1767525953305 4 1504
1767525953303 1767525953305 2 1504
1767525953303 1767525953305 2 1504
1767525953304 1767525953305 1 1504
1767525953304 1767525953305 1 1504
1767525953305 1767525953309 4 1504
1767525953306 1767525953309 3 1504
1767525953306 1767525953309 3 1504
1767525953307 1767525953309 2 1504
1767525953307 1767525953309 2 1504
1767525953310 1767525953313 3 1504
1767525953310 1767525953313 3 1504
1767525953317 1767525953321 4 1504
1767525953317 1767525953321 4 1504
1767525953318 1767525953321 3 1504
1767525953318 1767525953321 3 1504
1767525953319 1767525953321 2 1504
1767525953319 1767525953321 2 1504
1767525953321 1767525953325 4 1504
1767525953321 1767525953325 4 1504
1767525953322 1767525953325 3 1504
1767525953322 1767525953325 3 1504
1767525953323 1767525953325 2 1504
1767525953323 1767525953325 2 1504
1767525953325 1767525953329 4 1504
1767525953325 1767525953329 4 1504
1767525953326 1767525953329 3 1504
1767525953326 1767525953329 3 1504
1767525953327 1767525953329 2 1504
1767525953327 1767525953329 2 1504
1767525953329 1767525953333 4 1504
1767525953329 1767525953333 4 1504
1767525953330 1767525953333 3 1504
1767525953330 1767525953333 3 1504
1767525953332 1767525953333 1 1504
1767525953332 1767525953333 1 1504
1767525953333 1767525953337 4 1504
1767525953333 1767525953337 4 1504
1767525953334 1767525953337 3 1504
1767525953334 1767525953338 4 1504
1767525953337 1767525953341 4 1504
1767525953337 1767525953341 4 1504
1767525953344 1767525953345 1 1504
1767525953345 1767525953349 4 1504
1767525953345 1767525953349 4 1504
1767525953349 1767525953353 4 1504
1767525953350 1767525953353 3 1504
1767525953350 1767525953353 3 1504
1767525953351 1767525953353 2 1504
1767525953351 1767525953353 2 1504
1767525953352 1767525953353 1 1504
1767525953352 1767525953353 1 1504
1767525953358 1767525953361 3 1504
1767525953358 1767525953361 3 1504
1767525953358 1767525953361 3 1504
1767525953358 1767525953361 3 1504
1767525953359 1767525953361 2 1504
1767525953359 1767525953361 2 1504
1767525953361 1767525953366 5 1504
1767525953361 1767525953366 5 1504
1767525953362 1767525953366 4 1504
1767525953362 1767525953366 4 1504
1767525953366 1767525953369 3 1504
1767525953366 1767525953369 3 1504
1767525953369 1767525953372 3 1504
1767525953372 1767525953373 1 1504
1767525953377 1767525953381 4 1504
1767525953377 1767525953381 4 1504
1767525953378 1767525953381 3 1504
1767525953378 1767525953381 3 1504
1767525953380 1767525953381 1 1504
1767525953380 1767525953381 1 1504
1767525953382 1767525953385 3 1504
1767525953382 1767525953385 3 1504
1767525953386 1767525953389 3 1504
1767525953386 1767525953389 3 1504
1767525953387 1767525953389 2 1504
1767525953387 1767525953389 2 1504
1767525953389 1767525953393 4 1504
1767525953389 1767525953393 4 1504
1767525953391 1767525953393 2 1504
1767525953391 1767525953393 2 1504
1767525953393 1767525953397 4 1504
1767525953393 1767525953397 4 1504
1767525953395 1767525953397 2 1504
1767525953395 1767525953397 2 1504
1767525953397 1767525953401 4 1504
1767525953397 1767525953401 4 1504
1767525953405 1767525953409 4 1504
1767525953405 1767525953410 5 1504
1767525953406 1767525953410 4 1504
1767525953406 1767525953410 4 1504
1767525953408 1767525953410 2 1504
1767525953408 1767525953410 2 1504
1767525953410 1767525953412 2 1504
1767525953410 1767525953413 3 1504
1767525953412 1767525953413 1 1504
1767525953413 1767525953417 4 1504
1767525953413 1767525953417 4 1504
1767525953415 1767525953417 2 1504
1767525953415 1767525953417 2 1504
1767525953417 1767525953420 3 1504
1767525953417 1767525953420 3 1504
1767525953419 1767525953420 1 1504
1767525953419 1767525953420 1 1504
1767525953421 1767525953425 4 1504
1767525953421 1767525953425 4 1504
1767525953423 1767525953425 2 1504
1767525953423 1767525953425 2 1504
1767525953425 1767525953428 3 1504
1767525953425 1767525953428 3 1504
1767525953433 1767525953437 4 1504
1767525953434 1767525953437 3 1504
1767525953434 1767525953437 3 1504
1767525953435 1767525953437 2 1504
1767525953435 1767525953437 2 1504
1767525953437 1767525953441 4 1504
1767525953437 1767525953441 4 1504
1767525953439 1767525953441 2 1504
1767525953439 1767525953441 2 1504
1767525953441 1767525953446 5 1504
1767525953441 1767525953446 5 1504
1767525953443 1767525953446 3 1504
1767525953443 1767525953446 3 1504
1767525953444 1767525953446 2 1504
1767525953444 1767525953446 2 1504
1767525953446 1767525953449 3 1504
1767525953446 1767525953449 3 1504
1767525953448 1767525953449 1 1504
1767525953448 1767525953449 1 1504
1767525953450 1767525953453 3 1504
1767525953450 1767525953453 3 1504
1767525953452 1767525953453 1 1504
1767525953452 1767525953453 1 1504
1767525953457 1767525953461 4 1504
1767525953457 1767525953461 4 1504
1767525953458 1767525953461 3 1504
1767525953458 1767525953461 3 1504
1767525953461 1767525953465 4 1504
1767525953461 1767525953465 4 1504
1767525953462 1767525953465 3 1504
1767525953462 1767525953465 3 1504
1767525953465 1767525953469 4 1504
1767525953465 1767525953469 4 1504
1767525953466 1767525953469 3 1504
1767525953466 1767525953469 3 1504
1767525953468 1767525953469 1 1504
1767525953468 1767525953469 1 1504
1767525953470 1767525953473 3 1504
1767525953470 1767525953473 3 1504
1767525953471 1767525953473 2 1504
1767525953471 1767525953473 2 1504
1767525953473 1767525953477 4 1504
1767525953473 1767525953477 4 1504
1767525953475 1767525953477 2 1504
1767525953475 1767525953477 2 1504
1767525953476 1767525953477 1 1504
1767525953476 1767525953477 1 1504
1767525953481 1767525953486 5 1504
1767525953481 1767525953486 5 1504
1767525953482 1767525953486 4 1504
1767525953482 1767525953486 4 1504
1767525953486 1767525953489 3 1504
1767525953486 1767525953489 3 1504
1767525953487 1767525953489 2 1504
1767525953487 1767525953489 2 1504
1767525953489 1767525953494 5 1504
1767525953489 1767525953494 5 1504
1767525953490 1767525953494 4 1504
1767525953490 1767525953494 4 1504
1767525953492 1767525953494 2 1504
1767525953492 1767525953494 2 1504
1767525953497 1767525953502 5 1504
1767525953497 1767525953502 5 1504
1767525953498 1767525953502 4 1504
1767525953498 1767525953502 4 1504
1767525953502 1767525953505 3 1504
1767525953502 1767525953505 3 1504
1767525953503 1767525953505 2 1504
1767525953503 1767525953505 2 1504
1767525953505 1767525953510 5 1504
1767525953505 1767525953510 5 1504
1767525953510 1767525953513 3 1504
1767525953510 1767525953513 3 1504
1767525953511 1767525953513 2 1504
1767525953511 1767525953513 2 1504
1767525953513 1767525953518 5 1504
1767525953513 1767525953518 5 1504
1767525953513 1767525953518 5 1504
1767525953518 1767525953521 3 1504
1767525953518 1767525953521 3 1504
1767525953519 1767525953521 2 1504
1767525953519 1767525953521 2 1504
1767525953521 1767525953525 4 1504
1767525953521 1767525953525 4 1504
1767525953530 1767525953534 4 1504
1767525953530 1767525953534 4 1504
1767525953531 1767525953534 3 1504
1767525953531 1767525953534 3 1504
1767525953532 1767525953534 2 1504
1767525953532 1767525953534 2 1504
1767525953534 1767525953537 3 1504
1767525953534 1767525953537 3 1504
1767525953537 1767525953541 4 1504
1767525953537 1767525953541 4 1504
1767525953538 1767525953541 3 1504
1767525953538 1767525953541 3 1504
1767525953540 1767525953541 1 1504
1767525953540 1767525953541 1 1504
1767525953542 1767525953545 3 1504
1767525953542 1767525953545 3 1504
1767525953545 1767525953548 3 1504
1767525953545 1767525953548 3 1504
1767525953546 1767525953549 3 1504
1767525953546 1767525953549 3 1504
1767525953548 1767525953549 1 1504
1767525953548 1767525953549 1 1504
1767525953550 1767525953553 3 1504
1767525953550 1767525953553 3 1504
1767525953556 1767525953557 1 1504
1767525953556 1767525953557 1 1504
1767525953557 1767525953561 4 1504
1767525953557 1767525953561 4 1504
1767525953559 1767525953561 2 1504
1767525953559 1767525953561 2 1504
1767525953561 1767525953564 3 1504
1767525953561 1767525953564 3 1504
1767525953564 1767525953565 1 1504
1767525953564 1767525953569 5 1504
1767525953565 1767525953569 4 1504
1767525953565 1767525953569 4 1504
1767525953567 1767525953569 2 1504
1767525953568 1767525953569 1 1504
1767525953568 1767525953569 1 1504
1767525953570 1767525953572 2 1504
1767525953570 1767525953572 2 1504
1767525953572 1767525953573 1 1504
1767525953572 1767525953573 1 1504
1767525953574 1767525953577 3 1504
1767525953574 1767525953577 3 1504
1767525953575 1767525953577 2 1504
1767525953575 1767525953577 2 1504
1767525953577 1767525953580 3 1504
1767525953577 1767525953580 3 1504
1767525953580 1767525953585 5 1504
1767525953580 1767525953585 5 1504
1767525953585 1767525953588 3 1504
1767525953585 1767525953588 3 1504
1767525953586 1767525953588 2 1504
1767525953586 1767525953588 2 1504
1767525953588 1767525953593 5 1504
1767525953588 1767525953593 5 1504
1767525953593 1767525953597 4 1504
1767525953593 1767525953597 4 1504
1767525953594 1767525953597 3 1504
1767525953594 1767525953597 3 1504
1767525953596 1767525953597 1 1504
1767525953596 1767525953597 1 1504
1767525953598 1767525953601 3 1504
1767525953598 1767525953601 3 1504
1767525953599 1767525953601 2 1504
1767525953599 1767525953601 2 1504
1767525953601 1767525953605 4 1504
1767525953601 1767525953605 4 1504
1767525953603 1767525953605 2 1504
1767525953603 1767525953605 2 1504
1767525953605 1767525953609 4 1504
1767525953605 1767525953609 4 1504
1767525953607 1767525953609 2 1504
1767525953607 1767525953609 2 1504
1767525953609 1767525953613 4 1504
1767525953609 1767525953613 4 1504
1767525953610 1767525953613 3 1504
1767525953610 1767525953613 3 1504
1767525953612 1767525953613 1 1504
1767525953612 1767525953613 1 1504
1767525953613 1767525953617 4 1504
1767525953617 1767525953621 4 1504
1767525953617 1767525953621 4 1504
1767525953618 1767525953621 3 1504
1767525953618 1767525953621 3 1504
1767525953620 1767525953621 1 1504
1767525953620 1767525953621 1 1504
1767525953625 1767525953629 4 1504
1767525953625 1767525953629 4 1504
1767525953626 1767525953629 3 1504
1767525953626 1767525953629 3 1504
1767525953629 1767525953633 4 1504
1767525953629 1767525953633 4 1504
1767525953630 1767525953633 3 1504
1767525953630 1767525953633 3 1504
1767525953633 1767525953639 6 1504
1767525953633 1767525953639 6 1504
1767525953634 1767525953639 5 1504
1767525953634 1767525953639 5 1504
1767525953636 1767525953639 3 1504
1767525953636 1767525953639 3 1504
1767525953637 1767525953639 2 1504
1767525953637 1767525953639 2 1504
1767525953639 1767525953641 2 1504
1767525953639 1767525953641 2 1504
1767525953641 1767525953646 5 1504
1767525953641 1767525953646 5 1504
1767525953642 1767525953646 4 1504
1767525953642 1767525953646 4 1504
1767525953644 1767525953646 2 1504
1767525953644 1767525953646 2 1504
1767525953646 1767525953649 3 1504
1767525953646 1767525953649 3 1504
1767525953649 1767525953654 5 1504
1767525953649 1767525953654 5 1504
1767525953650 1767525953654 4 1504
1767525953650 1767525953654 4 1504
1767525953654 1767525953657 3 1504
1767525953654 1767525953657 3 1504
1767525953655 1767525953657 2 1504
1767525953655 1767525953657 2 1504
1767525953663 1767525953665 2 1504
1767525953663 1767525953665 2 1504
1767525953663 1767525953665 2 1504
1767525953663 1767525953665 2 1504
1767525953665 1767525953670 5 1504
1767525953666 1767525953670 4 1504
1767525953666 1767525953670 4 1504
1767525953667 1767525953670 3 1504
1767525953667 1767525953670 3 1504
1767525953669 1767525953670 1 1504
1767525953669 1767525953670 1 1504
1767525953671 1767525953673 2 1504
1767525953671 1767525953673 2 1504
1767525953672 1767525953673 1 1504
1767525953672 1767525953673 1 1504
1767525953674 1767525953676 2 1504
1767525953674 1767525953676 2 1504
1767525953676 1767525953677 1 1504
1767525953676 1767525953677 1 1504
1767525953681 1767525953685 4 1504
1767525953681 1767525953685 4 1504
1767525953682 1767525953685 3 1504
1767525953682 1767525953685 3 1504
1767525953684 1767525953685 1 1504
1767525953684 1767525953685 1 1504
1767525953685 1767525953689 4 1504
1767525953685 1767525953690 5 1504
1767525953693 1767525953697 4 1504
1767525953693 1767525953697 4 1504
1767525953693 1767525953697 4 1504
1767525953693 1767525953697 4 1504
1767525953695 1767525953697 2 1504
1767525953695 1767525953697 2 1504
1767525953697 1767525953701 4 1504
1767525953697 1767525953701 4 1504
1767525953698 1767525953701 3 1504
1767525953698 1767525953701 3 1504
1767525953700 1767525953701 1 1504
1767525953700 1767525953701 1 1504
1767525953702 1767525953705 3 1504
1767525953702 1767525953705 3 1504
1767525953703 1767525953705 2 1504
1767525953703 1767525953705 2 1504
1767525953705 1767525953708 3 1504
1767525953705 1767525953708 3 1504
1767525953706 1767525953708 2 1504
1767525953706 1767525953708 2 1504
1767525953708 1767525953710 2 1504
1767525953708 1767525953710 2 1504
1767525953710 1767525953713 3 1504
1767525953710 1767525953713 3 1504
1767525953710 1767525953713 3 1504
1767525953713 1767525953717 4 1504
1767525953713 1767525953717 4 1504
1767525953721 1767525953725 4 1504
1767525953721 1767525953725 4 1504
1767525953722 1767525953725 3 1504
1767525953722 1767525953725 3 1504
1767525953723 1767525953725 2 1504
1767525953723 1767525953725 2 1504
1767525953725 1767525953729 4 1504
1767525953725 1767525953729 4 1504
1767525953727 1767525953729 2 1504
1767525953727 1767525953729 2 1504
1767525953728 1767525953729 1 1504
1767525953728 1767525953729 1 1504
1767525953730 1767525953732 2 1504
1767525953730 1767525953732 2 1504
1767525953732 1767525953733 1 1504
1767525953732 1767525953733 1 1504
1767525953733 1767525953737 4 1504
1767525953733 1767525953738 5 1504
1767525953735 1767525953738 3 1504
1767525953735 1767525953738 3 1504
1767525953736 1767525953738 2 1504
1767525953736 1767525953738 2 1504
1767525953738 1767525953740 2 1504
1767525953738 1767525953741 3 1504
1767525953739 1767525953741 2 1504
1767525953740 1767525953741 1 1504
1767525953741 1767525953745 4 1504
1767525953741 1767525953745 4 1504
1767525953749 1767525953753 4 1504
1767525953749 1767525953753 4 1504
1767525953750 1767525953753 3 1504
1767525953750 1767525953753 3 1504
1767525953752 1767525953753 1 1504
1767525953752 1767525953753 1 1504
1767525953753 1767525953757 4 1504
1767525953753 1767525953757 4 1504
1767525953755 1767525953757 2 1504
1767525953755 1767525953757 2 1504
1767525953756 1767525953757 1 1504
1767525953756 1767525953757 1 1504
1767525953758 1767525953761 3 1504
1767525953759 1767525953761 2 1504
1767525953759 1767525953761 2 1504
1767525953761 1767525953765 4 1504
1767525953761 1767525953765 4 1504
1767525953762 1767525953765 3 1504
1767525953762 1767525953765 3 1504
1767525953764 1767525953765 1 1504
1767525953764 1767525953765 1 1504
1767525953765 1767525953769 4 1504
1767525953765 1767525953769 4 1504
1767525953767 1767525953769 2 1504
1767525953767 1767525953769 2 1504
1767525953768 1767525953769 1 1504
1767525953768 1767525953769 1 1504
1767525953770 1767525953773 3 1504
1767525953770 1767525953773 3 1504
1767525953777 1767525953781 4 1504
1767525953777 1767525953781 4 1504
1767525953778 1767525953781 3 1504
1767525953778 1767525953781 3 1504
1767525953779 1767525953781 2 1504
1767525953779 1767525953781 2 1504
1767525953781 1767525953785 4 1504
1767525953781 1767525953785 4 1504
1767525953782 1767525953785 3 1504
1767525953782 1767525953785 3 1504
1767525953784 1767525953785 1 1504
1767525953784 1767525953785 1 1504
1767525953785 1767525953789 4 1504
1767525953785 1767525953789 4 1504
1767525953789 1767525953793 4 1504
1767525953789 1767525953793 4 1504
1767525953790 1767525953793 3 1504
1767525953790 1767525953793 3 1504
1767525953791 1767525953793 2 1504
1767525953791 1767525953793 2 1504
1767525953793 1767525953797 4 1504
1767525953793 1767525953797 4 1504
1767525953794 1767525953797 3 1504
1767525953794 1767525953797 3 1504
1767525953796 1767525953797 1 1504
1767525953796 1767525953797 1 1504
1767525953797 1767525953800 3 1504
1767525953797 1767525953800 3 1504
1767525953799 1767525953800 1 1504
1767525953800 1767525953801 1 1504
1767525953800 1767525953801 1 1504
1767525953801 1767525953806 5 1504
1767525953801 1767525953806 5 1504
1767525953802 1767525953806 4 1504
1767525953802 1767525953806 4 1504
1767525953806 1767525953808 2 1504
1767525953806 1767525953809 3 1504
1767525953806 1767525953809 3 1504
1767525953806 1767525953809 3 1504
1767525953808 1767525953809 1 1504
1767525953808 1767525953809 1 1504
1767525953809 1767525953813 4 1504
1767525953809 1767525953813 4 1504
1767525953816 1767525953821 5 1504
1767525953816 1767525953821 5 1504
1767525953817 1767525953821 4 1504
1767525953817 1767525953821 4 1504
1767525953819 1767525953821 2 1504
1767525953819 1767525953821 2 1504
1767525953821 1767525953825 4 1504
1767525953821 1767525953825 4 1504
1767525953821 1767525953825 4 1504
1767525953822 1767525953825 3 1504
1767525953823 1767525953825 2 1504
1767525953823 1767525953825 2 1504
1767525953824 1767525953826 2 1504
1767525953824 1767525953826 2 1504
1767525953826 1767525953829 3 1504
1767525953826 1767525953829 3 1504
1767525953827 1767525953829 2 1504
1767525953827 1767525953829 2 1504
1767525953829 1767525953833 4 1504
1767525953829 1767525953833 4 1504
1767525953830 1767525953833 3 1504
1767525953830 1767525953833 3 1504
1767525953833 1767525953837 4 1504
1767525953833 1767525953837 4 1504
1767525953833 1767525953837 4 1504
1767525953833 1767525953837 4 1504
1767525953835 1767525953837 2 1504
1767525953835 1767525953837 2 1504
1767525953836 1767525953837 1 1504
1767525953836 1767525953838 2 1504
1767525953841 1767525953845 4 1504
1767525953841 1767525953845 4 1504
1767525953841 1767525953845 4 1504
1767525953843 1767525953845 2 1504
1767525953843 1767525953845 2 1504
1767525953845 1767525953849 4 1504
1767525953845 1767525953849 4 1504
1767525953846 1767525953849 3 1504
1767525953846 1767525953849 3 1504
1767525953847 1767525953849 2 1504
1767525953847 1767525953849 2 1504
1767525953849 1767525953853 4 1504
1767525953849 1767525953853 4 1504
1767525953850 1767525953853 3 1504
1767525953850 1767525953853 3 1504
1767525953851 1767525953853 2 1504
1767525953851 1767525953853 2 1504
1767525953854 1767525953857 3 1504
1767525953854 1767525953857 3 1504
1767525953854 1767525953857 3 1504
1767525953854 1767525953857 3 1504
1767525953857 1767525953861 4 1504
1767525953857 1767525953861 4 1504
1767525953858 1767525953861 3 1504
1767525953858 1767525953861 3 1504
1767525953859 1767525953861 2 1504
1767525953859 1767525953861 2 1504
1767525953860 1767525953861 1 1504
1767525953860 1767525953861 1 1504
1767525953865 1767525953869 4 1504
1767525953865 1767525953869 4 1504
1767525953866 1767525953869 3 1504
1767525953866 1767525953869 3 1504
1767525953867 1767525953869 2 1504
1767525953867 1767525953869 2 1504
1767525953869 1767525953873 4 1504
1767525953869 1767525953873 4 1504
1767525953870 1767525953873 3 1504
1767525953870 1767525953873 3 1504
1767525953871 1767525953873 2 1504
1767525953871 1767525953873 2 1504
1767525953874 1767525953877 3 1504
1767525953874 1767525953877 3 1504
1767525953874 1767525953877 3 1504
1767525953874 1767525953877 3 1504
1767525953877 1767525953881 4 1504
1767525953877 1767525953881 4 1504
1767525953877 1767525953881 4 1504
1767525953881 1767525953885 4 1504
1767525953881 1767525953885 4 1504
1767525953882 1767525953885 3 1504
1767525953882 1767525953885 3 1504
1767525953885 1767525953889 4 1504
1767525953885 1767525953889 4 1504
1767525953886 1767525953889 3 1504
1767525953886 1767525953889 3 1504
1767525953887 1767525953889 2 1504
1767525953887 1767525953889 2 1504
1767525953889 1767525953893 4 1504
1767525953889 1767525953893 4 1504
1767525953893 1767525953898 5 1504
1767525953893 1767525953898 5 1504
1767525953894 1767525953898 4 1504
1767525953894 1767525953898 4 1504
1767525953896 1767525953898 2 1504
1767525953896 1767525953898 2 1504
1767525953897 1767525953898 1 1504
1767525953897 1767525953898 1 1504
1767525953898 1767525953901 3 1504
1767525953898 1767525953901 3 1504
1767525953900 1767525953901 1 1504
1767525953900 1767525953901 1 1504
1767525953901 1767525953904 3 1504
1767525953901 1767525953904 3 1504
1767525953902 1767525953904 2 1504
1767525953902 1767525953904 2 1504
1767525953904 1767525953905 1 1504
1767525953904 1767525953905 1 1504
1767525953905 1767525953909 4 1504
1767525953905 1767525953909 4 1504
1767525953907 1767525953909 2 1504
1767525953907 1767525953909 2 1504
1767525953909 1767525953913 4 1504
1767525953909 1767525953913 4 1504
1767525953910 1767525953913 3 1504
1767525953910 1767525953913 3 1504
1767525953911 1767525953913 2 1504
1767525953911 1767525953913 2 1504
1767525953913 1767525953917 4 1504
1767525953913 1767525953917 4 1504
1767525953917 1767525953921 4 1504
1767525953921 1767525953925 4 1504
1767525953921 1767525953925 4 1504
1767525953922 1767525953925 3 1504
1767525953922 1767525953925 3 1504
1767525953923 1767525953925 2 1504
1767525953923 1767525953925 2 1504
1767525953925 1767525953929 4 1504
1767525953925 1767525953929 4 1504
1767525953926 1767525953929 3 1504
1767525953926 1767525953929 3 1504
1767525953927 1767525953929 2 1504
1767525953927 1767525953929 2 1504
1767525953929 1767525953933 4 1504
1767525953929 1767525953933 4 1504
1767525953930 1767525953933 3 1504
1767525953930 1767525953933 3 1504
1767525953932 1767525953933 1 1504
1767525953932 1767525953933 1 1504
1767525953933 1767525953937 4 1504
1767525953933 1767525953937 4 1504
1767525953934 1767525953937 3 1504
1767525953934 1767525953937 3 1504
1767525953937 1767525953941 4 1504
1767525953937 1767525953941 4 1504
1767525953938 1767525953941 3 1504
1767525953938 1767525953941 3 1504
1767525953939 1767525953941 2 1504
1767525953939 1767525953941 2 1504
1767525953941 1767525953944 3 1504
1767525953941 1767525953945 4 1504
1767525953942 1767525953945 3 1504
1767525953942 1767525953945 3 1504
1767525953944 1767525953945 1 1504
1767525953944 1767525953945 1 1504
1767525953945 1767525953949 4 1504
1767525953945 1767525953949 4 1504
1767525953946 1767525953949 3 1504
1767525953946 1767525953949 3 1504
1767525953950 1767525953952 2 1504
1767525953950 1767525953952 2 1504
1767525953950 1767525953952 2 1504
1767525953951 1767525953952 1 1504
1767525953951 1767525953957 6 1504
1767525953957 1767525953960 3 1504
1767525953957 1767525953960 3 1504
1767525953957 1767525953960 3 1504
1767525953957 1767525953960 3 1504
1767525953959 1767525953960 1 1504
1767525953959 1767525953960 1 1504
1767525953960 1767525953965 5 1504
1767525953960 1767525953965 5 1504
1767525953961 1767525953965 4 1504
1767525953961 1767525953965 4 1504
1767525953965 1767525953968 3 1504
1767525953965 1767525953969 4 1504
1767525953966 1767525953969 3 1504
1767525953966 1767525953969 3 1504
1767525953967 1767525953969 2 1504
1767525953967 1767525953969 2 1504
1767525953969 1767525953973 4 1504
1767525953969 1767525953973 4 1504
1767525953970 1767525953973 3 1504
1767525953970 1767525953973 3 1504
1767525953971 1767525953973 2 1504
1767525953971 1767525953973 2 1504
1767525953973 1767525953977 4 1504
1767525953973 1767525953977 4 1504
1767525953974 1767525953977 3 1504
1767525953974 1767525953977 3 1504
1767525953976 1767525953977 1 1504
1767525953976 1767525953977 1 1504
1767525953977 1767525953981 4 1504
1767525953977 1767525953981 4 1504
1767525953981 1767525953985 4 1504
1767525953981 1767525953985 4 1504
1767525953982 1767525953985 3 1504
1767525953982 1767525953985 3 1504
1767525953983 1767525953985 2 1504
1767525953983 1767525953985 2 1504
1767525953985 1767525953989 4 1504
1767525953985 1767525953989 4 1504
1767525953989 1767525953993 4 1504
1767525953989 1767525953993 4 1504
1767525953990 1767525953993 3 1504
1767525953990 1767525953993 3 1504
1767525953993 1767525953997 4 1504
1767525953993 1767525953997 4 1504
1767525953994 1767525953997 3 1504
1767525953994 1767525953997 3 1504
1767525953995 1767525953997 2 1504
1767525953996 1767525953997 1 1504
1767525953996 1767525953997 1 1504
1767525953997 1767525954001 4 1504
1767525953997 1767525954001 4 1504
1767525953999 1767525954001 2 1504
1767525953999 1767525954001 2 1504
1767525954000 1767525954001 1 1504
1767525954000 1767525954001 1 1504
1767525954001 1767525954005 4 1504
1767525954001 1767525954005 4 1504
1767525954003 1767525954005 2 1504
1767525954003 1767525954005 2 1504
1767525954004 1767525954005 1 1504
1767525954004 1767525954005 1 1504
1767525954005 1767525954009 4 1504
1767525954005 1767525954009 4 1504
1767525954010 1767525954013 3 1504
1767525954010 1767525954013 3 1504
1767525954010 1767525954013 3 1504
1767525954010 1767525954013 3 1504
1767525954012 1767525954013 1 1504
1767525954012 1767525954013 1 1504
1767525954013 1767525954017 4 1504
1767525954013 1767525954017 4 1504
1767525954017 1767525954020 3 1504
1767525954017 1767525954021 4 1504
1767525954018 1767525954021 3 1504
1767525954018 1767525954021 3 1504
1767525954020 1767525954021 1 1504
1767525954020 1767525954021 1 1504
1767525954021 1767525954025 4 1504
1767525954021 1767525954025 4 1504
1767525954022 1767525954025 3 1504
1767525954022 1767525954025 3 1504
1767525954025 1767525954029 4 1504
1767525954026 1767525954029 3 1504
1767525954026 1767525954029 3 1504
1767525954026 1767525954029 3 1504
1767525954027 1767525954029 2 1504
1767525954027 1767525954029 2 1504
1767525954029 1767525954033 4 1504
1767525954029 1767525954033 4 1504
1767525954030 1767525954033 3 1504
1767525954030 1767525954033 3 1504
1767525954031 1767525954033 2 1504
1767525954032 1767525954033 1 1504
1767525954032 1767525954033 1 1504
1767525954033 1767525954036 3 1504
1767525954033 1767525954037 4 1504
1767525954036 1767525954037 1 1504
1767525954036 1767525954037 1 1504
1767525954037 1767525954041 4 1504
1767525954037 1767525954041 4 1504
1767525954038 1767525954041 3 1504
1767525954038 1767525954041 3 1504
1767525954041 1767525954044 3 1504
1767525954041 1767525954044 3 1504
1767525954044 1767525954045 1 1504
1767525954044 1767525954045 1 1504
1767525954045 1767525954049 4 1504
1767525954045 1767525954049 4 1504
1767525954046 1767525954049 3 1504
1767525954046 1767525954049 3 1504
1767525954049 1767525954053 4 1504
1767525954049 1767525954053 4 1504
1767525954050 1767525954053 3 1504
1767525954050 1767525954053 3 1504
1767525954053 1767525954057 4 1504
1767525954053 1767525954057 4 1504
1767525954053 1767525954057 4 1504
1767525954053 1767525954057 4 1504
1767525954055 1767525954057 2 1504
1767525954055 1767525954057 2 1504
1767525954057 1767525954062 4 1504
1767525954057 1767525954062 5 1504
1767525954058 1767525954062 4 1504
1767525954058 1767525954062 4 1504
1767525954059 1767525954062 3 1504
1767525954059 1767525954062 3 1504
1767525954060 1767525954062 2 1504
1767525954060 1767525954062 2 1504
1767525954062 1767525954065 3 1504
1767525954062 1767525954065 3 1504
1767525954063 1767525954065 2 1504
1767525954063 1767525954065 2 1504
1767525954065 1767525954069 4 1504
1767525954065 1767525954069 4 1504
1767525954066 1767525954069 3 1504
1767525954066 1767525954069 3 1504
1767525954067 1767525954069 2 1504
1767525954068 1767525954069 1 1504
1767525954068 1767525954069 1 1504
1767525954069 1767525954073 4 1504
1767525954069 1767525954073 4 1504
1767525954073 1767525954077 4 1504
1767525954073 1767525954077 4 1504
1767525954073 1767525954077 4 1504
1767525954075 1767525954077 2 1504
1767525954075 1767525954077 2 1504
1767525954076 1767525954077 1 1504
1767525954076 1767525954077 1 1504
1767525954077 1767525954081 4 1504
1767525954077 1767525954081 4 1504
1767525954078 1767525954081 3 1504
1767525954078 1767525954081 3 1504
1767525954080 1767525954081 1 1504
1767525954080 1767525954081 1 1504
1767525954085 1767525954086 1 1504
1767525954085 1767525954089 4 1504
1767525954086 1767525954089 3 1504
1767525954086 1767525954089 3 1504
1767525954087 1767525954089 2 1504
1767525954087 1767525954089 2 1504
1767525954088 1767525954089 1 1504
1767525954089 1767525954093 4 1504
1767525954090 1767525954093 3 1504
1767525954090 1767525954093 3 1504
1767525954091 1767525954093 2 1504
1767525954091 1767525954093 2 1504
1767525954092 1767525954093 1 1504
1767525954092 1767525954093 1 1504
1767525954093 1767525954097 4 1504
1767525954093 1767525954097 4 1504
1767525954095 1767525954097 2 1504
1767525954095 1767525954097 2 1504
1767525954096 1767525954097 1 1504
1767525954096 1767525954097 1 1504
1767525954097 1767525954101 4 1504
1767525954097 1767525954101 4 1504
1767525954098 1767525954101 3 1504
1767525954098 1767525954101 3 1504
1767525954099 1767525954101 2 1504
1767525954099 1767525954101 2 1504
1767525954101 1767525954105 4 1504
1767525954101 1767525954105 4 1504
1767525954102 1767525954105 3 1504
1767525954102 1767525954105 3 1504
1767525954103 1767525954105 2 1504
1767525954103 1767525954105 2 1504
1767525954104 1767525954105 1 1504
1767525954104 1767525954105 1 1504
1767525954109 1767525954112 3 1504
1767525954109 1767525954113 4 1504
1767525954109 1767525954113 4 1504
1767525954109 1767525954113 4 1504
1767525954111 1767525954113 2 1504
1767525954111 1767525954113 2 1504
1767525954112 1767525954113 1 1504
1767525954112 1767525954113 1 1504
1767525954113 1767525954117 4 1504
1767525954113 1767525954117 4 1504
1767525954114 1767525954117 3 1504
1767525954114 1767525954117 3 1504
1767525954115 1767525954117 2 1504
1767525954115 1767525954117 2 1504
1767525954120 1767525954121 1 1504
1767525954120 1767525954121 1 1504
1767525954120 1767525954121 1 1504
1767525954120 1767525954121 1 1504
1767525954121 1767525954125 4 1504
1767525954121 1767525954125 4 1504
1767525954122 1767525954125 3 1504
1767525954122 1767525954129 7 1504
1767525954125 1767525954129 4 1504
1767525954125 1767525954129 4 1504
1767525954125 1767525954129 4 1504
1767525954125 1767525954129 4 1504
1767525954129 1767525954133 4 1504
1767525954129 1767525954133 4 1504
1767525954129 1767525954133 4 1504
1767525954130 1767525954133 3 1504
1767525954130 1767525954133 3 1504
1767525954131 1767525954133 2 1504
1767525954137 1767525954141 4 1504
1767525954137 1767525954141 4 1504
1767525954137 1767525954141 4 1504
1767525954137 1767525954141 4 1504
1767525954138 1767525954141 3 1504
1767525954141 1767525954145 4 1504
1767525954145 1767525954150 5 1504
1767525954145 1767525954150 5 1504
1767525954145 1767525954150 5 1504
1767525954145 1767525954150 5 1504
1767525954149 1767525954153 4 1504
1767525954149 1767525954153 4 1504
1767525954150 1767525954153 3 1504
1767525954153 1767525954157 4 1504
1767525954153 1767525954157 4 1504
1767525954153 1767525954157 4 1504
1767525954153 1767525954157 4 1504
1767525954154 1767525954157 3 1504
1767525954157 1767525954161 4 1504
1767525954157 1767525954161 4 1504
1767525954157 1767525954161 4 1504
1767525954159 1767525954161 2 1504
1767525954159 1767525954161 2 1504
1767525954161 1767525954165 4 1504
1767525954161 1767525954165 4 1504
1767525954163 1767525954165 2 1504
1767525954163 1767525954165 2 1504
1767525954165 1767525954166 1 1504
1767525954165 1767525954166 1 1504
1767525954172 1767525954173 1 1504
1767525954172 1767525954173 1 1504
1767525954173 1767525954177 4 1504
1767525954173 1767525954177 4 1504
1767525954177 1767525954180 3 1504
1767525954177 1767525954180 3 1504
1767525954178 1767525954181 3 1504
1767525954178 1767525954181 3 1504
1767525954180 1767525954181 1 1504
1767525954180 1767525954181 1 1504
1767525954181 1767525954185 4 1504
1767525954181 1767525954185 4 1504
1767525954185 1767525954188 3 1504
1767525954185 1767525954189 4 1504
1767525954186 1767525954189 3 1504
1767525954186 1767525954189 3 1504
1767525954188 1767525954189 1 1504
1767525954188 1767525954189 1 1504
1767525954189 1767525954193 4 1504
1767525954189 1767525954193 4 1504
1767525954191 1767525954193 2 1504
1767525954191 1767525954193 2 1504
1767525954193 1767525954196 3 1504
1767525954193 1767525954196 3 1504
1767525954195 1767525954196 1 1504
1767525954195 1767525954196 1 1504
1767525954202 1767525954205 3 1504
1767525954202 1767525954205 3 1504
1767525954202 1767525954205 3 1504
1767525954202 1767525954205 3 1504
1767525954204 1767525954205 1 1504
1767525954204 1767525954205 1 1504
1767525954206 1767525954209 3 1504
1767525954206 1767525954210 4 1504
1767525954209 1767525954210 1 1504
1767525954209 1767525954210 1 1504
1767525954210 1767525954213 3 1504
1767525954210 1767525954213 3 1504
1767525954211 1767525954213 2 1504
1767525954211 1767525954213 2 1504
1767525954213 1767525954217 4 1504
1767525954213 1767525954217 4 1504
1767525954217 1767525954221 4 1504
1767525954217 1767525954221 4 1504
1767525954218 1767525954221 3 1504
1767525954218 1767525954221 3 1504
1767525954221 1767525954225 4 1504
1767525954221 1767525954225 4 1504
1767525954222 1767525954225 3 1504
1767525954222 1767525954225 3 1504
1767525954225 1767525954229 4 1504
1767525954225 1767525954229 4 1504
1767525954226 1767525954229 3 1504
1767525954226 1767525954229 3 1504
1767525954228 1767525954229 1 1504
1767525954228 1767525954229 1 1504
1767525954234 1767525954237 3 1504
1767525954234 1767525954237 3 1504
1767525954234 1767525954237 3 1504
1767525954234 1767525954237 3 1504
1767525954236 1767525954237 1 1504
1767525954236 1767525954237 1 1504
1767525954238 1767525954241 3 1504
1767525954238 1767525954241 3 1504
1767525954241 1767525954245 4 1504
1767525954241 1767525954245 4 1504
1767525954245 1767525954249 4 1504
1767525954245 1767525954249 4 1504
1767525954246 1767525954249 3 1504
1767525954247 1767525954249 2 1504
1767525954247 1767525954249 2 1504
1767525954249 1767525954254 5 1504
1767525954249 1767525954254 5 1504
1767525954250 1767525954254 4 1504
1767525954250 1767525954254 4 1504
1767525954254 1767525954257 3 1504
1767525954254 1767525954257 3 1504
1767525954255 1767525954257 2 1504
1767525954255 1767525954257 2 1504
1767525954257 1767525954262 5 1504
1767525954257 1767525954262 5 1504
1767525954259 1767525954262 3 1504
1767525954259 1767525954262 3 1504
1767525954260 1767525954262 2 1504
1767525954260 1767525954262 2 1504
1767525954262 1767525954265 3 1504
1767525954262 1767525954265 3 1504
1767525954264 1767525954265 1 1504
1767525954264 1767525954265 1 1504
1767525954270 1767525954273 3 1504
1767525954270 1767525954273 3 1504
1767525954273 1767525954278 5 1504
1767525954273 1767525954278 5 1504
1767525954274 1767525954278 4 1504
1767525954274 1767525954278 4 1504
1767525954276 1767525954278 2 1504
1767525954276 1767525954278 2 1504
1767525954281 1767525954284 3 1504
1767525954281 1767525954284 3 1504
1767525954281 1767525954285 4 1504
1767525954284 1767525954285 1 1504
1767525954284 1767525954285 1 1504
1767525954285 1767525954289 4 1504
1767525954285 1767525954289 4 1504
1767525954289 1767525954293 4 1504
1767525954289 1767525954293 4 1504
1767525954290 1767525954293 3 1504
1767525954290 1767525954293 3 1504
1767525954292 1767525954293 1 1504
1767525954292 1767525954293 1 1504
1767525954294 1767525954297 3 1504
1767525954294 1767525954297 3 1504
1767525954296 1767525954297 1 1504
1767525954296 1767525954297 1 1504
1767525954298 1767525954301 3 1504
1767525954298 1767525954301 3 1504
1767525954305 1767525954309 4 1504
1767525954305 1767525954309 4 1504
1767525954306 1767525954309 3 1504
1767525954306 1767525954309 3 1504
1767525954308 1767525954309 1 1504
1767525954308 1767525954309 1 1504
1767525954310 1767525954313 3 1504
1767525954310 1767525954313 3 1504
1767525954312 1767525954313 1 1504
1767525954312 1767525954313 1 1504
1767525954314 1767525954317 3 1504
1767525954314 1767525954317 3 1504
1767525954316 1767525954317 1 1504
1767525954316 1767525954317 1 1504
1767525954317 1767525954321 4 1504
1767525954317 1767525954321 4 1504
1767525954319 1767525954321 2 1504
1767525954319 1767525954321 2 1504
1767525954321 1767525954325 4 1504
1767525954321 1767525954325 4 1504
1767525954323 1767525954325 2 1504
1767525954323 1767525954325 2 1504
1767525954325 1767525954330 5 1504
1767525954325 1767525954330 5 1504
1767525954326 1767525954330 4 1504
1767525954326 1767525954330 4 1504
1767525954333 1767525954337 4 1504
1767525954333 1767525954337 4 1504
1767525954334 1767525954337 3 1504
1767525954334 1767525954337 3 1504
1767525954336 1767525954337 1 1504
1767525954336 1767525954337 1 1504
1767525954337 1767525954340 3 1504
1767525954337 1767525954341 4 1504
1767525954339 1767525954341 2 1504
1767525954339 1767525954341 2 1504
1767525954341 1767525954345 4 1504
1767525954341 1767525954345 4 1504
1767525954342 1767525954345 3 1504
1767525954342 1767525954345 3 1504
1767525954344 1767525954345 1 1504
1767525954344 1767525954345 1 1504
1767525954345 1767525954348 3 1504
1767525954346 1767525954348 2 1504
1767525954346 1767525954348 2 1504
1767525954348 1767525954349 1 1504
1767525954348 1767525954349 1 1504
1767525954349 1767525954353 4 1504
1767525954349 1767525954353 4 1504
1767525954351 1767525954353 2 1504
1767525954351 1767525954353 2 1504
1767525954353 1767525954357 4 1504
1767525954353 1767525954357 4 1504
1767525954361 1767525954365 4 1504
1767525954361 1767525954365 4 1504
1767525954362 1767525954365 3 1504
1767525954362 1767525954365 3 1504
1767525954364 1767525954365 1 1504
1767525954364 1767525954365 1 1504
1767525954365 1767525954369 4 1504
1767525954365 1767525954369 4 1504
1767525954367 1767525954369 2 1504
1767525954367 1767525954369 2 1504
1767525954369 1767525954373 4 1504
1767525954369 1767525954373 4 1504
1767525954370 1767525954373 3 1504
1767525954370 1767525954373 3 1504
1767525954372 1767525954373 1 1504
1767525954372 1767525954373 1 1504
1767525954373 1767525954377 4 1504
1767525954373 1767525954377 4 1504
1767525954375 1767525954377 2 1504
1767525954375 1767525954377 2 1504
1767525954376 1767525954377 1 1504
1767525954377 1767525954381 4 1504
1767525954378 1767525954381 3 1504
1767525954378 1767525954381 3 1504
1767525954380 1767525954381 1 1504
1767525954380 1767525954381 1 1504
1767525954389 1767525954393 4 1504
1767525954389 1767525954393 4 1504
1767525954390 1767525954393 3 1504
1767525954390 1767525954393 3 1504
1767525954392 1767525954393 1 1504
1767525954392 1767525954393 1 1504
1767525954394 1767525954397 3 1504
1767525954394 1767525954397 3 1504
1767525954395 1767525954397 2 1504
1767525954396 1767525954397 1 1504
1767525954396 1767525954397 1 1504
1767525954398 1767525954401 3 1504
1767525954398 1767525954401 3 1504
1767525954399 1767525954401 2 1504
1767525954399 1767525954401 2 1504
1767525954401 1767525954405 4 1504
1767525954401 1767525954405 4 1504
1767525954403 1767525954405 2 1504
1767525954403 1767525954405 2 1504
1767525954404 1767525954405 1 1504
1767525954404 1767525954405 1 1504
1767525954406 1767525954409 3 1504
1767525954406 1767525954409 3 1504
1767525954407 1767525954409 2 1504
1767525954407 1767525954409 2 1504
1767525954409 1767525954413 4 1504
1767525954409 1767525954413 4 1504
1767525954417 1767525954421 4 1504
1767525954417 1767525954421 4 1504
1767525954417 1767525954421 4 1504
1767525954417 1767525954421 4 1504
1767525954419 1767525954421 2 1504
1767525954419 1767525954421 2 1504
1767525954421 1767525954424 3 1504
1767525954421 1767525954424 3 1504
1767525954422 1767525954424 2 1504
1767525954422 1767525954424 2 1504
1767525954424 1767525954429 5 1504
1767525954424 1767525954429 5 1504
1767525954429 1767525954433 4 1504
1767525954429 1767525954433 4 1504
1767525954430 1767525954433 3 1504
1767525954430 1767525954433 3 1504
1767525954433 1767525954437 4 1504
1767525954433 1767525954437 4 1504
1767525954434 1767525954437 3 1504
1767525954434 1767525954437 3 1504
1767525954436 1767525954437 1 1504
1767525954436 1767525954437 1 1504
1767525954437 1767525954441 4 1504
1767525954437 1767525954441 4 1504
1767525954439 1767525954441 2 1504
1767525954441 1767525954445 4 1504
1767525954441 1767525954445 4 1504
1767525954445 1767525954446 1 1504
1767525954446 1767525954449 3 1504
1767525954446 1767525954449 3 1504
1767525954447 1767525954449 2 1504
1767525954449 1767525954453 4 1504
1767525954449 1767525954453 4 1504
1767525954453 1767525954457 4 1504
1767525954453 1767525954457 4 1504
1767525954461 1767525954465 4 1504
1767525954461 1767525954465 4 1504
1767525954461 1767525954465 4 1504
1767525954461 1767525954465 4 1504
1767525954462 1767525954465 3 1504
1767525954462 1767525954465 3 1504
1767525954465 1767525954469 4 1504
1767525954465 1767525954469 4 1504
1767525954469 1767525954473 4 1504
1767525954469 1767525954473 4 1504
1767525954470 1767525954473 3 1504
1767525954470 1767525954473 3 1504
1767525954473 1767525954477 4 1504
1767525954473 1767525954477 4 1504
1767525954477 1767525954481 4 1504
1767525954477 1767525954481 4 1504
1767525954481 1767525954484 3 1504
1767525954481 1767525954484 3 1504
1767525954489 1767525954492 3 1504
1767525954489 1767525954492 3 1504
1767525954491 1767525954493 2 1504
1767525954491 1767525954493 2 1504
1767525954493 1767525954497 4 1504
1767525954493 1767525954497 4 1504
1767525954495 1767525954497 2 1504
1767525954495 1767525954497 2 1504
1767525954498 1767525954500 2 1504
1767525954498 1767525954501 3 1504
1767525954500 1767525954501 1 1504
1767525954500 1767525954501 1 1504
1767525954502 1767525954505 3 1504
1767525954502 1767525954505 3 1504
1767525954505 1767525954509 4 1504
1767525954505 1767525954509 4 1504
1767525954507 1767525954509 2 1504
1767525954507 1767525954509 2 1504
1767525954509 1767525954513 4 1504
1767525954509 1767525954513 4 1504
1767525954513 1767525954517 4 1504
1767525954513 1767525954517 4 1504
1767525954515 1767525954517 2 1504
1767525954515 1767525954517 2 1504
1767525954518 1767525954521 3 1504
1767525954518 1767525954521 3 1504
1767525954521 1767525954525 4 1504
1767525954521 1767525954525 4 1504
1767525954522 1767525954525 3 1504
1767525954522 1767525954525 3 1504
1767525954524 1767525954525 1 1504
1767525954524 1767525954525 1 1504
1767525954526 1767525954529 3 1504
1767525954526 1767525954529 3 1504
1767525954529 1767525954533 4 1504
1767525954529 1767525954533 4 1504
1767525954530 1767525954533 3 1504
1767525954530 1767525954533 3 1504
1767525954533 1767525954537 4 1504
1767525954533 1767525954537 4 1504
1767525954537 1767525954541 4 1504
1767525954537 1767525954541 4 1504
1767525954538 1767525954541 3 1504
1767525954538 1767525954541 3 1504
1767525954546 1767525954549 3 1504
1767525954546 1767525954549 3 1504
1767525954549 1767525954553 4 1504
1767525954549 1767525954553 4 1504
1767525954550 1767525954553 3 1504
1767525954550 1767525954553 3 1504
1767525954552 1767525954553 1 1504
1767525954552 1767525954553 1 1504
1767525954554 1767525954557 3 1504
1767525954554 1767525954557 3 1504
1767525954557 1767525954561 4 1504
1767525954558 1767525954561 3 1504
1767525954558 1767525954561 3 1504
1767525954561 1767525954565 4 1504
1767525954561 1767525954565 4 1504
1767525954566 1767525954569 3 1504
1767525954566 1767525954569 3 1504
1767525954567 1767525954569 2 1504
1767525954567 1767525954569 2 1504
1767525954574 1767525954577 3 1504
1767525954574 1767525954577 3 1504
1767525954577 1767525954582 5 1504
1767525954577 1767525954582 5 1504
1767525954578 1767525954582 4 1504
1767525954578 1767525954582 4 1504
1767525954581 1767525954582 1 1504
1767525954581 1767525954582 1 1504
1767525954583 1767525954587 4 1504
1767525954583 1767525954587 4 1504
1767525954587 1767525954589 2 1504
1767525954587 1767525954589 2 1504
1767525954589 1767525954593 4 1504
1767525954589 1767525954593 4 1504
1767525954591 1767525954593 2 1504
1767525954591 1767525954593 2 1504
1767525954593 1767525954597 4 1504
1767525954593 1767525954598 5 1504
1767525954595 1767525954598 3 1504
1767525954595 1767525954598 3 1504
1767525954598 1767525954601 3 1504
1767525954598 1767525954601 3 1504
1767525954605 1767525954609 4 1504
1767525954605 1767525954609 4 1504
1767525954606 1767525954609 3 1504
1767525954606 1767525954609 3 1504
1767525954608 1767525954609 1 1504
1767525954608 1767525954609 1 1504
1767525954610 1767525954613 3 1504
1767525954610 1767525954614 4 1504
1767525954612 1767525954614 2 1504
1767525954612 1767525954614 2 1504
1767525954617 1767525954621 4 1504
1767525954617 1767525954621 4 1504
1767525954618 1767525954621 3 1504
1767525954618 1767525954621 3 1504
1767525954621 1767525954625 4 1504
1767525954621 1767525954625 4 1504
1767525954622 1767525954625 3 1504
1767525954622 1767525954625 3 1504
1767525954625 1767525954629 4 1504
1767525954625 1767525954629 4 1504
1767525954630 1767525954633 3 1504
1767525954630 1767525954634 4 1504
1767525954631 1767525954634 3 1504
1767525954631 1767525954634 3 1504
1767525954632 1767525954634 2 1504
1767525954633 1767525954636 3 1504
1767525954633 1767525954637 4 1504
1767525954636 1767525954637 1 1504
1767525954636 1767525954637 1 1504
1767525954637 1767525954641 4 1504
1767525954637 1767525954642 5 1504
1767525954644 1767525954645 1 1504
1767525954644 1767525954645 1 1504
1767525954645 1767525954649 4 1504
1767525954645 1767525954649 4 1504
1767525954649 1767525954652 3 1504
1767525954649 1767525954652 3 1504
1767525954650 1767525954652 2 1504
1767525954650 1767525954652 2 1504
1767525954652 1767525954653 1 1504
1767525954652 1767525954653 1 1504
1767525954658 1767525954661 3 1504
1767525954658 1767525954661 3 1504
1767525954659 1767525954661 2 1504
1767525954659 1767525954661 2 1504
1767525954661 1767525954665 4 1504
1767525954661 1767525954665 4 1504
1767525954663 1767525954665 2 1504
1767525954663 1767525954665 2 1504
1767525954665 1767525954669 4 1504
1767525954665 1767525954669 4 1504
1767525954667 1767525954669 2 1504
1767525954667 1767525954669 2 1504
1767525954669 1767525954673 4 1504
1767525954669 1767525954673 4 1504
1767525954673 1767525954677 4 1504
1767525954673 1767525954677 4 1504
1767525954674 1767525954677 3 1504
1767525954674 1767525954677 3 1504
1767525954676 1767525954677 1 1504
1767525954676 1767525954677 1 1504
1767525954678 1767525954681 3 1504
1767525954678 1767525954681 3 1504
1767525954681 1767525954685 4 1504
1767525954681 1767525954685 4 1504
1767525954682 1767525954685 3 1504
1767525954682 1767525954685 3 1504
1767525954685 1767525954689 4 1504
1767525954685 1767525954689 4 1504
1767525954686 1767525954690 3 1504
1767525954693 1767525954697 4 1504
1767525954693 1767525954697 4 1504
1767525954694 1767525954697 3 1504
1767525954694 1767525954697 3 1504
1767525954696 1767525954697 1 1504
1767525954696 1767525954697 1 1504
1767525954698 1767525954701 3 1504
1767525954698 1767525954701 3 1504
1767525954700 1767525954701 1 1504
1767525954700 1767525954701 1 1504
1767525954702 1767525954705 3 1504
1767525954702 1767525954705 3 1504
1767525954706 1767525954709 3 1504
1767525954706 1767525954709 3 1504
1767525954706 1767525954709 3 1504
1767525954707 1767525954709 2 1504
1767525954709 1767525954713 4 1504
1767525954709 1767525954713 4 1504
1767525954710 1767525954713 3 1504
1767525954710 1767525954713 3 1504
1767525954713 1767525954718 5 1504
1767525954713 1767525954718 5 1504
1767525954721 1767525954726 5 1504
1767525954721 1767525954726 5 1504
1767525954722 1767525954726 4 1504
1767525954722 1767525954726 4 1504
1767525954724 1767525954726 2 1504
1767525954724 1767525954726 2 1504
1767525954726 1767525954729 3 1504
1767525954726 1767525954729 3 1504
1767525954728 1767525954729 1 1504
1767525954728 1767525954729 1 1504
1767525954734 1767525954737 3 1504
1767525954734 1767525954737 3 1504
1767525954735 1767525954737 2 1504
1767525954735 1767525954737 2 1504
1767525954737 1767525954740 3 1504
1767525954737 1767525954740 3 1504
1767525954739 1767525954740 1 1504
1767525954739 1767525954740 1 1504
1767525954741 1767525954745 4 1504
1767525954741 1767525954745 4 1504
1767525954743 1767525954745 2 1504
1767525954743 1767525954745 2 1504
1767525954745 1767525954749 4 1504
1767525954749 1767525954753 4 1504
1767525954749 1767525954753 4 1504
1767525954750 1767525954753 3 1504
1767525954750 1767525954753 3 1504
1767525954752 1767525954753 1 1504
1767525954752 1767525954753 1 1504
1767525954754 1767525954757 3 1504
1767525954754 1767525954757 3 1504
1767525954756 1767525954757 1 1504
1767525954756 1767525954757 1 1504
1767525954761 1767525954765 4 1504
1767525954761 1767525954765 4 1504
1767525954762 1767525954765 3 1504
1767525954762 1767525954765 3 1504
1767525954765 1767525954769 4 1504
1767525954765 1767525954769 4 1504
1767525954766 1767525954769 3 1504
1767525954766 1767525954769 3 1504
1767525954770 1767525954773 3 1504
1767525954770 1767525954773 3 1504
1767525954770 1767525954773 3 1504
1767525954770 1767525954773 3 1504
1767525954773 1767525954777 4 1504
1767525954773 1767525954777 4 1504
1767525954774 1767525954777 3 1504
1767525954774 1767525954777 3 1504
1767525954776 1767525954777 1 1504
1767525954776 1767525954777 1 1504
1767525954778 1767525954781 3 1504
1767525954778 1767525954781 3 1504
1767525954780 1767525954781 1 1504
1767525954780 1767525954781 1 1504
1767525954782 1767525954785 3 1504
1767525954782 1767525954785 3 1504
1767525954785 1767525954789 4 1504
1767525954785 1767525954789 4 1504
1767525954786 1767525954789 3 1504
1767525954786 1767525954789 3 1504
1767525954789 1767525954794 5 1504
1767525954789 1767525954794 5 1504
1767525954790 1767525954794 4 1504
1767525954790 1767525954794 4 1504
1767525954794 1767525954797 3 1504
1767525954794 1767525954797 3 1504
1767525954795 1767525954797 2 1504
1767525954798 1767525954802 4 1504
1767525954798 1767525954802 4 1504
1767525954798 1767525954802 4 1504
1767525954798 1767525954802 4 1504
1767525954800 1767525954802 2 1504
1767525954800 1767525954802 2 1504
1767525954805 1767525954810 5 1504
1767525954805 1767525954810 5 1504
1767525954806 1767525954810 4 1504
1767525954806 1767525954810 4 1504
1767525954810 1767525954815 5 1504
1767525954810 1767525954815 5 1504
1767525954811 1767525954815 4 1504
1767525954811 1767525954815 4 1504
1767525954813 1767525954815 2 1504
1767525954813 1767525954815 2 1504
1767525954818 1767525954821 3 1504
1767525954818 1767525954821 3 1504
1767525954819 1767525954821 2 1504
1767525954819 1767525954821 2 1504
1767525954821 1767525954825 4 1504
1767525954821 1767525954825 4 1504
1767525954823 1767525954825 2 1504
1767525954823 1767525954825 2 1504
1767525954829 1767525954833 4 1504
1767525954829 1767525954833 4 1504
1767525954830 1767525954833 3 1504
1767525954830 1767525954833 3 1504
1767525954832 1767525954833 1 1504
1767525954832 1767525954833 1 1504
1767525954834 1767525954837 3 1504
1767525954834 1767525954837 3 1504
1767525954836 1767525954837 1 1504
1767525954836 1767525954837 1 1504
1767525954841 1767525954845 4 1504
1767525954841 1767525954845 4 1504
1767525954842 1767525954845 3 1504
1767525954842 1767525954845 3 1504
1767525954844 1767525954845 1 1504
1767525954844 1767525954845 1 1504
1767525954846 1767525954849 3 1504
1767525954846 1767525954849 3 1504
1767525954848 1767525954849 1 1504
1767525954848 1767525954849 1 1504
1767525954850 1767525954853 3 1504
1767525954850 1767525954854 4 1504
1767525954851 1767525954854 3 1504
1767525954852 1767525954854 2 1504
1767525954852 1767525954854 2 1504
1767525954857 1767525954861 4 1504
1767525954857 1767525954861 4 1504
1767525954858 1767525954861 3 1504
1767525954858 1767525954861 3 1504
1767525954860 1767525954861 1 1504
1767525954860 1767525954861 1 1504
1767525954862 1767525954865 3 1504
1767525954862 1767525954865 3 1504
1767525954863 1767525954865 2 1504
1767525954863 1767525954865 2 1504
1767525954866 1767525954869 3 1504
1767525954866 1767525954869 3 1504
1767525954867 1767525954869 2 1504
1767525954867 1767525954869 2 1504
1767525954869 1767525954873 4 1504
1767525954869 1767525954873 4 1504
1767525954870 1767525954873 3 1504
1767525954870 1767525954873 3 1504
1767525954872 1767525954873 1 1504
1767525954872 1767525954873 1 1504
1767525954878 1767525954881 3 1504
1767525954878 1767525954881 3 1504
1767525954879 1767525954881 2 1504
1767525954879 1767525954881 2 1504
1767525954881 1767525954886 5 1504
1767525954881 1767525954886 5 1504
1767525954886 1767525954891 5 1504
1767525954886 1767525954891 5 1504
1767525954887 1767525954891 4 1504
1767525954887 1767525954891 4 1504
1767525954889 1767525954891 2 1504
1767525954889 1767525954891 2 1504
1767525954891 1767525954893 2 1504
1767525954891 1767525954893 2 1504
1767525954892 1767525954893 1 1504
1767525954892 1767525954893 1 1504
1767525954894 1767525954897 3 1504
1767525954894 1767525954897 3 1504
1767525954895 1767525954897 2 1504
1767525954895 1767525954897 2 1504
1767525954897 1767525954901 4 1504
1767525954898 1767525954901 3 1504
1767525954898 1767525954901 3 1504
1767525954900 1767525954901 1 1504
1767525954900 1767525954901 1 1504
1767525954901 1767525954905 4 1504
1767525954901 1767525954905 4 1504
1767525954903 1767525954905 2 1504
1767525954903 1767525954905 2 1504
1767525954905 1767525954909 4 1504
1767525954905 1767525954909 4 1504
1767525954909 1767525954913 4 1504
1767525954909 1767525954913 4 1504
1767525954913 1767525954917 4 1504
1767525954914 1767525954917 3 1504
1767525954914 1767525954917 3 1504
1767525954915 1767525954917 2 1504
1767525954915 1767525954917 2 1504
1767525954917 1767525954921 4 1504
1767525954917 1767525954921 4 1504
1767525954919 1767525954921 2 1504
1767525954919 1767525954921 2 1504
1767525954920 1767525954921 1 1504
1767525954920 1767525954921 1 1504
1767525954922 1767525954924 2 1504
1767525954922 1767525954924 2 1504
1767525954925 1767525954929 4 1504
1767525954925 1767525954929 4 1504
1767525954926 1767525954929 3 1504
1767525954926 1767525954929 3 1504
1767525954927 1767525954929 2 1504
1767525954927 1767525954929 2 1504
1767525954930 1767525954932 2 1504
1767525954930 1767525954932 2 1504
1767525954930 1767525954933 3 1504
1767525954930 1767525954933 3 1504
1767525954933 1767525954937 4 1504
1767525954933 1767525954937 4 1504
1767525954937 1767525954940 3 1504
1767525954937 1767525954940 3 1504
1767525954941 1767525954945 4 1504
1767525954941 1767525954945 4 1504
1767525954942 1767525954945 3 1504
1767525954942 1767525954945 3 1504
1767525954945 1767525954948 3 1504
1767525954945 1767525954949 4 1504
1767525954946 1767525954949 3 1504
1767525954946 1767525954949 3 1504
1767525954947 1767525954949 2 1504
1767525954947 1767525954949 2 1504
1767525954949 1767525954953 4 1504
1767525954949 1767525954953 4 1504
1767525954953 1767525954956 3 1504
1767525954953 1767525954956 3 1504
1767525954954 1767525954956 2 1504
1767525954954 1767525954956 2 1504
1767525954956 1767525954957 1 1504
1767525954956 1767525954957 1 1504
1767525954957 1767525954961 4 1504
1767525954957 1767525954961 4 1504
1767525954959 1767525954965 6 1504
1767525954959 1767525954965 6 1504
1767525954961 1767525954965 4 1504
1767525954961 1767525954966 5 1504
1767525954966 1767525954969 3 1504
1767525954966 1767525954969 3 1504
1767525954966 1767525954969 3 1504
1767525954966 1767525954969 3 1504
1767525954973 1767525954977 4 1504
1767525954973 1767525954977 4 1504
1767525954974 1767525954977 3 1504
1767525954974 1767525954977 3 1504
1767525954975 1767525954977 2 1504
1767525954975 1767525954977 2 1504
1767525954977 1767525954981 4 1504
1767525954977 1767525954981 4 1504
1767525954979 1767525954981 2 1504
1767525954979 1767525954981 2 1504
1767525954980 1767525954981 1 1504
1767525954981 1767525954985 4 1504
1767525954982 1767525954985 3 1504
1767525954982 1767525954985 3 1504
1767525954984 1767525954985 1 1504
1767525954984 1767525954985 1 1504
1767525954985 1767525954987 2 1504
1767525954985 1767525954989 4 1504
1767525954987 1767525954989 2 1504
1767525954987 1767525954989 2 1504
1767525954989 1767525954993 4 1504
1767525954989 1767525954993 4 1504
1767525954990 1767525954993 3 1504
1767525954993 1767525954997 4 1504
1767525954993 1767525954997 4 1504
1767525954994 1767525954997 3 1504
1767525954994 1767525954997 3 1504
1767525955001 1767525955005 4 1504
1767525955001 1767525955005 4 1504
1767525955002 1767525955005 3 1504
1767525955002 1767525955005 3 1504
1767525955003 1767525955005 2 1504
1767525955003 1767525955005 2 1504
1767525955005 1767525955009 4 1504
1767525955005 1767525955009 4 1504
1767525955007 1767525955009 2 1504
1767525955007 1767525955009 2 1504
1767525955008 1767525955009 1 1504
1767525955008 1767525955009 1 1504
1767525955010 1767525955013 3 1504
1767525955010 1767525955013 3 1504
1767525955011 1767525955013 2 1504
1767525955012 1767525955013 1 1504
1767525955014 1767525955017 3 1504
1767525955014 1767525955017 3 1504
1767525955015 1767525955017 2 1504
1767525955015 1767525955017 2 1504
1767525955017 1767525955022 5 1504
1767525955017 1767525955022 5 1504
1767525955018 1767525955022 4 1504
1767525955018 1767525955022 4 1504
1767525955022 1767525955025 3 1504
1767525955022 1767525955025 3 1504
1767525955023 1767525955025 2 1504
1767525955023 1767525955025 2 1504
1767525955030 1767525955033 3 1504
1767525955030 1767525955033 3 1504
1767525955030 1767525955033 3 1504
1767525955030 1767525955033 3 1504
1767525955032 1767525955033 1 1504
1767525955032 1767525955033 1 1504
1767525955034 1767525955038 4 1504
1767525955034 1767525955038 4 1504
1767525955035 1767525955038 3 1504
1767525955036 1767525955038 2 1504
1767525955037 1767525955038 1 1504
1767525955037 1767525955038 1 1504
1767525955039 1767525955041 2 1504
1767525955040 1767525955041 1 1504
1767525955040 1767525955041 1 1504
1767525955041 1767525955044 3 1504
1767525955041 1767525955044 3 1504
1767525955043 1767525955044 1 1504
1767525955043 1767525955044 1 1504
1767525955044 1767525955046 2 1504
1767525955044 1767525955046 2 1504
1767525955046 1767525955049 3 1504
1767525955046 1767525955049 3 1504
1767525955048 1767525955049 1 1504
1767525955048 1767525955049 1 1504
1767525955049 1767525955053 4 1504
1767525955049 1767525955053 4 1504
1767525955051 1767525955053 2 1504
1767525955051 1767525955053 2 1504
1767525955061 1767525955065 4 1504
1767525955061 1767525955065 4 1504
1767525955061 1767525955065 4 1504
1767525955062 1767525955065 3 1504
1767525955063 1767525955065 2 1504
1767525955063 1767525955065 2 1504
1767525955065 1767525955069 4 1504
1767525955065 1767525955069 4 1504
1767525955066 1767525955069 3 1504
1767525955066 1767525955069 3 1504
1767525955068 1767525955069 1 1504
1767525955068 1767525955069 1 1504
1767525955070 1767525955073 3 1504
1767525955070 1767525955073 3 1504
1767525955071 1767525955073 2 1504
1767525955071 1767525955073 2 1504
1767525955073 1767525955077 4 1504
1767525955073 1767525955077 4 1504
1767525955075 1767525955078 3 1504
1767525955075 1767525955078 3 1504
1767525955076 1767525955078 2 1504
1767525955076 1767525955078 2 1504
1767525955078 1767525955082 4 1504
1767525955078 1767525955082 4 1504
1767525955080 1767525955082 2 1504
1767525955080 1767525955082 2 1504
1767525955081 1767525955082 1 1504
1767525955081 1767525955082 1 1504
1767525955083 1767525955085 2 1504
1767525955090 1767525955093 3 1504
1767525955090 1767525955093 3 1504
1767525955091 1767525955093 2 1504
1767525955091 1767525955093 2 1504
1767525955093 1767525955098 5 1504
1767525955093 1767525955098 5 1504
1767525955094 1767525955098 4 1504
1767525955095 1767525955098 3 1504
1767525955096 1767525955098 2 1504
1767525955096 1767525955098 2 1504
1767525955098 1767525955101 3 1504
1767525955098 1767525955101 3 1504
1767525955099 1767525955101 2 1504
1767525955099 1767525955101 2 1504
1767525955101 1767525955106 5 1504
1767525955101 1767525955106 5 1504
1767525955103 1767525955106 3 1504
1767525955103 1767525955106 3 1504
1767525955104 1767525955106 2 1504
1767525955104 1767525955106 2 1504
1767525955106 1767525955109 3 1504
1767525955106 1767525955109 3 1504
1767525955107 1767525955109 2 1504
1767525955107 1767525955109 2 1504
1767525955109 1767525955110 1 1504
1767525955109 1767525955113 4 1504
1767525955110 1767525955113 3 1504
1767525955110 1767525955113 3 1504
1767525955112 1767525955113 1 1504
1767525955112 1767525955113 1 1504
1767525955118 1767525955120 2 1504
1767525955118 1767525955121 3 1504
1767525955118 1767525955121 3 1504
1767525955118 1767525955121 3 1504
1767525955120 1767525955121 1 1504
1767525955120 1767525955121 1 1504
1767525955121 1767525955125 4 1504
1767525955121 1767525955125 4 1504
1767525955123 1767525955125 2 1504
1767525955123 1767525955125 2 1504
1767525955129 1767525955133 4 1504
1767525955129 1767525955134 5 1504
1767525955130 1767525955134 4 1504
1767525955130 1767525955134 4 1504
1767525955133 1767525955134 1 1504
1767525955133 1767525955134 1 56
1767525955133 1767525955134 1 1504
1767525955133 1767525955134 1 1504
1767525955135 1767525955137 2 1504
1767525955135 1767525955137 2 1504
1767525955136 1767525955137 1 1504
1767525955136 1767525955137 1 1504
1767525955138 1767525955141 3 1504
1767525955138 1767525955141 3 1504
1767525955139 1767525955141 2 1504
1767525955139 1767525955141 2 1504
1767525955141 1767525955145 4 1504
1767525955141 1767525955145 4 1504
1767525955142 1767525955145 3 1504
1767525955142 1767525955145 3 1504
1767525955144 1767525955145 1 1504
1767525955144 1767525955145 1 1504
1767525955145 1767525955149 4 1504
1767525955145 1767525955150 5 1504
1767525955147 1767525955150 3 1504
1767525955147 1767525955150 3 1504
1767525955148 1767525955150 2 1504
1767525955148 1767525955150 2 1504
1767525955150 1767525955153 3 1504
1767525955150 1767525955153 3 1504
1767525955153 1767525955157 4 1504
1767525955153 1767525955157 4 1504
1767525955154 1767525955157 3 1504
1767525955154 1767525955157 3 1504
1767525955155 1767525955157 2 1504
1767525955155 1767525955157 2 1504
1767525955156 1767525955157 1 1504
1767525955156 1767525955158 2 1504
1767525955158 1767525955161 3 1504
1767525955158 1767525955161 3 1504
1767525955159 1767525955161 2 1504
1767525955159 1767525955161 2 1504
1767525955161 1767525955165 4 1504
1767525955161 1767525955165 4 1504
1767525955162 1767525955165 3 1504
1767525955162 1767525955165 3 1504
1767525955165 1767525955169 4 1504
1767525955165 1767525955169 4 1504
1767525955166 1767525955169 3 1504
1767525955166 1767525955169 3 1504
1767525955167 1767525955169 2 1504
1767525955168 1767525955169 1 1504
1767525955168 1767525955169 1 1504
1767525955169 1767525955174 5 1504
1767525955169 1767525955174 5 1504
1767525955170 1767525955174 4 1504
1767525955170 1767525955174 4 1504
1767525955171 1767525955174 3 1504
1767525955171 1767525955174 3 1504
1767525955174 1767525955177 3 1504
1767525955174 1767525955177 3 1504
1767525955182 1767525955185 3 1504
1767525955182 1767525955185 3 1504
1767525955183 1767525955185 2 1504
1767525955183 1767525955185 2 1504
1767525955184 1767525955185 1 1504
1767525955184 1767525955185 1 1504
1767525955185 1767525955190 5 1504
1767525955185 1767525955190 5 1504
1767525955187 1767525955190 3 1504
1767525955187 1767525955190 3 1504
1767525955188 1767525955190 2 1504
1767525955188 1767525955190 2 1504
1767525955190 1767525955195 5 1504
1767525955190 1767525955195 5 1504
1767525955191 1767525955195 4 1504
1767525955191 1767525955195 4 1504
1767525955195 1767525955197 2 1504
1767525955195 1767525955197 2 1504
1767525955196 1767525955197 1 1504
1767525955196 1767525955197 1 1504
1767525955197 1767525955201 4 1504
1767525955197 1767525955201 4 1504
1767525955198 1767525955201 3 1504
1767525955198 1767525955201 3 1504
1767525955200 1767525955201 1 1504
1767525955200 1767525955201 1 1504
1767525955201 1767525955205 4 1504
1767525955201 1767525955205 4 1504
1767525955203 1767525955205 2 1504
1767525955203 1767525955205 2 1504
1767525955204 1767525955205 1 1504
1767525955204 1767525955205 1 1504
1767525955205 1767525955210 5 1504
1767525955205 1767525955210 5 1504
1767525955207 1767525955210 3 1504
1767525955207 1767525955210 3 1504
1767525955207 1767525955210 3 1504
1767525955213 1767525955217 4 1504
1767525955213 1767525955217 4 1504
1767525955213 1767525955217 4 1504
1767525955213 1767525955217 4 1504
1767525955215 1767525955217 2 1504
1767525955215 1767525955217 2 1504
1767525955217 1767525955221 4 1504
1767525955217 1767525955221 4 1504
1767525955218 1767525955221 3 1504
1767525955218 1767525955221 3 1504
1767525955221 1767525955225 4 1504
1767525955221 1767525955225 4 1504
1767525955222 1767525955225 3 1504
1767525955222 1767525955225 3 1504
1767525955226 1767525955229 3 1504
1767525955226 1767525955229 3 1504
1767525955226 1767525955229 3 1504
1767525955226 1767525955229 3 1504
1767525955228 1767525955229 1 1504
1767525955228 1767525955229 1 1504
1767525955229 1767525955233 4 1504
1767525955229 1767525955233 4 1504
1767525955230 1767525955233 3 1504
1767525955230 1767525955233 3 1504
1767525955232 1767525955233 1 1504
1767525955232 1767525955233 1 1504
1767525955233 1767525955234 1 1504
1767525955233 1767525955234 1 1504
1767525955235 1767525955237 2 1504
1767525955235 1767525955237 2 1504
1767525955236 1767525955237 1 1504
1767525955236 1767525955237 1 1504
1767525955241 1767525955242 1 1504
1767525955241 1767525955242 1 1504
1767525955242 1767525955245 3 1504
1767525955242 1767525955245 3 1504
1767525955243 1767525955245 2 1504
1767525955243 1767525955245 2 1504
1767525955246 1767525955249 3 1504
1767525955246 1767525955249 3 1504
1767525955246 1767525955249 3 1504
1767525955246 1767525955249 3 1504
1767525955248 1767525955249 1 1504
1767525955249 1767525955250 1 1504
1767525955249 1767525955250 1 1504
1767525955250 1767525955253 3 1504
1767525955250 1767525955253 3 1504
1767525955254 1767525955258 4 1504
1767525955254 1767525955258 4 1504
1767525955254 1767525955258 4 1504
1767525955254 1767525955258 4 1504
1767525955256 1767525955258 2 1504
1767525955256 1767525955258 2 1504
1767525955258 1767525955261 3 1504
1767525955258 1767525955261 3 1504
1767525955258 1767525955261 3 1504
1767525955258 1767525955261 3 1504
1767525955260 1767525955261 1 1504
1767525955260 1767525955261 1 1504
1767525955261 1767525955265 4 1504
1767525955261 1767525955265 4 1504
1767525955266 1767525955269 3 1504
1767525955266 1767525955269 3 1504
1767525955266 1767525955269 3 1504
1767525955266 1767525955269 3 1504
1767525955268 1767525955269 1 1504
1767525955268 1767525955269 1 1504
1767525955269 1767525955273 4 1504
1767525955269 1767525955273 4 1504
1767525955270 1767525955273 3 1504
1767525955270 1767525955273 3 1504
1767525955277 1767525955281 4 1504
1767525955277 1767525955281 4 1504
1767525955278 1767525955281 3 1504
1767525955278 1767525955281 3 1504
1767525955279 1767525955281 2 1504
1767525955279 1767525955281 2 1504
1767525955281 1767525955285 4 1504
1767525955281 1767525955285 4 1504
1767525955284 1767525955285 1 1504
1767525955285 1767525955286 1 1504
1767525955285 1767525955286 1 1504
1767525955286 1767525955289 3 1504
1767525955286 1767525955289 3 1504
1767525955287 1767525955289 2 1504
1767525955287 1767525955289 2 1504
1767525955289 1767525955293 4 1504
1767525955289 1767525955293 4 1504
1767525955290 1767525955293 3 1504
1767525955293 1767525955294 1 1504
1767525955294 1767525955297 3 1504
1767525955294 1767525955297 3 1504
1767525955295 1767525955297 2 1504
1767525955295 1767525955297 2 1504
1767525955309 1767525955310 1 1504
1767525955309 1767525955311 2 1504
1767525955309 1767525955311 2 1504
1767525955309 1767525955311 2 1504
1767525955311 1767525955313 2 1504
1767525955311 1767525955313 2 1504
1767525955313 1767525955317 4 1504
1767525955313 1767525955318 5 1504
1767525955315 1767525955318 3 1504
1767525955315 1767525955318 3 1504
1767525955317 1767525955318 1 1504
1767525955318 1767525955320 2 1504
1767525955318 1767525955320 2 1504
1767525955320 1767525955321 1 1504
1767525955320 1767525955321 1 1504
1767525955322 1767525955325 3 1504
1767525955322 1767525955325 3 1504
1767525955324 1767525955325 1 1504
1767525955324 1767525955325 1 1504
1767525955325 1767525955326 1 1504
1767525955325 1767525955326 1 1504
1767525955327 1767525955328 1 1504
1767525955327 1767525955329 2 1504
1767525955334 1767525955336 2 1504
1767525955334 1767525955337 3 1504
1767525955334 1767525955337 3 1504
1767525955334 1767525955337 3 1504
1767525955336 1767525955337 1 1504
1767525955336 1767525955337 1 1504
1767525955341 1767525955345 4 1504
1767525955341 1767525955346 5 1504
1767525955342 1767525955346 4 1504
1767525955342 1767525955346 4 1504
1767525955345 1767525955346 1 1504
1767525955345 1767525955347 2 1504
1767525955346 1767525955349 3 1504
1767525955347 1767525955349 2 1504
1767525955347 1767525955349 2 1504
1767525955349 1767525955353 4 1504
1767525955349 1767525955354 5 1504
1767525955353 1767525955354 1 1504
1767525955361 1767525955362 1 1504
1767525955361 1767525955362 1 1504
1767525955362 1767525955365 3 1504
1767525955363 1767525955365 2 1504
1767525955369 1767525955371 2 1504
1767525955369 1767525955371 2 1504
1767525955369 1767525955371 2 1504
1767525955369 1767525955371 2 1504
1767525955371 1767525955373 2 1504
1767525955371 1767525955373 2 1504
1767525955372 1767525955373 1 1504
1767525955372 1767525955373 1 1504
1767525955373 1767525955374 1 1504
1767525955373 1767525955374 1 1504
1767525955385 1767525955386 1 1504
1767525955385 1767525955386 1 1504
1767525955386 1767525955389 3 1504
1767525955386 1767525955390 4 1504
1767525955389 1767525955390 1 1504
1767525955389 1767525955390 1 1504
1767525955393 1767525955396 3 1504
1767525955393 1767525955396 3 1504
1767525955394 1767525955397 3 1504
1767525955394 1767525955397 3 1504
1767525955397 1767525955402 5 1504
1767525955397 1767525955402 5 1504
1767525955399 1767525955402 3 1504
1767525955399 1767525955402 3 1504
1767525955402 1767525955404 2 1504
1767525955402 1767525955404 2 1504
1767525955409 1767525955410 1 1504
1767525955409 1767525955410 1 1504
1767525955413 1767525955417 4 1504
1767525955413 1767525955417 4 1504
1767525955414 1767525955417 3 1504
1767525955414 1767525955417 3 1504
1767525955417 1767525955418 1 1504
1767525955417 1767525955418 1 1504
1767525955419 1767525955421 2 1504
1767525955419 1767525955421 2 1504
1767525955426 1767525955429 3 1504
1767525955426 1767525955429 3 1504
1767525955427 1767525955429 2 1504
1767525955427 1767525955429 2 1504
1767525955429 1767525955433 4 1504
1767525955429 1767525955433 4 1504
1767525955433 1767525955435 2 1504
1767525955433 1767525955435 2 1504
1767525955437 1767525955441 4 1504
1767525955437 1767525955441 4 1504
1767525955439 1767525955441 2 1504
1767525955439 1767525955441 2 1504
1767525955441 1767525955442 1 1504
1767525955441 1767525955442 1 1504
1767525955444 1767525955445 1 1504
1767525955444 1767525955445 1 1504
1767525955449 1767525955450 1 1504
1767525955449 1767525955450 1 1504
1767525955450 1767525955453 3 1504
1767525955450 1767525955453 3 1504
1767525955457 1767525955461 4 1504
1767525955457 1767525955461 4 1504
1767525955459 1767525955461 2 1504
1767525955459 1767525955461 2 1504
1767525955465 1767525955469 4 1504
1767525955465 1767525955469 4 1504
1767525955466 1767525955469 3 1504
1767525955466 1767525955469 3 1504
1767525955469 1767525955473 4 1504
1767525955469 1767525955473 4 1504
1767525955471 1767525955473 2 1504
1767525955471 1767525955473 2 1504
1767525955474 1767525955477 3 1504
1767525955474 1767525955477 3 1504
1767525955476 1767525955477 1 1504
1767525955476 1767525955477 1 1504
1767525955485 1767525955486 1 1504
1767525955485 1767525955486 1 1504
1767525955486 1767525955488 2 1504
1767525955486 1767525955489 3 1504
1767525955494 1767525955497 3 1504
1767525955494 1767525955498 4 1504
1767525955495 1767525955498 3 1504
1767525955495 1767525955499 4 1504
1767525955497 1767525955499 2 1504
1767525955497 1767525955499 2 1504
1767525955500 1767525955501 1 1504
1767525955500 1767525955501 1 1504
1767525955502 1767525955505 3 1504
1767525955502 1767525955506 4 1504
1767525955505 1767525955506 1 1504
1767525955505 1767525955506 1 1504
1767525955508 1767525955509 1 1504
1767525955509 1767525955510 1 1504
1767525955509 1767525955510 1 1504
1767525955511 1767525955513 2 1504
1767525955511 1767525955513 2 1504
1767525955521 1767525955522 1 1504
1767525955521 1767525955522 1 1504
1767525955522 1767525955525 3 1504
1767525955522 1767525955526 4 1504
1767525955525 1767525955526 1 1504
1767525955525 1767525955526 1 1504
1767525955527 1767525955529 2 1504
1767525955527 1767525955530 3 1504
1767525955533 1767525955534 1 1504
1767525955533 1767525955534 1 1504
1767525955534 1767525955537 3 1504
1767525955534 1767525955538 4 1504
1767525955537 1767525955538 1 1504
1767525955537 1767525955538 1 1504
1767525955539 1767525955541 2 1504
1767525955539 1767525955542 3 1504
1767525955542 1767525955545 3 1504
1767525955542 1767525955546 4 1504
1767525955545 1767525955546 1 1504
1767525955545 1767525955546 1 1504
1767525955548 1767525955549 1 1504
1767525955548 1767525955549 1 1504
1767525955549 1767525955553 4 1504
1767525955549 1767525955554 5 1504
1767525955553 1767525955554 1 1504
1767525955553 1767525955554 1 1504
1767525955557 1767525955561 4 1504
1767525955557 1767525955562 5 1504
1767525955562 1767525955564 2 1504
1767525955562 1767525955565 3 1504
1767525955563 1767525955565 2 1504
1767525955563 1767525955565 2 1504
1767525955569 1767525955570 1 1504
1767525955569 1767525955570 1 1504
1767525955574 1767525955577 3 1504
1767525955574 1767525955577 3 1504
1767525955575 1767525955578 3 1504
1767525955575 1767525955578 3 1504
1767525955577 1767525955578 1 1504
1767525955577 1767525955578 1 1504
1767525955579 1767525955581 2 1504
1767525955581 1767525955582 1 1504
1767525955581 1767525955582 1 1504
1767525955583 1767525955585 2 1504
1767525955583 1767525955585 2 1504
1767525955585 1767525955589 4 1504
1767525955585 1767525955589 4 1504
1767525955588 1767525955589 1 1504
1767525955588 1767525955589 1 1504
1767525955590 1767525955593 3 1504
1767525955590 1767525955593 3 1504
1767525955593 1767525955594 1 1504
1767525955593 1767525955594 1 1504
1767525955601 1767525955602 1 1504
1767525955602 1767525955605 3 1504
1767525955603 1767525955606 3 1504
1767525955603 1767525955606 3 1504
1767525955605 1767525955606 1 1504
1767525955605 1767525955606 1 1504
1767525955607 1767525955609 2 1504
1767525955607 1767525955609 2 1504
1767525955609 1767525955613 4 1504
1767525955609 1767525955614 5 1504
1767525955613 1767525955614 1 1504
1767525955614 1767525955617 3 1504
1767525955614 1767525955617 3 1504
1767525955616 1767525955618 2 1504
1767525955616 1767525955618 2 1504
1767525955618 1767525955621 3 1504
1767525955618 1767525955621 3 1504
1767525955621 1767525955622 1 1504
1767525955621 1767525955622 1 1504
1767525955631 1767525955634 3 1504
1767525955631 1767525955634 3 1504
1767525955632 1767525955634 2 1504
1767525955632 1767525955634 2 1504
1767525955635 1767525955639 4 1504
1767525955635 1767525955640 5 1504
1767525955637 1767525955641 4 1504
1767525955637 1767525955641 4 1504
1767525955639 1767525955641 2 1504
1767525955639 1767525955641 2 1504
1767525955642 1767525955645 3 1504
1767525955642 1767525955646 4 1504
1767525955644 1767525955646 2 1504
1767525955644 1767525955646 2 1504
1767525955646 1767525955649 3 1504
1767525955646 1767525955650 4 1504
1767525955648 1767525955650 2 1504
1767525955648 1767525955650 2 1504
1767525955651 1767525955653 2 1504
1767525955651 1767525955654 3 1504
1767525955657 1767525955661 4 1504
1767525955657 1767525955661 4 1504
1767525955658 1767525955662 4 1504
1767525955658 1767525955662 4 1504
1767525955665 1767525955666 1 1504
1767525955665 1767525955666 1 1504
1767525955666 1767525955669 3 1504
1767525955666 1767525955670 4 1504
1767525955668 1767525955670 2 1504
1767525955668 1767525955670 2 1504
1767525955670 1767525955673 3 1504
1767525955670 1767525955673 3 1504
1767525955672 1767525955675 3 1504
1767525955672 1767525955675 3 1504
1767525955674 1767525955677 3 1504
1767525955675 1767525955677 2 1504
1767525955677 1767525955682 5 1504
1767525955677 1767525955682 5 1504
1767525955679 1767525955682 3 1504
1767525955679 1767525955682 3 1504
1767525955682 1767525955685 3 1504
1767525955682 1767525955685 3 1504
1767525955683 1767525955685 2 1504
1767525955683 1767525955685 2 1504
1767525955690 1767525955693 3 1504
1767525955690 1767525955694 4 1504
1767525955691 1767525955694 3 1504
1767525955691 1767525955694 3 1504
1767525955693 1767525955694 1 1504
1767525955693 1767525955694 1 1504
1767525955698 1767525955701 3 1504
1767525955698 1767525955701 3 1504
1767525955699 1767525955702 3 1504
1767525955699 1767525955702 3 1504
1767525955701 1767525955702 1 1504
1767525955701 1767525955702 1 1504
1767525955706 1767525955709 3 1504
1767525955706 1767525955710 4 1504
1767525955707 1767525955710 3 1504
1767525955708 1767525955710 2 1504
1767525955708 1767525955710 2 1504
1767525955710 1767525955713 3 1504
1767525955710 1767525955713 3 1504
1767525955712 1767525955713 1 1504
1767525955712 1767525955713 1 1504
1767525955717 1767525955718 1 1504
1767525955717 1767525955718 1 1504
1767525955718 1767525955722 4 1504
1767525955718 1767525955722 4 1504
1767525955720 1767525955722 2 1504
1767525955720 1767525955722 2 1504
1767525955726 1767525955728 2 1504
1767525955726 1767525955729 3 1504
1767525955728 1767525955729 1 1504
1767525955728 1767525955729 1 1504
1767525955729 1767525955733 4 1504
1767525955729 1767525955733 4 1504
1767525955734 1767525955737 3 1504
1767525955734 1767525955737 3 1504
1767525955735 1767525955738 3 1504
1767525955735 1767525955738 3 1504
1767525955737 1767525955738 1 1504
1767525955737 1767525955738 1 1504
1767525955739 1767525955742 3 1504
1767525955739 1767525955742 3 1504
1767525955741 1767525955742 1 1504
1767525955741 1767525955742 1 1504
1767525955743 1767525955745 2 1504
1767525955743 1767525955745 2 1504
1767525955746 1767525955750 4 1504
1767525955746 1767525955750 4 1504
1767525955747 1767525955750 3 1504
1767525955747 1767525955750 3 1504
1767525955753 1767525955754 1 1504
1767525955753 1767525955754 1 1504
1767525955754 1767525955758 4 1504
1767525955754 1767525955758 4 1504
1767525955758 1767525955761 3 1504
1767525955759 1767525955763 4 1504
1767525955759 1767525955763 4 1504
1767525955761 1767525955763 2 1504
1767525955761 1767525955763 2 1504
1767525955763 1767525955765 2 1504
1767525955763 1767525955765 2 1504
1767525955765 1767525955766 1 1504
1767525955765 1767525955769 4 1504
1767525955767 1767525955770 3 1504
1767525955767 1767525955770 3 1504
1767525955769 1767525955770 1 1504
1767525955769 1767525955770 1 1504
1767525955774 1767525955777 3 1504
1767525955774 1767525955777 3 1504
1767525955775 1767525955777 2 1504
1767525955775 1767525955777 2 1504
1767525955778 1767525955781 3 1504
1767525955778 1767525955782 4 1504
1767525955781 1767525955782 1 1504
1767525955781 1767525955782 1 1504
1767525955785 1767525955786 1 1504
1767525955785 1767525955786 1 1504
1767525955786 1767525955790 4 1504
1767525955786 1767525955790 4 1504
1767525955788 1767525955790 2 1504
1767525955788 1767525955790 2 1504
1767525955790 1767525955793 3 1504
1767525955790 1767525955794 4 1504
1767525955798 1767525955801 3 1504
1767525955798 1767525955801 3 1504
1767525955799 1767525955801 2 1504
1767525955799 1767525955801 2 1504
1767525955801 1767525955802 1 1504
1767525955801 1767525955802 1 1504
1767525955803 1767525955804 1 1504
1767525955803 1767525955805 2 1504
1767525955805 1767525955809 4 1504
1767525955805 1767525955810 5 1504
1767525955809 1767525955810 1 1504
1767525955809 1767525955810 1 1504
1767525955810 1767525955813 3 1504
1767525955810 1767525955814 4 1504
1767525955813 1767525955814 1 1504
1767525955813 1767525955814 1 1504
1767525955814 1767525955818 4 1504
1767525955814 1767525955818 4 1504
1767525955816 1767525955818 2 1504
1767525955816 1767525955818 2 1504
1767525955818 1767525955822 4 1504
1767525955818 1767525955822 4 1504
1767525955820 1767525955822 2 1504
1767525955821 1767525955822 1 1504
1767525955821 1767525955822 1 1504
1767525955823 1767525955825 2 1504
1767525955823 1767525955826 3 1504
1767525955825 1767525955826 1 1504
1767525955825 1767525955826 1 1504
1767525955827 1767525955829 2 1504
1767525955827 1767525955830 3 1504
1767525955830 1767525955833 3 1504
1767525955830 1767525955834 4 1504
1767525955831 1767525955834 3 1504
1767525955831 1767525955834 3 1504
1767525955837 1767525955838 1 1504
1767525955837 1767525955838 1 1504
1767525955838 1767525955842 4 1504
1767525955838 1767525955842 4 1504
1767525955840 1767525955842 2 1504
1767525955840 1767525955842 2 1504
1767525955841 1767525955842 1 1504
1767525955841 1767525955842 1 1504
1767525955843 1767525955845 2 1504
1767525955843 1767525955846 3 1504
1767525955845 1767525955846 1 1504
1767525955845 1767525955846 1 1504
1767525955847 1767525955850 3 1504
1767525955847 1767525955850 3 1504
1767525955848 1767525955850 2 1504
1767525955848 1767525955850 2 1504
1767525955850 1767525955853 3 1504
1767525955850 1767525955854 4 1504
1767525955852 1767525955854 2 1504
1767525955852 1767525955854 2 1504
1767525955858 1767525955861 3 1504
1767525955858 1767525955861 3 1504
1767525955859 1767525955861 2 1504
1767525955859 1767525955861 2 1504
1767525955862 1767525955865 3 1504
1767525955862 1767525955866 4 1504
1767525955869 1767525955870 1 1504
1767525955869 1767525955870 1 1504
1767525955870 1767525955873 3 1504
1767525955870 1767525955873 3 1504
1767525955872 1767525955873 1 1504
1767525955872 1767525955873 1 1504
1767525955873 1767525955874 1 1504
1767525955874 1767525955877 3 1504
1767525955874 1767525955878 4 1504
1767525955877 1767525955878 1 1504
1767525955877 1767525955878 1 1504
1767525955878 1767525955880 2 1504
1767525955878 1767525955880 2 1504
1767525955880 1767525955881 1 1504
1767525955880 1767525955881 1 1504
1767525955882 1767525955885 3 1504
1767525955882 1767525955885 3 1504
1767525955885 1767525955889 4 1504
1767525955885 1767525955889 4 1504
1767525955886 1767525955889 3 1504
1767525955886 1767525955889 3 1504
1767525955889 1767525955890 1 1504
1767525955889 1767525955893 4 1504
1767525955893 1767525955897 4 1504
1767525955893 1767525955898 5 1504
1767525955894 1767525955898 4 1504
1767525955894 1767525955898 4 1504
1767525955897 1767525955898 1 1504
1767525955897 1767525955898 1 1504
1767525955898 1767525955901 3 1504
1767525955898 1767525955901 3 1504
1767525955900 1767525955901 1 1504
1767525955900 1767525955901 1 1504
1767525955902 1767525955905 3 1504
1767525955902 1767525955905 3 1504
1767525955904 1767525955905 1 1504
1767525955904 1767525955905 1 1504
1767525955905 1767525955906 1 1504
1767525955905 1767525955906 1 1504
1767525955909 1767525955913 4 1504
1767525955909 1767525955914 5 1504
1767525955913 1767525955914 1 1504
1767525955913 1767525955914 1 1504
1767525955914 1767525955917 3 1504
1767525955914 1767525955917 3 1504
1767525955916 1767525955917 1 1504
1767525955916 1767525955917 1 1504
1767525955921 1767525955922 1 1504
1767525955921 1767525955922 1 1504
1767525955922 1767525955925 3 1504
1767525955922 1767525955925 3 1504
1767525955923 1767525955925 2 1504
1767525955924 1767525955925 1 1504
1767525955924 1767525955925 1 1504
1767525955926 1767525955929 3 1504
1767525955926 1767525955929 3 1504
1767525955927 1767525955929 2 1504
1767525955927 1767525955929 2 1504
1767525955929 1767525955934 5 1504
1767525955929 1767525955934 5 1504
1767525955930 1767525955934 4 1504
1767525955930 1767525955934 4 1504
1767525955932 1767525955934 2 1504
1767525955932 1767525955934 2 1504
1767525955937 1767525955938 1 1504
1767525955937 1767525955938 1 1504
1767525955938 1767525955942 4 1504
1767525955938 1767525955942 4 1504
1767525955942 1767525955945 3 1504
1767525955942 1767525955945 3 1504
1767525955943 1767525955946 3 1504
1767525955943 1767525955946 3 1504
1767525955946 1767525955950 4 1504
1767525955946 1767525955950 4 1504
1767525955950 1767525955955 5 1504
1767525955950 1767525955955 5 1504
1767525955951 1767525955955 4 1504
1767525955951 1767525955955 4 1504
1767525955953 1767525955955 2 1504
1767525955953 1767525955955 2 1504
1767525955955 1767525955957 2 1504
1767525955956 1767525955958 2 1504
1767525955956 1767525955958 2 1504
1767525955958 1767525955961 3 1504
1767525955958 1767525955962 4 1504
1767525955959 1767525955962 3 1504
1767525955959 1767525955962 3 1504
1767525955961 1767525955962 1 1504
1767525955961 1767525955962 1 1504
1767525955963 1767525955965 2 1504
1767525955963 1767525955965 2 1504
1767525955969 1767525955970 1 1504
1767525955969 1767525955970 1 1504
1767525955970 1767525955973 3 1504
1767525955970 1767525955974 4 1504
1767525955973 1767525955974 1 1504
1767525955973 1767525955974 1 1504
1767525955974 1767525955977 3 1504
1767525955974 1767525955978 4 1504
1767525955976 1767525955978 2 1504
1767525955976 1767525955978 2 1504
1767525955981 1767525955982 1 1504
1767525955981 1767525955982 1 1504
1767525955982 1767525955985 3 1504
1767525955982 1767525955986 4 1504
1767525955984 1767525955986 2 1504
1767525955984 1767525955986 2 1504
1767525955985 1767525955986 1 1504
1767525955985 1767525955986 1 1504
1767525955987 1767525955989 2 1504
1767525955987 1767525955989 2 1504
1767525955989 1767525955990 1 1504
1767525955989 1767525955990 1 1504
1767525955990 1767525955993 3 1504
1767525955990 1767525955994 4 1504
1767525955992 1767525955994 2 1504
1767525955992 1767525955994 2 1504
1767525955994 1767525955997 3 1504
1767525955994 1767525955998 4 1504
1767525955997 1767525955998 1 1504
1767525955997 1767525955998 1 1504
1767525955998 1767525956001 3 1504
1767525955998 1767525956002 4 1504
1767525956002 1767525956005 3 1504
1767525956002 1767525956006 4 1504
1767525956002 1767525956006 4 1504
1767525956002 1767525956006 4 1504
1767525956005 1767525956006 1 1504
1767525956005 1767525956006 1 1504
1767525956010 1767525956013 3 1504
1767525956010 1767525956013 3 1504
1767525956011 1767525956014 3 1504
1767525956011 1767525956014 3 1504
1767525956013 1767525956014 1 1504
1767525956013 1767525956014 1 1504
1767525956014 1767525956018 4 1504
1767525956014 1767525956018 4 1504
1767525956018 1767525956021 3 1504
1767525956018 1767525956022 4 1504
1767525956021 1767525956022 1 1504
1767525956021 1767525956022 1 1504
1767525956022 1767525956026 4 1504
1767525956023 1767525956026 3 1504
1767525956023 1767525956026 3 1504
1767525956026 1767525956031 5 1504
1767525956026 1767525956031 5 1504
1767525956027 1767525956031 4 1504
1767525956027 1767525956031 4 1504
1767525956029 1767525956031 2 1504
1767525956029 1767525956031 2 1504
1767525956031 1767525956033 2 1504
1767525956031 1767525956034 3 1504
1767525956033 1767525956034 1 1504
1767525956033 1767525956034 1 1504
1767525956034 1767525956037 3 1504
1767525956034 1767525956038 4 1504
1767525956037 1767525956038 1 1504
1767525956038 1767525956097 59 1504
1767525956038 1767525956105 67 1504
1767525956039 1767525956109 70 1504
1767525956039 1767525956113 74 1504
1767525956097 1767525956113 16 1504
1767525956097 1767525956117 20 1504
1767525956098 1767525956117 19 1504
1767525956098 1767525956117 19 1504
1767525956102 1767525956117 15 1504
1767525956102 1767525956117 15 1504
1767525956105 1767525956117 12 1504
1767525956105 1767525956117 12 1504
1767525956108 1767525956121 13 1504
1767525956108 1767525956121 13 1504
1767525956112 1767525956121 9 1504
1767525956112 1767525956121 9 1504
1767525956115 1767525956121 6 1504
1767525956115 1767525956121 6 1504
1767525956119 1767525956121 2 1504
1767525956119 1767525956121 2 1504
1767525956122 1767525956125 3 1504
1767525956122 1767525956125 3 1504
1767525956125 1767525956129 4 1504
1767525956125 1767525956129 4 1504
1767525956129 1767525956133 4 1504
1767525956129 1767525956133 4 1504
1767525956132 1767525956133 1 1504
1767525956132 1767525956133 1 1504
1767525956149 1767525956153 4 1504
1767525956150 1767525956153 3 1504
1767525956151 1767525956153 2 1504
1767525956153 1767525956157 4 1504
1767525956157 1767525956161 4 1504
1767525956158 1767525956161 3 1504
1767525956158 1767525956161 3 1504
1767525956162 1767525956165 3 1504
1767525956162 1767525956165 3 1504
1767525956165 1767525956169 4 1504
1767525956165 1767525956169 4 1504
1767525956169 1767525956173 4 1504
1767525956169 1767525956173 4 1504
1767525956172 1767525956173 1 1504
1767525956172 1767525956173 1 1504
1767525956176 1767525956177 1 1504
1767525956176 1767525956177 1 1504
1767525956179 1767525956181 2 1504
1767525956179 1767525956181 2 1504
1767525956182 1767525956185 3 1504
1767525956182 1767525956185 3 1504
1767525956185 1767525956189 4 1504
1767525956185 1767525956189 4 1504
1767525956188 1767525956189 1 1504
1767525956188 1767525956189 1 1504
1767525956190 1767525956192 2 1504
1767525956190 1767525956192 2 1504
1767525956193 1767525956197 4 1504
1767525956193 1767525956197 4 1504
1767525956195 1767525956197 2 1504
1767525956195 1767525956197 2 1504
1767525956197 1767525956201 4 1504
1767525956197 1767525956201 4 1504
1767525956199 1767525956201 2 1504
1767525956199 1767525956201 2 1504
1767525956201 1767525956205 4 1504
1767525956201 1767525956205 4 1504
1767525956203 1767525956205 2 1504
1767525956203 1767525956205 2 1504
1767525956205 1767525956209 4 1504
1767525956205 1767525956209 4 1504
1767525956207 1767525956209 2 1504
1767525956207 1767525956209 2 1504
1767525956209 1767525956214 5 1504
1767525956209 1767525956214 5 1504
1767525956211 1767525956214 3 1504
1767525956211 1767525956214 3 1504
1767525956212 1767525956214 2 1504
1767525956212 1767525956214 2 1504
1767525956214 1767525956217 3 1504
1767525956215 1767525956217 2 1504
1767525956215 1767525956217 2 1504
1767525956217 1767525956221 4 1504
1767525956217 1767525956221 4 1504
1767525956218 1767525956221 3 1504
1767525956218 1767525956221 3 1504
1767525956220 1767525956221 1 1504
1767525956220 1767525956221 1 1504
1767525956225 1767525956229 4 1504
1767525956225 1767525956229 4 1504
1767525956226 1767525956229 3 1504
1767525956226 1767525956229 3 1504
1767525956229 1767525956233 4 1504
1767525956229 1767525956233 4 1504
1767525956230 1767525956233 3 1504
1767525956230 1767525956233 3 1504
1767525956233 1767525956237 4 1504
1767525956233 1767525956237 4 1504
1767525956234 1767525956237 3 1504
1767525956234 1767525956237 3 1504
1767525956237 1767525956241 4 1504
1767525956237 1767525956241 4 1504
1767525956238 1767525956241 3 1504
1767525956238 1767525956241 3 1504
1767525956240 1767525956241 1 1504
1767525956240 1767525956241 1 1504
1767525956241 1767525956245 4 1504
1767525956241 1767525956245 4 1504
1767525956243 1767525956245 2 1504
1767525956243 1767525956245 2 1504
1767525956244 1767525956245 1 1504
1767525956244 1767525956245 1 1504
1767525956246 1767525956249 3 1504
1767525956246 1767525956249 3 1504
1767525956247 1767525956249 2 1504
1767525956247 1767525956249 2 1504
1767525956249 1767525956254 5 1504
1767525956249 1767525956254 5 1504
1767525956250 1767525956254 4 1504
1767525956250 1767525956254 4 1504
1767525956257 1767525956261 4 1504
1767525956257 1767525956261 4 1504
1767525956257 1767525956261 4 1504
1767525956257 1767525956261 4 1504
1767525956261 1767525956265 4 1504
1767525956261 1767525956265 4 1504
1767525956262 1767525956265 3 1504
1767525956265 1767525956269 4 1504
1767525956265 1767525956269 4 1504
1767525956266 1767525956269 3 1504
1767525956266 1767525956269 3 1504
1767525956268 1767525956269 1 1504
1767525956268 1767525956269 1 1504
1767525956269 1767525956273 4 1504
1767525956269 1767525956273 4 1504
1767525956273 1767525956276 3 1504
1767525956273 1767525956276 3 1504
1767525956274 1767525956276 2 1504
1767525956274 1767525956276 2 1504
1767525956276 1767525956281 5 1504
1767525956276 1767525956281 5 1504
1767525956277 1767525956281 4 1504
1767525956277 1767525956281 4 1504
1767525956282 1767525956285 3 1504
1767525956282 1767525956285 3 1504
1767525956282 1767525956285 3 1504
1767525956282 1767525956285 3 1504
1767525956284 1767525956285 1 1504
1767525956284 1767525956285 1 1504
1767525956286 1767525956289 3 1504
1767525956286 1767525956289 3 1504
1767525956287 1767525956289 2 1504
1767525956287 1767525956289 2 1504
1767525956293 1767525956297 4 1504
1767525956293 1767525956297 4 1504
1767525956294 1767525956297 3 1504
1767525956294 1767525956297 3 1504
1767525956295 1767525956297 2 1504
1767525956295 1767525956297 2 1504
1767525956297 1767525956301 4 1504
1767525956297 1767525956301 4 1504
1767525956299 1767525956301 2 1504
1767525956299 1767525956301 2 1504
1767525956301 1767525956305 4 1504
1767525956301 1767525956305 4 1504
1767525956302 1767525956305 3 1504
1767525956302 1767525956305 3 1504
1767525956305 1767525956309 4 1504
1767525956305 1767525956309 4 1504
1767525956306 1767525956309 3 1504
1767525956306 1767525956309 3 1504
1767525956306 1767525956309 3 1504
1767525956309 1767525956313 4 1504
1767525956309 1767525956313 4 1504
1767525956310 1767525956313 3 1504
1767525956310 1767525956313 3 1504
1767525956311 1767525956313 2 1504
1767525956311 1767525956313 2 1504
1767525956313 1767525956317 4 1504
1767525956313 1767525956317 4 1504
1767525956318 1767525956321 3 1504
1767525956318 1767525956321 3 1504
1767525956321 1767525956325 4 1504
1767525956321 1767525956325 4 1504
1767525956322 1767525956325 3 1504
1767525956322 1767525956325 3 1504
1767525956324 1767525956325 1 1504
1767525956324 1767525956325 1 1504
1767525956329 1767525956333 4 1504
1767525956329 1767525956333 4 1504
1767525956330 1767525956333 3 1504
1767525956330 1767525956333 3 1504
1767525956333 1767525956337 4 1504
1767525956333 1767525956337 4 1504
1767525956334 1767525956337 3 1504
1767525956334 1767525956337 3 1504
1767525956336 1767525956337 1 1504
1767525956336 1767525956337 1 1504
1767525956338 1767525956341 3 1504
1767525956338 1767525956341 3 1504
1767525956339 1767525956341 2 1504
1767525956339 1767525956341 2 1504
1767525956342 1767525956345 3 1504
1767525956342 1767525956345 3 1504
1767525956343 1767525956345 2 1504
1767525956343 1767525956345 2 1504
1767525956344 1767525956345 1 1504
1767525956344 1767525956345 1 1504
1767525956349 1767525956352 3 1504
1767525956349 1767525956352 3 1504
1767525956350 1767525956352 2 1504
1767525956350 1767525956352 2 1504
1767525956352 1767525956357 5 1504
1767525956352 1767525956357 5 1504
1767525956353 1767525956357 4 1504
1767525956354 1767525956357 3 1504
1767525956354 1767525956357 3 1504
1767525956361 1767525956365 4 1504
1767525956361 1767525956365 4 1504
1767525956362 1767525956365 3 1504
1767525956362 1767525956365 3 1504
1767525956365 1767525956369 4 1504
1767525956365 1767525956369 4 1504
1767525956366 1767525956369 3 1504
1767525956366 1767525956369 3 1504
1767525956367 1767525956369 2 1504
1767525956367 1767525956369 2 1504
1767525956369 1767525956373 4 1504
1767525956369 1767525956373 4 1504
1767525956371 1767525956373 2 1504
1767525956371 1767525956373 2 1504
1767525956372 1767525956373 1 1504
1767525956372 1767525956373 1 1504
1767525956374 1767525956377 3 1504
1767525956374 1767525956377 3 1504
1767525956375 1767525956377 2 1504
1767525956375 1767525956377 2 1504
1767525956377 1767525956380 3 1504
1767525956377 1767525956380 3 1504
1767525956378 1767525956380 2 1504
1767525956378 1767525956380 2 1504
1767525956380 1767525956385 5 1504
1767525956380 1767525956385 5 1504
1767525956382 1767525956385 3 1504
1767525956382 1767525956385 3 1504
1767525956383 1767525956385 2 1504
1767525956383 1767525956385 2 1504
1767525956389 1767525956393 4 1504
1767525956389 1767525956393 4 1504
1767525956389 1767525956393 4 1504
1767525956389 1767525956393 4 1504
1767525956393 1767525956396 3 1504
1767525956393 1767525956396 3 1504
1767525956394 1767525956401 7 1504
1767525956394 1767525956401 7 1504
1767525956395 1767525956401 6 1504
1767525956395 1767525956401 6 1504
1767525956397 1767525956401 4 1504
1767525956397 1767525956401 4 1504
1767525956398 1767525956401 3 1504
1767525956399 1767525956401 2 1504
1767525956399 1767525956401 2 1504
1767525956401 1767525956404 3 1504
1767525956401 1767525956404 3 1504
1767525956402 1767525956404 2 1504
1767525956402 1767525956405 3 1504
1767525956403 1767525956405 2 1504
1767525956403 1767525956405 2 1504
1767525956405 1767525956409 4 1504
1767525956405 1767525956409 4 1504
1767525956406 1767525956409 3 1504
1767525956406 1767525956409 3 1504
1767525956412 1767525956417 5 1504
1767525956412 1767525956417 5 1504
1767525956413 1767525956417 4 1504
1767525956413 1767525956417 4 1504
1767525956414 1767525956417 3 1504
1767525956414 1767525956417 3 1504
1767525956417 1767525956420 3 1504
1767525956417 1767525956420 3 1504
1767525956418 1767525956420 2 1504
1767525956418 1767525956420 2 1504
1767525956420 1767525956425 5 1504
1767525956420 1767525956425 5 1504
1767525956430 1767525956433 3 1504
1767525956430 1767525956433 3 1504
1767525956430 1767525956433 3 1504
1767525956430 1767525956433 3 1504
1767525956432 1767525956433 1 1504
1767525956432 1767525956433 1 1504
1767525956434 1767525956436 2 1504
1767525956434 1767525956436 2 1504
1767525956435 1767525956436 1 1504
1767525956435 1767525956436 1 1504
1767525956437 1767525956441 4 1504
1767525956437 1767525956441 4 1504
1767525956438 1767525956441 3 1504
1767525956438 1767525956441 3 1504
1767525956440 1767525956441 1 1504
1767525956440 1767525956441 1 1504
1767525956441 1767525956445 4 1504
1767525956441 1767525956445 4 1504
1767525956445 1767525956449 4 1504
1767525956445 1767525956449 4 1504
1767525956446 1767525956449 3 1504
1767525956446 1767525956449 3 1504
1767525956446 1767525956449 3 1504
1767525956448 1767525956449 1 1504
1767525956448 1767525956449 1 1504
1767525956449 1767525956454 5 1504
1767525956449 1767525956454 5 1504
1767525956451 1767525956454 3 1504
1767525956451 1767525956454 3 1504
1767525956452 1767525956454 2 1504
1767525956452 1767525956454 2 1504
1767525956457 1767525956461 4 1504
1767525956457 1767525956461 4 1504
1767525956457 1767525956461 4 1504
1767525956457 1767525956461 4 1504
1767525956459 1767525956461 2 1504
1767525956459 1767525956461 2 1504
1767525956461 1767525956465 4 1504
1767525956461 1767525956465 4 1504
1767525956462 1767525956465 3 1504
1767525956462 1767525956465 3 1504
1767525956465 1767525956469 4 1504
1767525956465 1767525956469 4 1504
1767525956466 1767525956469 3 1504
1767525956466 1767525956469 3 1504
1767525956468 1767525956469 1 1504
1767525956468 1767525956469 1 1504
1767525956469 1767525956473 4 1504
1767525956469 1767525956473 4 1504
1767525956473 1767525956478 5 1504
1767525956473 1767525956478 5 1504
1767525956474 1767525956478 4 1504
1767525956474 1767525956478 4 1504
1767525956475 1767525956478 3 1504
1767525956475 1767525956478 3 1504
1767525956476 1767525956478 2 1504
1767525956476 1767525956478 2 1504
1767525956478 1767525956481 3 1504
1767525956478 1767525956481 3 1504
1767525956479 1767525956481 2 1504
1767525956479 1767525956481 2 1504
1767525956481 1767525956486 4 1504
1767525956481 1767525956486 5 1504
1767525956482 1767525956486 4 1504
1767525956482 1767525956486 4 1504
1767525956484 1767525956486 2 1504
1767525956484 1767525956486 2 1504
1767525956484 1767525956486 2 1504
1767525956486 1767525956489 3 1504
1767525956486 1767525956490 4 1504
1767525956487 1767525956490 3 1504
1767525956487 1767525956490 3 1504
1767525956489 1767525956490 1 1504
1767525956489 1767525956490 1 1504
1767525956490 1767525956493 3 1504
1767525956490 1767525956493 3 1504
1767525956491 1767525956494 3 1504
1767525956491 1767525956494 3 1504
1767525956494 1767525956497 3 1504
1767525956494 1767525956497 3 1504
1767525956501 1767525956504 3 1504
1767525956501 1767525956504 3 1504
1767525956502 1767525956504 2 1504
1767525956502 1767525956504 2 1504
1767525956503 1767525956504 1 1504
1767525956503 1767525956504 1 1504
1767525956505 1767525956509 4 1504
1767525956505 1767525956509 4 1504
1767525956506 1767525956509 3 1504
1767525956506 1767525956509 3 1504
1767525956507 1767525956510 3 1504
1767525956507 1767525956510 3 1504
1767525956510 1767525956513 3 1504
1767525956510 1767525956513 3 1504
1767525956510 1767525956513 3 1504
1767525956510 1767525956513 3 1504
1767525956512 1767525956513 1 1504
1767525956512 1767525956513 1 1504
1767525956513 1767525956517 4 1504
1767525956513 1767525956517 4 1504
1767525956514 1767525956517 3 1504
1767525956514 1767525956517 3 1504
1767525956516 1767525956517 1 1504
1767525956516 1767525956517 1 1504
1767525956517 1767525956521 4 1504
1767525956517 1767525956521 4 1504
1767525956518 1767525956521 3 1504
1767525956518 1767525956521 3 1504
1767525956520 1767525956521 1 1504
1767525956520 1767525956521 1 1504
1767525956521 1767525956525 4 1504
1767525956522 1767525956525 3 1504
1767525956522 1767525956525 3 1504
1767525956525 1767525956529 4 1504
1767525956525 1767525956529 4 1504
1767525956526 1767525956529 3 1504
1767525956526 1767525956529 3 1504
1767525956527 1767525956529 2 1504
1767525956527 1767525956529 2 1504
1767525956533 1767525956537 4 1504
1767525956533 1767525956537 4 1504
1767525956534 1767525956537 3 1504
1767525956534 1767525956537 3 1504
1767525956535 1767525956537 2 1504
1767525956535 1767525956537 2 1504
1767525956536 1767525956537 1 1504
1767525956536 1767525956537 1 1504
1767525956538 1767525956540 2 1504
1767525956538 1767525956540 2 1504
1767525956539 1767525956540 1 1504
1767525956539 1767525956540 1 1504
1767525956540 1767525956545 5 1504
1767525956540 1767525956545 5 1504
1767525956541 1767525956545 4 1504
1767525956541 1767525956545 4 1504
1767525956543 1767525956545 2 1504
1767525956543 1767525956545 2 1504
1767525956544 1767525956545 1 1504
1767525956544 1767525956545 1 1504
1767525956545 1767525956548 3 1504
1767525956545 1767525956548 3 1504
1767525956546 1767525956548 2 1504
1767525956546 1767525956548 2 1504
1767525956548 1767525956553 5 1504
1767525956548 1767525956553 5 1504
1767525956549 1767525956553 4 1504
1767525956549 1767525956553 4 1504
1767525956550 1767525956553 3 1504
1767525956550 1767525956553 3 1504
1767525956551 1767525956553 2 1504
1767525956551 1767525956553 2 1504
1767525956553 1767525956556 3 1504
1767525956553 1767525956556 3 1504
1767525956561 1767525956564 3 1504
1767525956561 1767525956564 3 1504
1767525956561 1767525956564 3 1504
1767525956562 1767525956564 2 1504
1767525956562 1767525956564 2 1504
1767525956563 1767525956564 1 1504
1767525956563 1767525956564 1 1504
1767525956564 1767525956569 5 1504
1767525956564 1767525956569 5 1504
1767525956566 1767525956569 3 1504
1767525956566 1767525956569 3 1504
1767525956572 1767525956577 5 1504
1767525956572 1767525956577 5 1504
1767525956573 1767525956577 4 1504
1767525956573 1767525956577 4 1504
1767525956574 1767525956577 3 1504
1767525956574 1767525956577 3 1504
1767525956575 1767525956577 2 1504
1767525956575 1767525956577 2 1504
1767525956577 1767525956580 3 1504
1767525956577 1767525956580 3 1504
1767525956578 1767525956580 2 1504
1767525956578 1767525956580 2 1504
1767525956581 1767525956585 4 1504
1767525956581 1767525956585 4 1504
1767525956581 1767525956585 4 1504
1767525956581 1767525956585 4 1504
1767525956583 1767525956585 2 1504
1767525956583 1767525956585 2 1504
1767525956584 1767525956585 1 1504
1767525956584 1767525956585 1 1504
1767525956586 1767525956588 2 1504
1767525956586 1767525956588 2 1504
1767525956588 1767525956593 5 1504
1767525956588 1767525956593 5 1504
1767525956589 1767525956593 4 1504
1767525956589 1767525956593 4 1504
1767525956590 1767525956593 3 1504
1767525956590 1767525956593 3 1504
1767525956592 1767525956593 1 1504
1767525956592 1767525956593 1 1504
1767525956593 1767525956597 4 1504
1767525956593 1767525956597 4 1504
1767525956601 1767525956605 4 1504
1767525956601 1767525956605 4 1504
1767525956601 1767525956605 4 1504
1767525956601 1767525956605 4 1504
1767525956603 1767525956605 2 1504
1767525956605 1767525956609 4 1504
1767525956605 1767525956609 4 1504
1767525956605 1767525956609 4 1504
1767525956606 1767525956609 3 1504
1767525956606 1767525956609 3 1504
1767525956609 1767525956617 8 1504
1767525956609 1767525956617 8 1504
1767525956610 1767525956617 7 1504
1767525956610 1767525956617 7 1504
1767525956611 1767525956617 6 1504
1767525956611 1767525956617 6 1504
1767525956615 1767525956617 2 1504
1767525956617 1767525956621 4 1504
1767525956617 1767525956621 4 1504
1767525956617 1767525956621 4 1504
1767525956618 1767525956621 3 1504
1767525956621 1767525956625 4 1504
1767525956621 1767525956625 4 1504
1767525956629 1767525956634 5 1504
1767525956629 1767525956634 5 1504
1767525956630 1767525956634 4 1504
1767525956630 1767525956634 4 1504
1767525956630 1767525956634 4 1504
1767525956634 1767525956637 3 1504
1767525956634 1767525956637 3 1504
1767525956634 1767525956637 3 1504
1767525956634 1767525956637 3 1504
1767525956635 1767525956637 2 1504
1767525956641 1767525956645 4 1504
1767525956641 1767525956645 4 1504
1767525956645 1767525956649 4 1504
1767525956645 1767525956649 4 1504
1767525956649 1767525956653 4 1504
1767525956649 1767525956653 4 1504
1767525956653 1767525956657 4 1504
1767525956653 1767525956657 4 1504
1767525956659 1767525956661 2 1504
1767525956661 1767525956665 4 1504
1767525956661 1767525956665 4 1504
1767525956665 1767525956669 4 1504
1767525956665 1767525956669 4 1504
1767525956666 1767525956669 3 1504
1767525956666 1767525956669 3 1504
1767525956668 1767525956669 1 1504
1767525956673 1767525956677 4 1504
1767525956673 1767525956677 4 1504
1767525956674 1767525956677 3 1504
1767525956674 1767525956677 3 1504
1767525956678 1767525956681 3 1504
1767525956678 1767525956681 3 1504
1767525956681 1767525956684 3 1504
1767525956681 1767525956684 3 1504
1767525956684 1767525956689 5 1504
1767525956689 1767525956692 3 1504
1767525956689 1767525956692 3 1504
1767525956692 1767525956697 5 1504
1767525956692 1767525956697 5 1504
1767525956694 1767525956697 3 1504
1767525956694 1767525956697 3 1504
1767525956701 1767525956705 4 1504
1767525956701 1767525956705 4 1504
1767525956702 1767525956705 3 1504
1767525956702 1767525956705 3 1504
1767525956708 1767525956713 5 1504
1767525956708 1767525956713 5 1504
1767525956713 1767525956716 3 1504
1767525956713 1767525956716 3 1504
1767525956716 1767525956722 6 1504
1767525956716 1767525956723 7 1504
1767525956717 1767525956723 6 1504
1767525956717 1767525956723 6 1504
1767525956722 1767525956724 2 1504
1767525956722 1767525956724 2 1504
1767525956724 1767525956725 1 1504
1767525956724 1767525956725 1 1504
1767525956731 1767525956733 2 1504
1767525956731 1767525956733 2 1504
1767525956732 1767525956733 1 1504
1767525956733 1767525956737 4 1504
1767525956740 1767525956745 5 1504
1767525956740 1767525956745 5 1504
1767525956745 1767525956749 4 1504
1767525956745 1767525956749 4 1504
1767525956749 1767525956753 4 1504
1767525956749 1767525956753 4 1504
1767525956751 1767525956753 2 1504
1767525956751 1767525956753 2 1504
1767525956754 1767525956757 3 1504
1767525956754 1767525956757 3 1504
1767525956757 1767525956761 4 1504
1767525956757 1767525956761 4 1504
1767525956760 1767525956761 1 1504
1767525956760 1767525956761 1 1504
1767525956763 1767525956765 2 1504
1767525956763 1767525956765 2 1504
1767525956769 1767525956773 4 1504
1767525956769 1767525956773 4 1504
1767525956773 1767525956777 4 1504
1767525956773 1767525956777 4 1504
1767525956777 1767525956781 4 1504
1767525956777 1767525956781 4 1504
1767525956778 1767525956781 3 1504
1767525956778 1767525956781 3 1504
1767525956781 1767525956785 4 1504
1767525956781 1767525956785 4 1504
1767525956785 1767525956789 4 1504
1767525956785 1767525956789 4 1504
1767525956787 1767525956789 2 1504
1767525956787 1767525956789 2 1504
1767525956789 1767525956793 4 1504
1767525956789 1767525956793 4 1504
1767525956797 1767525956801 4 1504
1767525956797 1767525956801 4 1504
1767525956801 1767525956805 4 1504
1767525956801 1767525956805 4 1504
1767525956805 1767525956810 5 1504
1767525956805 1767525956810 5 1504
1767525956806 1767525956810 4 1504
1767525956806 1767525956810 4 1504
1767525956810 1767525956813 3 1504
1767525956810 1767525956813 3 1504
1767525956813 1767525956817 4 1504
1767525956813 1767525956817 4 1504
1767525956815 1767525956817 2 1504
1767525956815 1767525956817 2 1504
1767525956821 1767525956825 4 1504
1767525956821 1767525956825 4 1504
1767525956823 1767525956825 2 1504
1767525956823 1767525956825 2 1504
1767525956825 1767525956829 4 1504
1767525956825 1767525956829 4 1504
1767525956829 1767525956833 4 1504
1767525956829 1767525956833 4 1504
1767525956833 1767525956836 3 1504
1767525956834 1767525956836 2 1504
1767525956834 1767525956836 2 1504
1767525956836 1767525956841 5 1504
1767525956836 1767525956841 5 1504
1767525956841 1767525956844 3 1504
1767525956841 1767525956844 3 1504
1767525956842 1767525956844 2 1504
1767525956842 1767525956844 2 1504
1767525956849 1767525956852 3 1504
1767525956849 1767525956852 3 1504
1767525956851 1767525956852 1 1504
1767525956851 1767525956852 1 1504
1767525956853 1767525956857 4 1504
1767525956853 1767525956857 4 1504
1767525956857 1767525956860 3 1504
1767525956857 1767525956860 3 1504
1767525956860 1767525956862 2 1504
1767525956860 1767525956862 2 1504
1767525956862 1767525956865 3 1504
1767525956862 1767525956865 3 1504
1767525956865 1767525956868 3 1504
1767525956865 1767525956868 3 1504
1767525956868 1767525956874 6 1504
1767525956868 1767525956874 6 1504
1767525956869 1767525956874 5 1504
1767525956869 1767525956874 5 1504
1767525956876 1767525956881 5 1504
1767525956876 1767525956881 5 1504
1767525956877 1767525956881 4 1504
1767525956877 1767525956881 4 1504
1767525956881 1767525956884 3 1504
1767525956881 1767525956884 3 1504
1767525956884 1767525956889 5 1504
1767525956884 1767525956889 5 1504
1767525956889 1767525956893 4 1504
1767525956889 1767525956893 4 1504
1767525956893 1767525956897 4 1504
1767525956893 1767525956897 4 1504
1767525956894 1767525956897 3 1504
1767525956894 1767525956897 3 1504
1767525956901 1767525956905 4 1504
1767525956901 1767525956905 4 1504
1767525956903 1767525956905 2 1504
1767525956903 1767525956905 2 1504
1767525956905 1767525956909 4 1504
1767525956905 1767525956909 4 1504
1767525956908 1767525956909 1 1504
1767525956908 1767525956909 1 1504
1767525956910 1767525956913 3 1504
1767525956910 1767525956913 3 1504
1767525956913 1767525956917 4 1504
1767525956913 1767525956917 4 1504
1767525956915 1767525956917 2 1504
1767525956917 1767525956921 4 1504
1767525956917 1767525956921 4 1504
1767525956921 1767525956925 4 1504
1767525956921 1767525956925 4 1504
1767525956922 1767525956925 3 1504
1767525956922 1767525956925 3 1504
1767525956929 1767525956933 4 1504
1767525956929 1767525956933 4 1504
1767525956930 1767525956933 3 1504
1767525956930 1767525956933 3 1504
1767525956933 1767525956937 4 1504
1767525956933 1767525956937 4 1504
1767525956935 1767525956937 2 1504
1767525956935 1767525956937 2 1504
1767525956937 1767525956941 4 1504
1767525956937 1767525956941 4 1504
1767525956942 1767525956945 3 1504
1767525956942 1767525956945 3 1504
1767525956943 1767525956945 2 1504
1767525956943 1767525956945 2 1504
1767525956945 1767525956949 4 1504
1767525956945 1767525956949 4 1504
1767525956947 1767525956949 2 1504
1767525956947 1767525956949 2 1504
1767525956949 1767525956952 3 1504
1767525956949 1767525956953 4 1504
1767525956957 1767525956960 3 1504
1767525956957 1767525956960 3 1504
1767525956958 1767525956960 2 1504
1767525956958 1767525956960 2 1504
1767525956960 1767525956965 5 1504
1767525956960 1767525956965 5 1504
1767525956962 1767525956965 3 1504
1767525956962 1767525956965 3 1504
1767525956965 1767525956969 4 1504
1767525956965 1767525956969 4 1504
1767525956969 1767525956973 4 1504
1767525956969 1767525956973 4 1504
1767525956970 1767525956973 3 1504
1767525956970 1767525956973 3 1504
1767525956972 1767525956973 1 1504
1767525956972 1767525956973 1 1504
1767525956974 1767525956977 3 1504
1767525956974 1767525956977 3 1504
1767525956976 1767525956977 1 1504
1767525956981 1767525956985 4 1504
1767525956981 1767525956985 4 1504
1767525956982 1767525956985 3 1504
1767525956982 1767525956985 3 1504
1767525956988 1767525956993 5 1504
1767525956988 1767525956993 5 1504
1767525956989 1767525956993 4 1504
1767525956989 1767525956993 4 1504
1767525956994 1767525956996 2 1504
1767525956994 1767525956996 2 1504
1767525956995 1767525956996 1 1504
1767525956995 1767525956996 1 1504
1767525956997 1767525957001 4 1504
1767525956997 1767525957001 4 1504
1767525956999 1767525957001 2 1504
1767525956999 1767525957001 2 1504
1767525957001 1767525957004 3 1504
1767525957001 1767525957004 3 1504
1767525957003 1767525957004 1 1504
1767525957003 1767525957004 1 1504
1767525957010 1767525957012 2 1504
1767525957010 1767525957012 2 1504
1767525957011 1767525957012 1 1504
1767525957011 1767525957012 1 1504
1767525957017 1767525957020 3 1504
1767525957017 1767525957021 4 1504
1767525957018 1767525957021 3 1504
1767525957018 1767525957021 3 1504
1767525957021 1767525957025 4 1504
1767525957021 1767525957025 4 1504
1767525957023 1767525957025 2 1504
1767525957023 1767525957025 2 1504
1767525957025 1767525957028 3 1504
1767525957025 1767525957028 3 1504
1767525957027 1767525957028 1 1504
1767525957027 1767525957028 1 1504
1767525957029 1767525957033 4 1504
1767525957029 1767525957033 4 1504
1767525957031 1767525957033 2 1504
1767525957031 1767525957033 2 1504
1767525957037 1767525957041 4 1504
1767525957037 1767525957041 4 1504
1767525957038 1767525957041 3 1504
1767525957038 1767525957041 3 1504
1767525957040 1767525957041 1 1504
1767525957045 1767525957049 4 1504
1767525957045 1767525957049 4 1504
1767525957046 1767525957049 3 1504
1767525957046 1767525957049 3 1504
1767525957053 1767525957057 4 1504
1767525957053 1767525957057 4 1504
1767525957054 1767525957057 3 1504
1767525957054 1767525957057 3 1504
1767525957056 1767525957057 1 1504
1767525957056 1767525957057 1 1504
1767525957058 1767525957061 3 1504
1767525957058 1767525957061 3 1504
1767525957060 1767525957061 1 1504
1767525957060 1767525957061 1 1504
1767525957062 1767525957065 3 1504
1767525957062 1767525957065 3 1504
1767525957065 1767525957069 4 1504
1767525957065 1767525957069 4 1504
1767525957067 1767525957069 2 1504
1767525957067 1767525957069 2 1504
1767525957069 1767525957073 4 1504
1767525957069 1767525957073 4 1504
1767525957073 1767525957078 5 1504
1767525957073 1767525957078 5 1504
1767525957074 1767525957078 4 1504
1767525957074 1767525957078 4 1504
1767525957081 1767525957085 4 1504
1767525957081 1767525957085 4 1504
1767525957082 1767525957085 3 1504
1767525957082 1767525957085 3 1504
1767525957084 1767525957085 1 1504
1767525957084 1767525957085 1 1504
1767525957086 1767525957089 3 1504
1767525957086 1767525957089 3 1504
1767525957088 1767525957089 1 1504
1767525957088 1767525957089 1 1504
1767525957090 1767525957093 3 1504
1767525957090 1767525957093 3 1504
1767525957093 1767525957097 4 1504
1767525957093 1767525957097 4 1504
1767525957094 1767525957097 3 1504
1767525957094 1767525957097 3 1504
1767525957096 1767525957097 1 1504
1767525957096 1767525957097 1 1504
1767525957098 1767525957101 3 1504
1767525957102 1767525957105 3 1504
1767525957102 1767525957105 3 1504
1767525957103 1767525957105 2 1504
1767525957103 1767525957105 2 1504
1767525957109 1767525957113 4 1504
1767525957109 1767525957113 4 1504
1767525957110 1767525957113 3 1504
1767525957110 1767525957113 3 1504
1767525957112 1767525957113 1 1504
1767525957112 1767525957113 1 1504
1767525957114 1767525957117 3 1504
1767525957114 1767525957117 3 1504
1767525957116 1767525957117 1 1504
1767525957116 1767525957117 1 1504
1767525957118 1767525957121 3 1504
1767525957118 1767525957121 3 1504
1767525957119 1767525957121 2 1504
1767525957119 1767525957121 2 1504
1767525957121 1767525957125 4 1504
1767525957121 1767525957125 4 1504
1767525957123 1767525957125 2 1504
1767525957123 1767525957125 2 1504
1767525957125 1767525957129 4 1504
1767525957125 1767525957129 4 1504
1767525957127 1767525957129 2 1504
1767525957127 1767525957129 2 1504
1767525957133 1767525957137 4 1504
1767525957133 1767525957137 4 1504
1767525957134 1767525957137 3 1504
1767525957134 1767525957137 3 1504
1767525957138 1767525957140 2 1504
1767525957138 1767525957140 2 1504
1767525957139 1767525957140 1 1504
1767525957139 1767525957140 1 1504
1767525957140 1767525957145 5 1504
1767525957140 1767525957145 5 1504
1767525957145 1767525957148 3 1504
1767525957145 1767525957148 3 1504
1767525957146 1767525957148 2 1504
1767525957146 1767525957148 2 1504
1767525957148 1767525957153 5 1504
1767525957148 1767525957153 5 1504
1767525957150 1767525957153 3 1504
1767525957150 1767525957153 3 1504
1767525957152 1767525957153 1 1504
1767525957153 1767525957157 4 1504
1767525957153 1767525957157 4 1504
1767525957154 1767525957157 3 1504
1767525957154 1767525957157 3 1504
1767525957157 1767525957161 4 1504
1767525957157 1767525957161 4 1504
1767525957158 1767525957161 3 1504
1767525957158 1767525957161 3 1504
1767525957161 1767525957165 4 1504
1767525957161 1767525957165 4 1504
1767525957162 1767525957165 3 1504
1767525957162 1767525957165 3 1504
1767525957171 1767525957173 2 1504
1767525957171 1767525957173 2 1504
1767525957172 1767525957173 1 1504
1767525957172 1767525957173 1 1504
1767525957174 1767525957179 5 1504
1767525957174 1767525957179 5 1504
1767525957179 1767525957181 2 1504
1767525957179 1767525957181 2 1504
1767525957180 1767525957181 1 1504
1767525957180 1767525957181 1 1504
1767525957182 1767525957187 5 1504
1767525957182 1767525957187 5 1504
1767525957184 1767525957187 3 1504
1767525957184 1767525957187 3 1504
1767525957186 1767525957187 1 1504
1767525957186 1767525957187 1 1504
1767525957188 1767525957189 1 1504
1767525957188 1767525957189 1 1504
1767525957190 1767525957193 3 1504
1767525957190 1767525957193 3 1504
1767525957193 1767525957196 3 1504
1767525957193 1767525957196 3 1504
1767525957194 1767525957196 2 1504
1767525957194 1767525957196 2 1504
1767525957201 1767525957205 4 1504
1767525957201 1767525957205 4 1504
1767525957202 1767525957205 3 1504
1767525957202 1767525957205 3 1504
1767525957205 1767525957209 4 1504
1767525957205 1767525957209 4 1504
1767525957209 1767525957213 4 1504
1767525957209 1767525957213 4 1504
1767525957210 1767525957213 3 1504
1767525957211 1767525957213 2 1504
1767525957211 1767525957213 2 1504
1767525957213 1767525957218 5 1504
1767525957213 1767525957218 5 1504
1767525957215 1767525957218 3 1504
1767525957215 1767525957218 3 1504
1767525957216 1767525957218 2 1504
1767525957216 1767525957218 2 1504
1767525957218 1767525957221 3 1504
1767525957218 1767525957221 3 1504
1767525957220 1767525957221 1 1504
1767525957220 1767525957221 1 1504
1767525957222 1767525957225 3 1504
1767525957222 1767525957225 3 1504
1767525957224 1767525957225 1 1504
1767525957224 1767525957225 1 1504
1767525957229 1767525957232 3 1504
1767525957229 1767525957232 3 1504
1767525957230 1767525957232 2 1504
1767525957230 1767525957232 2 1504
1767525957232 1767525957237 5 1504
1767525957232 1767525957237 5 1504
1767525957237 1767525957240 3 1504
1767525957237 1767525957240 3 1504
1767525957238 1767525957240 2 1504
1767525957238 1767525957240 2 1504
1767525957240 1767525957245 5 1504
1767525957240 1767525957245 5 1504
1767525957242 1767525957245 3 1504
1767525957242 1767525957245 3 1504
1767525957243 1767525957246 3 1504
1767525957243 1767525957246 3 1504
1767525957245 1767525957248 3 1504
1767525957245 1767525957248 3 1504
1767525957247 1767525957248 1 1504
1767525957247 1767525957248 1 1504
1767525957249 1767525957253 4 1504
1767525957249 1767525957253 4 1504
1767525957251 1767525957253 2 1504
1767525957251 1767525957253 2 1504
1767525957261 1767525957264 3 1504
1767525957261 1767525957264 3 1504
1767525957262 1767525957264 2 1504
1767525957262 1767525957264 2 1504
1767525957264 1767525957269 5 1504
1767525957265 1767525957269 4 1504
1767525957265 1767525957269 4 1504
1767525957266 1767525957269 3 1504
1767525957266 1767525957269 3 1504
1767525957269 1767525957273 4 1504
1767525957269 1767525957273 4 1504
1767525957273 1767525957277 4 1504
1767525957273 1767525957277 4 1504
1767525957274 1767525957277 3 1504
1767525957274 1767525957277 3 1504
1767525957276 1767525957277 1 1504
1767525957276 1767525957277 1 1504
1767525957278 1767525957281 3 1504
1767525957278 1767525957281 3 1504
1767525957280 1767525957281 1 1504
1767525957280 1767525957281 1 1504
1767525957282 1767525957286 4 1504
1767525957282 1767525957286 4 1504
1767525957283 1767525957286 3 1504
1767525957283 1767525957286 3 1504
1767525957289 1767525957293 4 1504
1767525957289 1767525957293 4 1504
1767525957290 1767525957293 3 1504
1767525957290 1767525957293 3 1504
1767525957293 1767525957297 4 1504
1767525957293 1767525957297 4 1504
1767525957294 1767525957297 3 1504
1767525957294 1767525957297 3 1504
1767525957296 1767525957297 1 1504
1767525957296 1767525957297 1 1504
1767525957298 1767525957301 3 1504
1767525957298 1767525957301 3 1504
1767525957301 1767525957305 4 1504
1767525957301 1767525957305 4 1504
1767525957301 1767525957305 4 1504
1767525957303 1767525957305 2 1504
1767525957303 1767525957305 2 1504
1767525957305 1767525957309 4 1504
1767525957305 1767525957309 4 1504
1767525957306 1767525957309 3 1504
1767525957306 1767525957309 3 1504
1767525957308 1767525957309 1 1504
1767525957308 1767525957309 1 1504
1767525957310 1767525957313 3 1504
1767525957310 1767525957313 3 1504
1767525957312 1767525957313 1 1504
1767525957312 1767525957313 1 1504
1767525957313 1767525957317 4 1504
1767525957313 1767525957317 4 1504
1767525957315 1767525957317 2 1504
1767525957315 1767525957317 2 1504
1767525957317 1767525957321 4 1504
1767525957317 1767525957321 4 1504
1767525957318 1767525957321 3 1504
1767525957318 1767525957321 3 1504
1767525957320 1767525957321 1 1504
1767525957320 1767525957321 1 1504
1767525957322 1767525957325 3 1504
1767525957322 1767525957325 3 1504
1767525957325 1767525957329 4 1504
1767525957325 1767525957329 4 1504
1767525957326 1767525957329 3 1504
1767525957326 1767525957329 3 1504
1767525957329 1767525957333 4 1504
1767525957329 1767525957333 4 1504
1767525957330 1767525957333 3 1504
1767525957330 1767525957333 3 1504
1767525957331 1767525957333 2 1504
1767525957331 1767525957333 2 1504
1767525957333 1767525957338 5 1504
1767525957333 1767525957338 5 1504
1767525957334 1767525957338 4 1504
1767525957334 1767525957338 4 1504
1767525957338 1767525957341 3 1504
1767525957338 1767525957341 3 1504
1767525957338 1767525957342 4 1504
1767525957338 1767525957342 4 1504
1767525957345 1767525957346 1 1504
1767525957345 1767525957346 1 1504
1767525957346 1767525957349 3 1504
1767525957346 1767525957349 3 1504
1767525957348 1767525957349 1 1504
1767525957348 1767525957349 1 1504
1767525957349 1767525957352 3 1504
1767525957349 1767525957352 3 1504
1767525957352 1767525957357 5 1504
1767525957352 1767525957357 5 1504
1767525957353 1767525957357 4 1504
1767525957353 1767525957357 4 1504
1767525957355 1767525957357 2 1504
1767525957357 1767525957361 4 1504
1767525957357 1767525957361 4 1504
1767525957358 1767525957361 3 1504
1767525957358 1767525957361 3 1504
1767525957360 1767525957361 1 1504
1767525957360 1767525957361 1 1504
1767525957361 1767525957365 4 1504
1767525957361 1767525957365 4 1504
1767525957363 1767525957365 2 1504
1767525957363 1767525957365 2 1504
1767525957365 1767525957369 4 1504
1767525957365 1767525957369 4 1504
1767525957366 1767525957369 3 1504
1767525957366 1767525957369 3 1504
1767525957369 1767525957373 4 1504
1767525957369 1767525957373 4 1504
1767525957373 1767525957376 3 1504
1767525957373 1767525957376 3 1504
1767525957374 1767525957376 2 1504
1767525957374 1767525957376 2 1504
1767525957376 1767525957381 5 1504
1767525957376 1767525957381 5 1504
1767525957381 1767525957384 3 1504
1767525957381 1767525957384 3 1504
1767525957382 1767525957389 7 1504
1767525957382 1767525957389 7 1504
1767525957384 1767525957389 5 1504
1767525957384 1767525957389 5 1504
1767525957389 1767525957392 3 1504
1767525957389 1767525957392 3 1504
1767525957390 1767525957392 2 1504
1767525957390 1767525957392 2 1504
1767525957391 1767525957392 1 1504
1767525957391 1767525957392 1 1504
1767525957393 1767525957397 4 1504
1767525957393 1767525957397 4 1504
1767525957395 1767525957397 2 1504
1767525957397 1767525957400 3 1504
1767525957397 1767525957400 3 1504
1767525957397 1767525957400 3 1504
1767525957400 1767525957405 5 1504
1767525957400 1767525957405 5 1504
1767525957400 1767525957405 5 1504
1767525957401 1767525957405 4 1504
1767525957405 1767525957408 3 1504
1767525957408 1767525957413 5 1504
1767525957408 1767525957413 5 1504
1767525957416 1767525957421 5 1504
1767525957416 1767525957421 5 1504
1767525957417 1767525957421 4 1504
1767525957417 1767525957421 4 1504
1767525957418 1767525957421 3 1504
1767525957418 1767525957421 3 1504
1767525957422 1767525957425 3 1504
1767525957425 1767525957429 4 1504
1767525957425 1767525957429 4 1504
1767525957426 1767525957429 3 1504
1767525957429 1767525957433 4 1504
1767525957429 1767525957433 4 1504
1767525957430 1767525957433 3 1504
1767525957430 1767525957433 3 1504
1767525957433 1767525957437 4 1504
1767525957436 1767525957438 2 1504
1767525957436 1767525957438 2 1504
1767525957438 1767525957441 3 1504
1767525957438 1767525957441 3 1504
1767525957445 1767525957449 4 1504
1767525957445 1767525957449 4 1504
1767525957446 1767525957449 3 1504
1767525957446 1767525957449 3 1504
1767525957447 1767525957449 2 1504
1767525957447 1767525957449 2 1504
1767525957449 1767525957453 4 1504
1767525957453 1767525957457 4 1504
1767525957453 1767525957457 4 1504
1767525957454 1767525957457 3 1504
1767525957458 1767525957461 3 1504
1767525957458 1767525957461 3 1504
1767525957458 1767525957461 3 1504
1767525957458 1767525957461 3 1504
1767525957465 1767525957469 4 1504
1767525957465 1767525957469 4 1504
1767525957469 1767525957473 4 1504
1767525957469 1767525957473 4 1504
1767525957473 1767525957477 4 1504
1767525957473 1767525957477 4 1504
1767525957474 1767525957477 3 1504
1767525957474 1767525957477 3 1504
1767525957477 1767525957481 4 1504
1767525957477 1767525957481 4 1504
1767525957481 1767525957485 4 1504
1767525957481 1767525957485 4 1504
1767525957483 1767525957485 2 1504
1767525957484 1767525957485 1 1504
1767525957484 1767525957485 1 1504
1767525957486 1767525957489 3 1504
1767525957486 1767525957489 3 1504
1767525957489 1767525957492 3 1504
1767525957489 1767525957492 3 1504
1767525957497 1767525957501 4 1504
1767525957497 1767525957501 4 1504
1767525957501 1767525957505 4 1504
1767525957501 1767525957505 4 1504
1767525957505 1767525957510 5 1504
1767525957505 1767525957510 5 1504
1767525957506 1767525957510 4 1504
1767525957506 1767525957510 4 1504
1767525957508 1767525957510 2 1504
1767525957508 1767525957510 2 1504
1767525957511 1767525957513 2 1504
1767525957511 1767525957513 2 1504
1767525957513 1767525957517 4 1504
1767525957513 1767525957517 4 1504
1767525957516 1767525957517 1 1504
1767525957516 1767525957517 1 1504
1767525957518 1767525957520 2 1504
1767525957518 1767525957520 2 1504
1767525957521 1767525957525 4 1504
1767525957521 1767525957525 4 1504
1767525957525 1767525957528 3 1504
1767525957525 1767525957528 3 1504
1767525957528 1767525957533 5 1504
1767525957528 1767525957533 5 1504
1767525957533 1767525957536 3 1504
1767525957533 1767525957536 3 1504
1767525957534 1767525957537 3 1504
1767525957534 1767525957537 3 1504
1767525957537 1767525957541 4 1504
1767525957537 1767525957541 4 1504
1767525957539 1767525957541 2 1504
1767525957539 1767525957541 2 1504
1767525957541 1767525957544 3 1504
1767525957541 1767525957545 4 1504
1767525957544 1767525957545 1 1504
1767525957544 1767525957545 1 1504
1767525957546 1767525957549 3 1504
1767525957546 1767525957549 3 1504
1767525957553 1767525957557 4 1504
1767525957554 1767525957557 3 1504
1767525957554 1767525957557 3 1504
1767525957557 1767525957561 4 1504
1767525957557 1767525957561 4 1504
1767525957561 1767525957567 6 1504
1767525957561 1767525957567 6 1504
1767525957562 1767525957567 5 1504
1767525957562 1767525957567 5 1504
1767525957567 1767525957569 2 1504
1767525957567 1767525957569 2 1504
1767525957568 1767525957569 1 1504
1767525957568 1767525957569 1 1504
1767525957571 1767525957573 2 1504
1767525957571 1767525957573 2 1504
1767525957573 1767525957576 3 1504
1767525957573 1767525957576 3 1504
1767525957575 1767525957576 1 1504
1767525957575 1767525957576 1 1504
1767525957578 1767525957581 3 1504
1767525957578 1767525957581 3 1504
1767525957585 1767525957589 4 1504
1767525957585 1767525957589 4 1504
1767525957586 1767525957589 3 1504
1767525957586 1767525957589 3 1504
1767525957593 1767525957597 4 1504
1767525957593 1767525957597 4 1504
1767525957594 1767525957597 3 1504
1767525957594 1767525957597 3 1504
1767525957597 1767525957601 4 1504
1767525957597 1767525957601 4 1504
1767525957599 1767525957601 2 1504
1767525957599 1767525957601 2 1504
1767525957601 1767525957604 3 1504
1767525957601 1767525957604 3 1504
1767525957603 1767525957604 1 1504
1767525957603 1767525957604 1 1504
1767525957605 1767525957609 4 1504
1767525957605 1767525957609 4 1504
1767525957608 1767525957609 1 1504
1767525957608 1767525957609 1 1504
1767525957612 1767525957617 5 1504
1767525957612 1767525957617 5 1504
1767525957613 1767525957617 4 1504
1767525957613 1767525957617 4 1504
1767525957615 1767525957617 2 1504
1767525957625 1767525957629 4 1504
1767525957625 1767525957629 4 1504
1767525957626 1767525957629 3 1504
1767525957626 1767525957629 3 1504
1767525957629 1767525957633 4 1504
1767525957629 1767525957633 4 1504
1767525957631 1767525957633 2 1504
1767525957631 1767525957633 2 1504
1767525957633 1767525957637 4 1504
1767525957633 1767525957637 4 1504
1767525957636 1767525957637 1 1504
1767525957636 1767525957637 1 1504
1767525957638 1767525957641 3 1504
1767525957638 1767525957641 3 1504
1767525957640 1767525957641 1 1504
1767525957640 1767525957641 1 1504
1767525957642 1767525957645 3 1504
1767525957642 1767525957645 3 1504
1767525957645 1767525957649 4 1504
1767525957645 1767525957649 4 1504
1767525957653 1767525957657 4 1504
1767525957654 1767525957657 3 1504
1767525957654 1767525957657 3 1504
1767525957665 1767525957669 4 1504
1767525957665 1767525957669 4 1504
1767525957666 1767525957669 3 1504
1767525957666 1767525957669 3 1504
1767525957668 1767525957669 1 1504
1767525957668 1767525957669 1 1504
1767525957670 1767525957672 2 1504
1767525957670 1767525957672 2 1504
1767525957671 1767525957672 1 1504
1767525957671 1767525957672 1 1504
1767525957672 1767525957678 6 1504
1767525957672 1767525957678 6 1504
1767525957680 1767525957681 1 1504
1767525957681 1767525957685 4 1504
1767525957681 1767525957685 4 1504
1767525957693 1767525957697 4 1504
1767525957693 1767525957697 4 1504
1767525957694 1767525957697 3 1504
1767525957694 1767525957698 4 1504
1767525957698 1767525957701 3 1504
1767525957698 1767525957701 3 1504
1767525957701 1767525957705 4 1504
1767525957701 1767525957705 4 1504
1767525957704 1767525957705 1 1504
1767525957704 1767525957705 1 1504
1767525957707 1767525957709 2 1504
1767525957707 1767525957709 2 1504
1767525957710 1767525957713 3 1504
1767525957710 1767525957713 3 1504
1767525957713 1767525957717 4 1504
1767525957713 1767525957717 4 1504
1767525957725 1767525957728 3 1504
1767525957725 1767525957728 3 1504
1767525957727 1767525957728 1 1504
1767525957727 1767525957728 1 1504
1767525957730 1767525957733 3 1504
1767525957730 1767525957733 3 1504
1767525957733 1767525957737 4 1504
1767525957733 1767525957737 4 1504
1767525957736 1767525957737 1 1504
1767525957736 1767525957737 1 1504
1767525957739 1767525957741 2 1504
1767525957739 1767525957741 2 1504
1767525957742 1767525957749 7 1504
1767525957742 1767525957749 7 1504
1767525957745 1767525957749 4 1504
1767525957745 1767525957749 4 1504
1767525957753 1767525957757 4 1504
1767525957753 1767525957757 4 1504
1767525957754 1767525957757 3 1504
1767525957754 1767525957757 3 1504
1767525957757 1767525957761 4 1504
1767525957757 1767525957761 4 1504
1767525957761 1767525957765 4 1504
1767525957761 1767525957765 4 1504
1767525957763 1767525957765 2 1504
1767525957763 1767525957765 2 1504
1767525957766 1767525957769 3 1504
1767525957766 1767525957769 3 1504
1767525957773 1767525957777 4 1504
1767525957773 1767525957777 4 1504
1767525957774 1767525957777 3 1504
1767525957774 1767525957777 3 1504
1767525957781 1767525957782 1 1504
1767525957781 1767525957782 1 1504
1767525957782 1767525957785 3 1504
1767525957782 1767525957785 3 1504
1767525957785 1767525957789 4 1504
1767525957789 1767525957794 5 1504
1767525957789 1767525957794 5 1504
1767525957790 1767525957794 4 1504
1767525957790 1767525957794 4 1504
1767525957797 1767525957802 5 1504
1767525957797 1767525957802 5 1504
1767525957805 1767525957809 4 1504
1767525957805 1767525957809 4 1504
1767525957806 1767525957809 3 1504
1767525957806 1767525957809 3 1504
1767525957809 1767525957813 4 1504
1767525957809 1767525957814 5 1504
1767525957812 1767525957814 2 1504
1767525957812 1767525957814 2 1504
1767525957815 1767525957817 2 1504
1767525957815 1767525957817 2 1504
1767525957818 1767525957821 3 1504
1767525957818 1767525957821 3 1504
1767525957821 1767525957824 3 1504
1767525957821 1767525957824 3 1504
1767525957824 1767525957829 5 1504
1767525957824 1767525957829 5 1504
1767525957832 1767525957837 5 1504
1767525957832 1767525957837 5 1504
1767525957834 1767525957837 3 1504
1767525957834 1767525957837 3 1504
1767525957838 1767525957840 2 1504
1767525957838 1767525957840 2 1504
1767525957839 1767525957840 1 1504
1767525957839 1767525957840 1 1504
1767525957845 1767525957848 3 1504
1767525957845 1767525957848 3 1504
1767525957846 1767525957848 2 1504
1767525957846 1767525957848 2 1504
1767525957849 1767525957853 4 1504
1767525957849 1767525957853 4 1504
1767525957853 1767525957856 3 1504
1767525957853 1767525957856 3 1504
1767525957854 1767525957856 2 1504
1767525957854 1767525957856 2 1504
1767525957861 1767525957864 3 1504
1767525957861 1767525957864 3 1504
1767525957862 1767525957864 2 1504
1767525957862 1767525957864 2 1504
1767525957865 1767525957871 6 1504
1767525957866 1767525957871 5 1504
1767525957866 1767525957871 5 1504
1767525957871 1767525957873 2 1504
1767525957871 1767525957873 2 1504
1767525957872 1767525957873 1 1504
1767525957872 1767525957873 1 1504
1767525957877 1767525957880 3 1504
1767525957877 1767525957880 3 1504
1767525957881 1767525957885 4 1504
1767525957881 1767525957885 4 1504
1767525957882 1767525957889 7 1504
1767525957882 1767525957889 7 1504
1767525957889 1767525957893 4 1504
1767525957889 1767525957893 4 1504
1767525957891 1767525957893 2 1504
1767525957891 1767525957893 2 1504
1767525957897 1767525957901 4 1504
1767525957897 1767525957901 4 1504
1767525957898 1767525957901 3 1504
1767525957898 1767525957901 3 1504
1767525957901 1767525957905 4 1504
1767525957901 1767525957905 4 1504
1767525957904 1767525957905 1 1504
1767525957904 1767525957905 1 1504
1767525957906 1767525957908 2 1504
1767525957906 1767525957908 2 1504
1767525957909 1767525957913 4 1504
1767525957909 1767525957913 4 1504
1767525957913 1767525957917 4 1504
1767525957913 1767525957917 4 1504
1767525957914 1767525957917 3 1504
1767525957914 1767525957917 3 1504
1767525957917 1767525957921 4 1504
1767525957917 1767525957921 4 1504
1767525957921 1767525957925 4 1504
1767525957921 1767525957925 4 1504
1767525957922 1767525957925 3 1504
1767525957922 1767525957925 3 1504
1767525957929 1767525957933 4 1504
1767525957929 1767525957933 4 1504
1767525957930 1767525957933 3 1504
1767525957930 1767525957933 3 1504
1767525957933 1767525957937 4 1504
1767525957933 1767525957937 4 1504
1767525957935 1767525957937 2 1504
1767525957941 1767525957945 4 1504
1767525957945 1767525957949 4 1504
1767525957945 1767525957949 4 1504
1767525957947 1767525957949 2 1504
1767525957947 1767525957949 2 1504
1767525957949 1767525957953 4 1504
1767525957949 1767525957953 4 1504
1767525957953 1767525957957 4 1504
1767525957953 1767525957957 4 1504
1767525957954 1767525957957 3 1504
1767525957954 1767525957957 3 1504
1767525957957 1767525957961 4 1504
1767525957957 1767525957961 4 1504
1767525957960 1767525957961 1 1504
1767525957960 1767525957961 1 1504
1767525957962 1767525957965 3 1504
1767525957962 1767525957965 3 1504
1767525957965 1767525957969 4 1504
1767525957965 1767525957969 4 1504
1767525957973 1767525957977 4 1504
1767525957973 1767525957977 4 1504
1767525957974 1767525957977 3 1504
1767525957974 1767525957977 3 1504
1767525957977 1767525957981 4 1504
1767525957977 1767525957981 4 1504
1767525957979 1767525957981 2 1504
1767525957979 1767525957981 2 1504
1767525957982 1767525957984 2 1504
1767525957982 1767525957984 2 1504
1767525957984 1767525957989 5 1504
1767525957984 1767525957989 5 1504
1767525957986 1767525957989 3 1504
1767525957986 1767525957989 3 1504
1767525957989 1767525957992 3 1504
1767525957989 1767525957992 3 1504
1767525957991 1767525957992 1 1504
1767525957991 1767525957992 1 1504
1767525957993 1767525957997 4 1504
1767525957993 1767525957998 5 1504
1767525958000 1767525958001 1 1504
1767525958000 1767525958001 1 1504
1767525958001 1767525958005 4 1504
1767525958001 1767525958005 4 1504
1767525958006 1767525958008 2 1504
1767525958006 1767525958008 2 1504
1767525958007 1767525958008 1 1504
1767525958007 1767525958008 1 1504
1767525958010 1767525958013 3 1504
1767525958010 1767525958013 3 1504
1767525958017 1767525958021 4 1504
1767525958017 1767525958021 4 1504
1767525958018 1767525958021 3 1504
1767525958018 1767525958021 3 1504
1767525958021 1767525958025 4 1504
1767525958021 1767525958025 4 1504
1767525958023 1767525958025 2 1504
1767525958023 1767525958025 2 1504
1767525958026 1767525958029 3 1504
1767525958026 1767525958029 3 1504
1767525958029 1767525958033 4 1504
1767525958029 1767525958033 4 1504
1767525958033 1767525958037 4 1504
1767525958033 1767525958037 4 1504
1767525958035 1767525958037 2 1504
1767525958035 1767525958037 2 1504
1767525958037 1767525958041 4 1504
1767525958037 1767525958041 4 1504
1767525958041 1767525958045 4 1504
1767525958045 1767525958049 4 1504
1767525958045 1767525958049 4 1504
1767525958046 1767525958049 3 1504
1767525958046 1767525958049 3 1504
1767525958049 1767525958052 3 1504
1767525958049 1767525958053 4 1504
1767525958051 1767525958053 2 1504
1767525958051 1767525958053 2 1504
1767525958053 1767525958057 4 1504
1767525958053 1767525958057 4 1504
1767525958057 1767525958060 3 1504
1767525958057 1767525958061 4 1504
1767525958060 1767525958061 1 1504
1767525958060 1767525958061 1 1504
1767525958061 1767525958065 4 1504
1767525958061 1767525958065 4 1504
1767525958065 1767525958068 3 1504
1767525958065 1767525958069 4 1504
1767525958077 1767525958082 5 1504
1767525958077 1767525958082 5 1504
1767525958077 1767525958082 5 1504
1767525958077 1767525958082 5 1504
1767525958085 1767525958089 4 1504
1767525958086 1767525958089 3 1504
1767525958086 1767525958089 3 1504
1767525958089 1767525958093 4 1504
1767525958089 1767525958093 4 1504
1767525958090 1767525958093 3 1504
1767525958093 1767525958098 5 1504
1767525958093 1767525958098 5 1504
1767525958109 1767525958113 4 1504
1767525958109 1767525958114 5 1504
1767525958111 1767525958114 3 1504
1767525958111 1767525958114 3 1504
1767525958115 1767525958117 2 1504
1767525958115 1767525958117 2 1504
1767525958118 1767525958121 3 1504
1767525958118 1767525958121 3 1504
1767525958122 1767525958125 3 1504
1767525958122 1767525958125 3 1504
1767525958125 1767525958128 3 1504
1767525958125 1767525958128 3 1504
1767525958129 1767525958133 4 1504
1767525958129 1767525958133 4 1504
1767525958136 1767525958137 1 1504
1767525958136 1767525958137 1 1504
1767525958138 1767525958141 3 1504
1767525958138 1767525958141 3 1504
1767525958141 1767525958144 3 1504
1767525958141 1767525958144 3 1504
1767525958149 1767525958153 4 1504
1767525958149 1767525958153 4 1504
1767525958151 1767525958153 2 1504
1767525958151 1767525958153 2 1504
1767525958154 1767525958157 3 1504
1767525958154 1767525958157 3 1504
1767525958161 1767525958165 4 1504
1767525958161 1767525958165 4 1504
1767525958163 1767525958165 2 1504
1767525958163 1767525958165 2 1504
1767525958166 1767525958168 2 1504
1767525958166 1767525958168 2 1504
1767525958169 1767525958173 4 1504
1767525958169 1767525958173 4 1504
1767525958181 1767525958184 3 1504
1767525958181 1767525958184 3 1504
1767525958182 1767525958184 2 1504
1767525958182 1767525958184 2 1504
1767525958185 1767525958190 5 1504
1767525958185 1767525958190 5 1504
1767525958193 1767525958197 4 1504
1767525958193 1767525958197 4 1504
1767525958195 1767525958197 2 1504
1767525958195 1767525958197 2 1504
1767525958198 1767525958201 3 1504
1767525958198 1767525958201 3 1504
1767525958201 1767525958205 4 1504
1767525958201 1767525958205 4 1504
1767525958209 1767525958213 4 1504
1767525958209 1767525958213 4 1504
1767525958211 1767525958213 2 1504
1767525958211 1767525958213 2 1504
1767525958214 1767525958217 3 1504
1767525958214 1767525958217 3 1504
1767525958222 1767525958225 3 1504
1767525958222 1767525958225 3 1504
1767525958223 1767525958225 2 1504
1767525958223 1767525958225 2 1504
1767525958226 1767525958230 4 1504
1767525958226 1767525958230 4 1504
1767525958230 1767525958233 3 1504
1767525958230 1767525958233 3 1504
1767525958237 1767525958241 4 1504
1767525958237 1767525958241 4 1504
1767525958238 1767525958241 3 1504
1767525958238 1767525958241 3 1504
1767525958241 1767525958245 4 1504
1767525958241 1767525958245 4 1504
1767525958244 1767525958245 1 1504
1767525958244 1767525958245 1 1504
1767525958249 1767525958253 4 1504
1767525958249 1767525958253 4 1504
1767525958249 1767525958253 4 57
1767525958250 1767525958253 3 1504
1767525958250 1767525958253 3 1504
1767525958253 1767525958257 4 1504
1767525958253 1767525958257 4 1504
1767525958257 1767525958261 4 1504
1767525958257 1767525958261 4 1504
1767525958265 1767525958269 4 1504
1767525958265 1767525958269 4 1504
1767525958266 1767525958269 3 1504
1767525958266 1767525958269 3 1504
1767525958269 1767525958273 4 1504
1767525958271 1767525958273 2 1504
1767525958271 1767525958273 2 1504
1767525958273 1767525958277 4 44
1767525958273 1767525958277 4 44
1767525958273 1767525958277 4 56
1767525958273 1767525958277 4 60
1767525958341 1767525958345 4 346
1767525958409 1767525958413 4 56
